ISO-10303-21;
HEADER;
FILE_DESCRIPTION (( 'STEP AP214' ),
    '1' );
FILE_NAME ('¿×Î»°å_JXDZ26-KWB-001.STEP',
    '2026-07-10T07:56:07',
    ( '' ),
    ( '' ),
    'SwSTEP 2.0',
    'SolidWorks 2024',
    '' );
FILE_SCHEMA (( 'AUTOMOTIVE_DESIGN' ));
ENDSEC;

DATA;
#1 = ORIENTED_EDGE ( 'NONE', *, *, #485, .F. ) ;
#2 = EDGE_CURVE ( 'NONE', #1971, #7314, #2007, .T. ) ;
#3 = DIRECTION ( 'NONE',  ( 1.000000000000000000, 0.000000000000000000, 0.000000000000000000 ) ) ;
#4 = EDGE_LOOP ( 'NONE', ( #6317, #9101, #3994, #4052, #1518, #7836 ) ) ;
#5 = CARTESIAN_POINT ( 'NONE',  ( 14.75000000000000000, 90.00000000000000000, 4.499999999999936051 ) ) ;
#6 = EDGE_LOOP ( 'NONE', ( #7191, #8546, #5812, #6279 ) ) ;
#7 = EDGE_LOOP ( 'NONE', ( #847, #8678 ) ) ;
#8 = ORIENTED_EDGE ( 'NONE', *, *, #4868, .F. ) ;
#9 = LINE ( 'NONE', #6354, #5790 ) ;
#10 = ORIENTED_EDGE ( 'NONE', *, *, #6768, .T. ) ;
#11 = DIRECTION ( 'NONE',  ( 1.000000000000000000, 0.000000000000000000, 0.000000000000000000 ) ) ;
#12 = DIRECTION ( 'NONE',  ( -0.000000000000000000, 0.000000000000000000, 1.000000000000000000 ) ) ;
#13 = EDGE_CURVE ( 'NONE', #6339, #3813, #1542, .T. ) ;
#14 = DIRECTION ( 'NONE',  ( -0.4848210009917007235, 0.5147315776182824765, 0.7071067811865470176 ) ) ;
#15 = CARTESIAN_POINT ( 'NONE',  ( 9.036699037646624067E-15, -140.0000000000000000, 6.000000000000000000 ) ) ;
#16 = EDGE_LOOP ( 'NONE', ( #6647, #7868, #3515, #8205, #5832, #8298, #8452, #3436, #1447, #1870, #7133 ) ) ;
#17 = VECTOR ( 'NONE', #1828, 1000.000000000000000 ) ;
#18 = DIRECTION ( 'NONE',  ( -0.000000000000000000, -0.000000000000000000, -1.000000000000000000 ) ) ;
#19 = CARTESIAN_POINT ( 'NONE',  ( 3.081487911019577365E-30, 125.0000000000000568, 8.673617379884035472E-16 ) ) ;
#20 = FACE_OUTER_BOUND ( 'NONE', #6674, .T. ) ;
#21 = LINE ( 'NONE', #6422, #2130 ) ;
#22 = DIRECTION ( 'NONE',  ( -1.000000000000000000, 0.000000000000000000, 0.000000000000000000 ) ) ;
#23 = ORIENTED_EDGE ( 'NONE', *, *, #4332, .T. ) ;
#24 = DIRECTION ( 'NONE',  ( 1.000000000000000000, 0.000000000000000000, 0.000000000000000000 ) ) ;
#25 = DIRECTION ( 'NONE',  ( 1.000000000000000000, 0.000000000000000000, 0.000000000000000000 ) ) ;
#26 = EDGE_LOOP ( 'NONE', ( #4274, #6492, #1523, #99 ) ) ;
#27 = DIRECTION ( 'NONE',  ( 0.5206309727658552378, -0.4784802923808555430, -0.7071067811865547892 ) ) ;
#28 = DIRECTION ( 'NONE',  ( 1.000000000000000000, 0.000000000000000000, 0.000000000000000000 ) ) ;
#29 = ORIENTED_EDGE ( 'NONE', *, *, #8125, .T. ) ;
#30 = VECTOR ( 'NONE', #2429, 1000.000000000000000 ) ;
#31 = EDGE_LOOP ( 'NONE', ( #6025, #5370, #8877, #6244 ) ) ;
#32 = DIRECTION ( 'NONE',  ( 1.000000000000000000, 0.000000000000000000, 0.000000000000000000 ) ) ;
#33 = VECTOR ( 'NONE', #2779, 1000.000000000000000 ) ;
#34 = DIRECTION ( 'NONE',  ( -0.000000000000000000, -0.000000000000000000, -1.000000000000000000 ) ) ;
#35 = EDGE_CURVE ( 'NONE', #8700, #3000, #5237, .T. ) ;
#36 = DIRECTION ( 'NONE',  ( 1.000000000000000000, 0.000000000000000000, 0.000000000000000000 ) ) ;
#37 = ORIENTED_EDGE ( 'NONE', *, *, #6847, .T. ) ;
#38 = AXIS2_PLACEMENT_3D ( 'NONE', #7071, #8408, #6393 ) ;
#39 = ORIENTED_EDGE ( 'NONE', *, *, #6960, .T. ) ;
#40 = DIRECTION ( 'NONE',  ( -0.000000000000000000, -0.000000000000000000, -1.000000000000000000 ) ) ;
#41 = DIRECTION ( 'NONE',  ( 0.000000000000000000, -0.000000000000000000, -1.000000000000000000 ) ) ;
#42 = EDGE_CURVE ( 'NONE', #6641, #7771, #4402, .T. ) ;
#43 = ORIENTED_EDGE ( 'NONE', *, *, #5091, .T. ) ;
#44 = CIRCLE ( 'NONE', #2119, 35.25000000000002132 ) ;
#45 = CARTESIAN_POINT ( 'NONE',  ( -16.65821805624492669, -72.29722968529802074, 2.000000000000000000 ) ) ;
#46 = EDGE_CURVE ( 'NONE', #2843, #5367, #5684, .T. ) ;
#47 = DIRECTION ( 'NONE',  ( -0.000000000000000000, -0.000000000000000000, -1.000000000000000000 ) ) ;
#48 = ORIENTED_EDGE ( 'NONE', *, *, #1019, .T. ) ;
#49 = ORIENTED_EDGE ( 'NONE', *, *, #7059, .F. ) ;
#50 = VECTOR ( 'NONE', #1607, 1000.000000000000000 ) ;
#51 = ORIENTED_EDGE ( 'NONE', *, *, #4924, .T. ) ;
#52 = DIRECTION ( 'NONE',  ( 0.7071067811865451302, 0.000000000000000000, 0.7071067811865500152 ) ) ;
#53 = EDGE_CURVE ( 'NONE', #797, #4592, #2284, .T. ) ;
#54 = CIRCLE ( 'NONE', #7831, 32.75000000000002842 ) ;
#55 = LINE ( 'NONE', #9071, #8971 ) ;
#56 = AXIS2_PLACEMENT_3D ( 'NONE', #1140, #1788, #7327 ) ;
#57 = EDGE_CURVE ( 'NONE', #4684, #2277, #5904, .T. ) ;
#58 = VECTOR ( 'NONE', #3962, 1000.000000000000000 ) ;
#59 = AXIS2_PLACEMENT_3D ( 'NONE', #2564, #6012, #1876 ) ;
#60 = CYLINDRICAL_SURFACE ( 'NONE', #6804, 1.500000000000001332 ) ;
#61 = AXIS2_PLACEMENT_3D ( 'NONE', #1317, #6263, #636 ) ;
#62 = DIRECTION ( 'NONE',  ( 0.000000000000000000, -0.000000000000000000, -1.000000000000000000 ) ) ;
#63 = DIRECTION ( 'NONE',  ( -0.3185193702691067053, -0.6313045309225706614, 0.7071067811865510144 ) ) ;
#64 = CARTESIAN_POINT ( 'NONE',  ( -120.5605097497879399, 104.6904881830740379, 6.000000000000000000 ) ) ;
#65 = ORIENTED_EDGE ( 'NONE', *, *, #8908, .T. ) ;
#66 = DIRECTION ( 'NONE',  ( 1.000000000000000000, 0.000000000000000000, 0.000000000000000000 ) ) ;
#67 = DIRECTION ( 'NONE',  ( -0.000000000000000000, -0.000000000000000000, -1.000000000000000000 ) ) ;
#68 = CIRCLE ( 'NONE', #3277, 9.999999999999994671 ) ;
#69 = CARTESIAN_POINT ( 'NONE',  ( -149.9999999999999432, -90.00000000000002842, 2.000000000000000000 ) ) ;
#70 = DIRECTION ( 'NONE',  ( -0.000000000000000000, -0.000000000000000000, -1.000000000000000000 ) ) ;
#71 = LINE ( 'NONE', #839, #3292 ) ;
#72 = CIRCLE ( 'NONE', #6395, 32.75000000000001421 ) ;
#73 = ORIENTED_EDGE ( 'NONE', *, *, #2782, .T. ) ;
#74 = DIRECTION ( 'NONE',  ( 1.000000000000000000, 0.000000000000000000, 0.000000000000000000 ) ) ;
#75 = CARTESIAN_POINT ( 'NONE',  ( 50.00000000000007105, -89.99999999999995737, 2.000000000000000000 ) ) ;
#76 = ORIENTED_EDGE ( 'NONE', *, *, #2377, .F. ) ;
#77 = DIRECTION ( 'NONE',  ( -1.000000000000000000, 0.000000000000000000, 0.000000000000000000 ) ) ;
#78 = CARTESIAN_POINT ( 'NONE',  ( 73.30671901020801329, -26.69328098979219988, 4.499999999999922728 ) ) ;
#79 = AXIS2_PLACEMENT_3D ( 'NONE', #522, #1291, #3327 ) ;
#80 = ORIENTED_EDGE ( 'NONE', *, *, #5489, .F. ) ;
#81 = EDGE_CURVE ( 'NONE', #8051, #6339, #245, .T. ) ;
#82 = CIRCLE ( 'NONE', #5072, 10.00000000000000888 ) ;
#83 = EDGE_LOOP ( 'NONE', ( #2685, #5612 ) ) ;
#84 = CARTESIAN_POINT ( 'NONE',  ( 86.75000000000004263, 90.00000000000000000, 6.000000000000000000 ) ) ;
#85 = CIRCLE ( 'NONE', #5359, 11.49999999999996092 ) ;
#86 = FACE_OUTER_BOUND ( 'NONE', #8901, .T. ) ;
#87 = DIRECTION ( 'NONE',  ( 1.000000000000000000, 9.251858538542962756E-15, 0.000000000000000000 ) ) ;
#88 = ORIENTED_EDGE ( 'NONE', *, *, #135, .T. ) ;
#89 = ORIENTED_EDGE ( 'NONE', *, *, #5658, .T. ) ;
#90 = CIRCLE ( 'NONE', #4637, 32.75000000000001421 ) ;
#91 = CARTESIAN_POINT ( 'NONE',  ( 205.0000000000000000, -140.0000000000000000, 6.000000000000000000 ) ) ;
#92 = FACE_OUTER_BOUND ( 'NONE', #4930, .T. ) ;
#93 = ORIENTED_EDGE ( 'NONE', *, *, #4193, .T. ) ;
#94 = EDGE_CURVE ( 'NONE', #2808, #3837, #3917, .T. ) ;
#95 = VECTOR ( 'NONE', #6014, 1000.000000000000000 ) ;
#96 = EDGE_CURVE ( 'NONE', #1496, #8942, #2888, .T. ) ;
#97 = DIRECTION ( 'NONE',  ( 0.000000000000000000, 0.000000000000000000, 1.000000000000000000 ) ) ;
#98 = DIRECTION ( 'NONE',  ( 0.7071067811865588970, 0.000000000000000000, 0.7071067811865361374 ) ) ;
#99 = ORIENTED_EDGE ( 'NONE', *, *, #7473, .F. ) ;
#100 = VECTOR ( 'NONE', #1589, 1000.000000000000000 ) ;
#101 = ORIENTED_EDGE ( 'NONE', *, *, #825, .T. ) ;
#102 = DIRECTION ( 'NONE',  ( -0.000000000000000000, -0.000000000000000000, 1.000000000000000000 ) ) ;
#103 = VECTOR ( 'NONE', #5825, 1000.000000000000000 ) ;
#104 = FACE_BOUND ( 'NONE', #2419, .T. ) ;
#105 = EDGE_CURVE ( 'NONE', #8963, #2389, #1726, .T. ) ;
#106 = ADVANCED_FACE ( 'NONE', ( #4498 ), #8543, .F. ) ;
#107 = EDGE_CURVE ( 'NONE', #3332, #8060, #4442, .T. ) ;
#108 = EDGE_CURVE ( 'NONE', #4042, #354, #938, .T. ) ;
#109 = CIRCLE ( 'NONE', #8474, 37.75000000000000711 ) ;
#110 = LINE ( 'NONE', #2208, #786 ) ;
#111 = FACE_OUTER_BOUND ( 'NONE', #175, .T. ) ;
#112 = CARTESIAN_POINT ( 'NONE',  ( -68.40619165170974725, -124.6666209613877072, 6.000000000000000000 ) ) ;
#113 = AXIS2_PLACEMENT_3D ( 'NONE', #3370, #2086, #7056 ) ;
#114 = ORIENTED_EDGE ( 'NONE', *, *, #1821, .F. ) ;
#115 = CARTESIAN_POINT ( 'NONE',  ( 184.2499999999999716, 90.00000000000007105, 6.000000000000000000 ) ) ;
#116 = DIRECTION ( 'NONE',  ( -6.454785026890445375E-17, 1.000000000000000000, 0.000000000000000000 ) ) ;
#117 = EDGE_CURVE ( 'NONE', #3898, #6639, #395, .T. ) ;
#118 = AXIS2_PLACEMENT_3D ( 'NONE', #421, #8059, #3223 ) ;
#119 = FACE_OUTER_BOUND ( 'NONE', #4230, .T. ) ;
#120 = CYLINDRICAL_SURFACE ( 'NONE', #2862, 32.75000000000002132 ) ;
#121 = DIRECTION ( 'NONE',  ( 0.000000000000000000, -0.000000000000000000, -1.000000000000000000 ) ) ;
#122 = ORIENTED_EDGE ( 'NONE', *, *, #2851, .F. ) ;
#123 = FACE_OUTER_BOUND ( 'NONE', #7471, .T. ) ;
#124 = CARTESIAN_POINT ( 'NONE',  ( 150.0000000000001137, -89.99999999999998579, 6.000000000000000000 ) ) ;
#125 = ORIENTED_EDGE ( 'NONE', *, *, #7554, .F. ) ;
#126 = DIRECTION ( 'NONE',  ( -1.000000000000000000, 0.000000000000000000, 0.000000000000000000 ) ) ;
#127 = CARTESIAN_POINT ( 'NONE',  ( -173.1577470838593342, -113.1577470838594905, 2.000000000000000000 ) ) ;
#128 = VERTEX_POINT ( 'NONE', #4683 ) ;
#129 = ORIENTED_EDGE ( 'NONE', *, *, #6877, .T. ) ;
#130 = DIRECTION ( 'NONE',  ( 0.000000000000000000, -0.000000000000000000, -1.000000000000000000 ) ) ;
#131 = DIRECTION ( 'NONE',  ( -0.000000000000000000, -0.000000000000000000, -1.000000000000000000 ) ) ;
#132 = DIRECTION ( 'NONE',  ( 0.000000000000000000, 0.000000000000000000, -1.000000000000000000 ) ) ;
#133 = CARTESIAN_POINT ( 'NONE',  ( 83.62662009552745701, -70.51288365201838815, 6.000000000000000000 ) ) ;
#134 = ORIENTED_EDGE ( 'NONE', *, *, #3918, .T. ) ;
#135 = EDGE_CURVE ( 'NONE', #8324, #8911, #1846, .T. ) ;
#136 = CARTESIAN_POINT ( 'NONE',  ( -82.81037903847209236, 73.44580031074303861, 6.000000000000000000 ) ) ;
#137 = VERTEX_POINT ( 'NONE', #5953 ) ;
#138 = DIRECTION ( 'NONE',  ( 0.000000000000000000, 0.000000000000000000, 1.000000000000000000 ) ) ;
#139 = CARTESIAN_POINT ( 'NONE',  ( -120.0755197280079756, -74.20508674291026807, 4.499999999999950262 ) ) ;
#140 = ORIENTED_EDGE ( 'NONE', *, *, #1009, .T. ) ;
#141 = ORIENTED_EDGE ( 'NONE', *, *, #4086, .F. ) ;
#142 = VERTEX_POINT ( 'NONE', #1202 ) ;
#143 = CARTESIAN_POINT ( 'NONE',  ( -179.9244802719920244, 74.20508674291049545, 4.500000000000054179 ) ) ;
#144 = CARTESIAN_POINT ( 'NONE',  ( -119.0605097497879399, 104.6904881830740379, 2.000000000000000000 ) ) ;
#145 = CARTESIAN_POINT ( 'NONE',  ( 0.000000000000000000, 0.000000000000000000, 4.499999999999929834 ) ) ;
#146 = CARTESIAN_POINT ( 'NONE',  ( 173.1577470838595048, -66.84225291614049524, 4.499999999999929834 ) ) ;
#147 = DIRECTION ( 'NONE',  ( -1.000000000000000000, 0.000000000000000000, 0.000000000000000000 ) ) ;
#148 = EDGE_CURVE ( 'NONE', #3091, #6255, #432, .T. ) ;
#149 = DIRECTION ( 'NONE',  ( -0.000000000000000000, -0.000000000000000000, 1.000000000000000000 ) ) ;
#150 = ORIENTED_EDGE ( 'NONE', *, *, #5614, .F. ) ;
#151 = EDGE_CURVE ( 'NONE', #5438, #5539, #1248, .T. ) ;
#152 = CARTESIAN_POINT ( 'NONE',  ( 119.7500000000000568, 90.00000000000007105, 2.000000000000000000 ) ) ;
#153 = EDGE_CURVE ( 'NONE', #4711, #5828, #530, .T. ) ;
#154 = CARTESIAN_POINT ( 'NONE',  ( 215.0000000000000000, -130.0000000000000000, 0.000000000000000000 ) ) ;
#155 = DIRECTION ( 'NONE',  ( -1.000000000000000000, 0.000000000000000000, 0.000000000000000000 ) ) ;
#156 = FACE_OUTER_BOUND ( 'NONE', #4432, .T. ) ;
#157 = ADVANCED_FACE ( 'NONE', ( #6776 ), #1117, .F. ) ;
#158 = ORIENTED_EDGE ( 'NONE', *, *, #2941, .F. ) ;
#159 = DIRECTION ( 'NONE',  ( -0.000000000000000000, -0.000000000000000000, 1.000000000000000000 ) ) ;
#160 = DIRECTION ( 'NONE',  ( 1.000000000000000000, -3.389993968321088796E-15, 0.000000000000000000 ) ) ;
#161 = ORIENTED_EDGE ( 'NONE', *, *, #4146, .T. ) ;
#162 = CYLINDRICAL_SURFACE ( 'NONE', #7964, 5.500000000000005329 ) ;
#163 = EDGE_CURVE ( 'NONE', #6893, #3106, #8071, .T. ) ;
#164 = LINE ( 'NONE', #5084, #8097 ) ;
#165 = VERTEX_POINT ( 'NONE', #4633 ) ;
#166 = CONICAL_SURFACE ( 'NONE', #5440, 1.499999999999973577, 0.7853981633974580490 ) ;
#167 = ORIENTED_EDGE ( 'NONE', *, *, #7673, .T. ) ;
#168 = CARTESIAN_POINT ( 'NONE',  ( -180.2499999999999432, -90.00000000000002842, 2.000000000000000000 ) ) ;
#169 = CARTESIAN_POINT ( 'NONE',  ( -50.00000000000000000, 90.00000000000000000, 0.000000000000000000 ) ) ;
#170 = DIRECTION ( 'NONE',  ( -0.000000000000000000, 0.000000000000000000, 1.000000000000000000 ) ) ;
#171 = DIRECTION ( 'NONE',  ( -0.000000000000000000, -0.000000000000000000, 1.000000000000000000 ) ) ;
#172 = VERTEX_POINT ( 'NONE', #1902 ) ;
#173 = FACE_OUTER_BOUND ( 'NONE', #6483, .T. ) ;
#174 = AXIS2_PLACEMENT_3D ( 'NONE', #6535, #6616, #3209 ) ;
#175 = EDGE_LOOP ( 'NONE', ( #8257, #7134, #4048 ) ) ;
#176 = AXIS2_PLACEMENT_3D ( 'NONE', #8918, #3519, #8351 ) ;
#177 = AXIS2_PLACEMENT_3D ( 'NONE', #3839, #260, #4536 ) ;
#178 = DIRECTION ( 'NONE',  ( -0.000000000000000000, -0.000000000000000000, -1.000000000000000000 ) ) ;
#179 = CARTESIAN_POINT ( 'NONE',  ( 0.000000000000000000, 0.000000000000000000, 4.499999999999929834 ) ) ;
#180 = ORIENTED_EDGE ( 'NONE', *, *, #468, .T. ) ;
#181 = CARTESIAN_POINT ( 'NONE',  ( -23.30671901020783920, -63.30671901020773618, 6.000000000000000000 ) ) ;
#182 = DIRECTION ( 'NONE',  ( -0.000000000000000000, 0.000000000000000000, 1.000000000000000000 ) ) ;
#183 = AXIS2_PLACEMENT_3D ( 'NONE', #8632, #5130, #4764 ) ;
#184 = EDGE_CURVE ( 'NONE', #3575, #2204, #2497, .T. ) ;
#185 = CONICAL_SURFACE ( 'NONE', #904, 39.25000000000009237, 0.7853981633974528309 ) ;
#186 = CARTESIAN_POINT ( 'NONE',  ( 0.000000000000000000, 0.000000000000000000, 2.000000000000000000 ) ) ;
#187 = DIRECTION ( 'NONE',  ( 0.000000000000000000, -0.000000000000000000, -1.000000000000000000 ) ) ;
#188 = DIRECTION ( 'NONE',  ( 1.000000000000000000, 0.000000000000000000, 0.000000000000000000 ) ) ;
#189 = AXIS2_PLACEMENT_3D ( 'NONE', #6759, #8932, #4560 ) ;
#190 = CONICAL_SURFACE ( 'NONE', #6367, 9.999999999999994671, 0.7853981633974581600 ) ;
#191 = DIRECTION ( 'NONE',  ( -0.000000000000000000, -0.000000000000000000, -1.000000000000000000 ) ) ;
#192 = VERTEX_POINT ( 'NONE', #8806 ) ;
#193 = DIRECTION ( 'NONE',  ( -0.000000000000000000, -0.000000000000000000, 1.000000000000000000 ) ) ;
#194 = AXIS2_PLACEMENT_3D ( 'NONE', #1433, #8292, #4108 ) ;
#195 = CARTESIAN_POINT ( 'NONE',  ( -115.7499999999999432, 90.00000000000002842, 6.000000000000000000 ) ) ;
#196 = CIRCLE ( 'NONE', #4612, 37.75000000000000711 ) ;
#197 = EDGE_CURVE ( 'NONE', #1119, #2201, #6828, .T. ) ;
#198 = AXIS2_PLACEMENT_3D ( 'NONE', #5926, #1222, #8818 ) ;
#199 = AXIS2_PLACEMENT_3D ( 'NONE', #4556, #3217, #6017 ) ;
#200 = DIRECTION ( 'NONE',  ( 0.000000000000000000, -0.000000000000000000, -1.000000000000000000 ) ) ;
#201 = EDGE_CURVE ( 'NONE', #2041, #7252, #1759, .T. ) ;
#202 = ADVANCED_FACE ( 'NONE', ( #3330 ), #8167, .F. ) ;
#203 = PLANE ( 'NONE',  #1981 ) ;
#204 = ORIENTED_EDGE ( 'NONE', *, *, #4649, .F. ) ;
#205 = DIRECTION ( 'NONE',  ( 1.000000000000000000, 0.000000000000000000, 0.000000000000000000 ) ) ;
#206 = LINE ( 'NONE', #6506, #5970 ) ;
#207 = ORIENTED_EDGE ( 'NONE', *, *, #8640, .F. ) ;
#208 = CIRCLE ( 'NONE', #5338, 1.500000000000001332 ) ;
#209 = CARTESIAN_POINT ( 'NONE',  ( 3.081487911019577365E-30, 125.0000000000000568, 6.000000000000000000 ) ) ;
#210 = CIRCLE ( 'NONE', #5923, 32.75000000000000000 ) ;
#211 = CARTESIAN_POINT ( 'NONE',  ( 16.55419968925682284, 32.81037903847215631, 6.000000000000000000 ) ) ;
#212 = EDGE_CURVE ( 'NONE', #5555, #3405, #2633, .T. ) ;
#213 = CONICAL_SURFACE ( 'NONE', #8439, 1.499999999999973577, 0.7853981633974580490 ) ;
#214 = VECTOR ( 'NONE', #34, 1000.000000000000000 ) ;
#215 = EDGE_LOOP ( 'NONE', ( #328, #5701, #1026, #10 ) ) ;
#216 = EDGE_CURVE ( 'NONE', #6463, #3305, #7885, .T. ) ;
#217 = DIRECTION ( 'NONE',  ( 1.000000000000000000, 0.000000000000000000, 0.000000000000000000 ) ) ;
#218 = EDGE_CURVE ( 'NONE', #6919, #5678, #1561, .T. ) ;
#219 = FACE_BOUND ( 'NONE', #8466, .T. ) ;
#220 = FACE_OUTER_BOUND ( 'NONE', #6604, .T. ) ;
#221 = CARTESIAN_POINT ( 'NONE',  ( -136.6932809897921572, -26.69328098979219632, 6.000000000000000000 ) ) ;
#222 = ORIENTED_EDGE ( 'NONE', *, *, #1721, .T. ) ;
#223 = CARTESIAN_POINT ( 'NONE',  ( 74.92551403682575994, 114.9255140368258310, 4.499999999999936051 ) ) ;
#224 = AXIS2_PLACEMENT_3D ( 'NONE', #5541, #702, #8344 ) ;
#225 = ORIENTED_EDGE ( 'NONE', *, *, #6411, .T. ) ;
#226 = AXIS2_PLACEMENT_3D ( 'NONE', #6301, #1497, #2791 ) ;
#227 = AXIS2_PLACEMENT_3D ( 'NONE', #4989, #7793, #2914 ) ;
#228 = DIRECTION ( 'NONE',  ( 1.000000000000000000, 0.000000000000000000, 0.000000000000000000 ) ) ;
#229 = AXIS2_PLACEMENT_3D ( 'NONE', #5575, #1233, #3357 ) ;
#230 = DIRECTION ( 'NONE',  ( 0.5147315776182829206, -0.4848210009916976149, 0.7071067811865487940 ) ) ;
#231 = ORIENTED_EDGE ( 'NONE', *, *, #1464, .F. ) ;
#232 = LINE ( 'NONE', #5840, #1868 ) ;
#233 = FACE_OUTER_BOUND ( 'NONE', #2783, .T. ) ;
#234 = CARTESIAN_POINT ( 'NONE',  ( 32.75000000000002132, 4.010718267207584780E-15, 0.000000000000000000 ) ) ;
#235 = CIRCLE ( 'NONE', #4792, 1.500000000000001332 ) ;
#236 = CONICAL_SURFACE ( 'NONE', #2146, 1.499999999999876543, 0.7853981633974507215 ) ;
#237 = CYLINDRICAL_SURFACE ( 'NONE', #4450, 1.500000000000001332 ) ;
#238 = DIRECTION ( 'NONE',  ( 0.000000000000000000, -0.000000000000000000, -1.000000000000000000 ) ) ;
#239 = CARTESIAN_POINT ( 'NONE',  ( -179.9244802719919392, -105.7949132570897604, 4.499999999999950262 ) ) ;
#240 = CIRCLE ( 'NONE', #5377, 5.500000000000000000 ) ;
#241 = CYLINDRICAL_SURFACE ( 'NONE', #1272, 30.25000000000001421 ) ;
#242 = EDGE_LOOP ( 'NONE', ( #4690, #1002, #5276 ) ) ;
#243 = ADVANCED_FACE ( 'NONE', ( #6696 ), #4363, .F. ) ;
#244 = CARTESIAN_POINT ( 'NONE',  ( 150.0000000000001137, -89.99999999999998579, 4.499999999999929834 ) ) ;
#245 = CIRCLE ( 'NONE', #9060, 30.25000000000001421 ) ;
#246 = CIRCLE ( 'NONE', #7591, 1.500000000000001332 ) ;
#247 = ORIENTED_EDGE ( 'NONE', *, *, #6397, .T. ) ;
#248 = CYLINDRICAL_SURFACE ( 'NONE', #5628, 1.500000000000001332 ) ;
#249 = AXIS2_PLACEMENT_3D ( 'NONE', #1750, #2449, #5393 ) ;
#250 = DIRECTION ( 'NONE',  ( 1.000000000000000000, 0.000000000000000000, 0.000000000000000000 ) ) ;
#251 = CARTESIAN_POINT ( 'NONE',  ( 50.00000000000000000, 90.00000000000000000, 2.000000000000000000 ) ) ;
#252 = DIRECTION ( 'NONE',  ( 0.000000000000000000, -0.000000000000000000, -1.000000000000000000 ) ) ;
#253 = ORIENTED_EDGE ( 'NONE', *, *, #7059, .T. ) ;
#254 = CONICAL_SURFACE ( 'NONE', #5388, 36.75000000000004974, 0.7853981633974460586 ) ;
#255 = CARTESIAN_POINT ( 'NONE',  ( 16.55419968925679797, 32.81037903847210657, 4.499999999999929834 ) ) ;
#256 = CARTESIAN_POINT ( 'NONE',  ( -134.2050867429103391, -60.07551972800796136, 2.000000000000000000 ) ) ;
#257 = EDGE_LOOP ( 'NONE', ( #7467, #3838, #3097 ) ) ;
#258 = VECTOR ( 'NONE', #694, 1000.000000000000000 ) ;
#259 = ORIENTED_EDGE ( 'NONE', *, *, #8010, .F. ) ;
#260 = DIRECTION ( 'NONE',  ( -0.000000000000000000, 0.000000000000000000, 1.000000000000000000 ) ) ;
#261 = FACE_OUTER_BOUND ( 'NONE', #489, .T. ) ;
#262 = DIRECTION ( 'NONE',  ( 1.000000000000000000, 1.850371707708592551E-14, 0.000000000000000000 ) ) ;
#263 = DIRECTION ( 'NONE',  ( 1.000000000000000000, 0.000000000000000000, 0.000000000000000000 ) ) ;
#264 = CIRCLE ( 'NONE', #8930, 37.74999999999999289 ) ;
#265 = ORIENTED_EDGE ( 'NONE', *, *, #4993, .F. ) ;
#266 = EDGE_CURVE ( 'NONE', #5560, #6439, #1106, .T. ) ;
#267 = CARTESIAN_POINT ( 'NONE',  ( 205.5000000000000284, -124.9999999999999574, 6.000000000000000000 ) ) ;
#268 = ADVANCED_FACE ( 'NONE', ( #1860 ), #6845, .F. ) ;
#269 = EDGE_LOOP ( 'NONE', ( #2163, #5525 ) ) ;
#270 = CARTESIAN_POINT ( 'NONE',  ( -179.5844760786696952, -104.0471091385600886, 4.499999999999950262 ) ) ;
#271 = CARTESIAN_POINT ( 'NONE',  ( 32.81037903847208526, 16.55419968925686547, 6.000000000000000000 ) ) ;
#272 = ORIENTED_EDGE ( 'NONE', *, *, #4862, .T. ) ;
#273 = VERTEX_POINT ( 'NONE', #8900 ) ;
#274 = EDGE_CURVE ( 'NONE', #8859, #2291, #8616, .T. ) ;
#275 = FACE_OUTER_BOUND ( 'NONE', #3970, .T. ) ;
#276 = DIRECTION ( 'NONE',  ( -1.000000000000000000, 0.000000000000000000, 0.000000000000000000 ) ) ;
#277 = FACE_BOUND ( 'NONE', #4, .T. ) ;
#278 = ADVANCED_FACE ( 'NONE', ( #2046 ), #8026, .T. ) ;
#279 = DIRECTION ( 'NONE',  ( 0.5206309727658492426, -0.4784802923808598729, 0.7071067811865563435 ) ) ;
#280 = DIRECTION ( 'NONE',  ( -0.000000000000000000, -0.000000000000000000, -1.000000000000000000 ) ) ;
#281 = CARTESIAN_POINT ( 'NONE',  ( -69.48711634798137027, -123.6266200955274144, 4.500000000000033751 ) ) ;
#282 = DIRECTION ( 'NONE',  ( -0.000000000000000000, -0.000000000000000000, -1.000000000000000000 ) ) ;
#283 = ORIENTED_EDGE ( 'NONE', *, *, #820, .F. ) ;
#284 = FACE_OUTER_BOUND ( 'NONE', #3664, .T. ) ;
#285 = CARTESIAN_POINT ( 'NONE',  ( 116.8422529161406658, -113.1577470838594195, 6.000000000000000000 ) ) ;
#286 = CYLINDRICAL_SURFACE ( 'NONE', #5515, 1.500000000000001332 ) ;
#287 = CARTESIAN_POINT ( 'NONE',  ( 139.2500000000001990, 2.775557561562891351E-14, 6.000000000000000000 ) ) ;
#288 = LINE ( 'NONE', #8532, #6854 ) ;
#289 = ORIENTED_EDGE ( 'NONE', *, *, #3850, .F. ) ;
#290 = CARTESIAN_POINT ( 'NONE',  ( 32.35388974366901493, 58.21808161391651737, 2.000000000000000000 ) ) ;
#291 = CARTESIAN_POINT ( 'NONE',  ( 31.59380834829025986, -124.6666209613877072, 6.000000000000000000 ) ) ;
#292 = EDGE_LOOP ( 'NONE', ( #4094, #8894, #7411, #7794, #7492 ) ) ;
#293 = EDGE_LOOP ( 'NONE', ( #7677, #2759, #8340 ) ) ;
#294 = DIRECTION ( 'NONE',  ( 1.000000000000000000, 0.000000000000000000, 0.000000000000000000 ) ) ;
#295 = CYLINDRICAL_SURFACE ( 'NONE', #8589, 10.00000000000000178 ) ;
#296 = DIRECTION ( 'NONE',  ( 0.000000000000000000, -0.000000000000000000, -1.000000000000000000 ) ) ;
#297 = CARTESIAN_POINT ( 'NONE',  ( 81.31037903847203552, 106.5541996892568903, 6.000000000000000000 ) ) ;
#298 = EDGE_LOOP ( 'NONE', ( #878, #2642, #4375, #6881 ) ) ;
#299 = CARTESIAN_POINT ( 'NONE',  ( 179.9244802719920813, -74.20508674291025386, 6.000000000000000000 ) ) ;
#300 = VERTEX_POINT ( 'NONE', #8346 ) ;
#301 = EDGE_CURVE ( 'NONE', #4539, #3022, #6327, .T. ) ;
#302 = CARTESIAN_POINT ( 'NONE',  ( -200.0000000000000000, -124.9999999999999574, 6.000000000000000000 ) ) ;
#303 = DIRECTION ( 'NONE',  ( 0.000000000000000000, 0.000000000000000000, 1.000000000000000000 ) ) ;
#304 = ADVANCED_FACE ( 'NONE', ( #2140 ), #4852, .T. ) ;
#305 = EDGE_CURVE ( 'NONE', #609, #3469, #1415, .T. ) ;
#306 = ORIENTED_EDGE ( 'NONE', *, *, #6832, .T. ) ;
#307 = VERTEX_POINT ( 'NONE', #5544 ) ;
#308 = ORIENTED_EDGE ( 'NONE', *, *, #7118, .T. ) ;
#309 = DIRECTION ( 'NONE',  ( 1.000000000000000000, 0.000000000000000000, 0.000000000000000000 ) ) ;
#310 = CARTESIAN_POINT ( 'NONE',  ( -126.8422529161403816, 113.1577470838592916, 4.500000000000054179 ) ) ;
#311 = DIRECTION ( 'NONE',  ( -0.000000000000000000, 0.000000000000000000, 1.000000000000000000 ) ) ;
#312 = AXIS2_PLACEMENT_3D ( 'NONE', #2192, #2091, #1445 ) ;
#313 = AXIS2_PLACEMENT_3D ( 'NONE', #8083, #7911, #8733 ) ;
#314 = ADVANCED_FACE ( 'NONE', ( #9045 ), #608, .F. ) ;
#315 = DIRECTION ( 'NONE',  ( 0.000000000000000000, -0.000000000000000000, -1.000000000000000000 ) ) ;
#316 = VERTEX_POINT ( 'NONE', #659 ) ;
#317 = DIRECTION ( 'NONE',  ( -1.000000000000000000, 0.000000000000000000, 0.000000000000000000 ) ) ;
#318 = EDGE_CURVE ( 'NONE', #3794, #6146, #3481, .T. ) ;
#319 = LINE ( 'NONE', #907, #95 ) ;
#320 = VERTEX_POINT ( 'NONE', #2776 ) ;
#321 = AXIS2_PLACEMENT_3D ( 'NONE', #8904, #1953, #6098 ) ;
#322 = DIRECTION ( 'NONE',  ( 1.000000000000000000, 9.251858538542962756E-15, 0.000000000000000000 ) ) ;
#323 = EDGE_LOOP ( 'NONE', ( #3844, #8966, #8890, #3665, #7122 ) ) ;
#324 = CIRCLE ( 'NONE', #3704, 1.500000000000001332 ) ;
#325 = LINE ( 'NONE', #6071, #3580 ) ;
#326 = VECTOR ( 'NONE', #1109, 1000.000000000000114 ) ;
#327 = AXIS2_PLACEMENT_3D ( 'NONE', #5443, #5996, #1113 ) ;
#328 = ORIENTED_EDGE ( 'NONE', *, *, #3453, .F. ) ;
#329 = CONICAL_SURFACE ( 'NONE', #4004, 10.00000000000000888, 0.7853981633974361776 ) ;
#330 = DIRECTION ( 'NONE',  ( -0.7071067811865427988, 0.000000000000000000, -0.7071067811865522357 ) ) ;
#331 = DIRECTION ( 'NONE',  ( -0.000000000000000000, -0.000000000000000000, 1.000000000000000000 ) ) ;
#332 = DIRECTION ( 'NONE',  ( 1.000000000000000000, 0.000000000000000000, 0.000000000000000000 ) ) ;
#333 = CARTESIAN_POINT ( 'NONE',  ( 66.65821805624510432, -17.70277031470191531, 2.000000000000000000 ) ) ;
#334 = EDGE_LOOP ( 'NONE', ( #396, #4270, #2972, #5119 ) ) ;
#335 = CIRCLE ( 'NONE', #8269, 34.25000000000002842 ) ;
#336 = CARTESIAN_POINT ( 'NONE',  ( 119.7500000000000568, 90.00000000000007105, 0.000000000000000000 ) ) ;
#337 = DIRECTION ( 'NONE',  ( 0.000000000000000000, 0.000000000000000000, 1.000000000000000000 ) ) ;
#338 = EDGE_LOOP ( 'NONE', ( #3093, #4728, #2458 ) ) ;
#339 = VECTOR ( 'NONE', #4558, 1000.000000000000000 ) ;
#340 = ORIENTED_EDGE ( 'NONE', *, *, #5427, .F. ) ;
#341 = CARTESIAN_POINT ( 'NONE',  ( -126.8422529161403816, 113.1577470838592916, 4.500000000000054179 ) ) ;
#342 = AXIS2_PLACEMENT_3D ( 'NONE', #4515, #7821, #7277 ) ;
#343 = CYLINDRICAL_SURFACE ( 'NONE', #1082, 1.500000000000001332 ) ;
#345 = CARTESIAN_POINT ( 'NONE',  ( -120.5605097497880962, -75.30951181692573471, 4.499999999999950262 ) ) ;
#344 = AXIS2_PLACEMENT_3D ( 'NONE', #1423, #5797, #4376 ) ;
#346 = CARTESIAN_POINT ( 'NONE',  ( 100.0000000000001137, 2.775557561562891351E-14, 6.000000000000000000 ) ) ;
#347 = ORIENTED_EDGE ( 'NONE', *, *, #7511, .T. ) ;
#348 = DIRECTION ( 'NONE',  ( 0.000000000000000000, -0.000000000000000000, -1.000000000000000000 ) ) ;
#349 = EDGE_CURVE ( 'NONE', #2028, #3794, #6569, .T. ) ;
#350 = VECTOR ( 'NONE', #5421, 1000.000000000000000 ) ;
#351 = ORIENTED_EDGE ( 'NONE', *, *, #8033, .T. ) ;
#352 = ORIENTED_EDGE ( 'NONE', *, *, #4969, .F. ) ;
#353 = CARTESIAN_POINT ( 'NONE',  ( -135.3095118169258342, -59.06050974978807488, 6.000000000000000000 ) ) ;
#354 = VERTEX_POINT ( 'NONE', #1337 ) ;
#355 = VECTOR ( 'NONE', #6443, 1000.000000000000227 ) ;
#356 = CIRCLE ( 'NONE', #7270, 32.75000000000002842 ) ;
#357 = CARTESIAN_POINT ( 'NONE',  ( -81.47117989404461014, 74.12148193071273283, 4.499999999999929834 ) ) ;
#358 = DIRECTION ( 'NONE',  ( 0.000000000000000000, 0.000000000000000000, 1.000000000000000000 ) ) ;
#359 = ADVANCED_FACE ( 'NONE', ( #4166 ), #3183, .F. ) ;
#360 = DIRECTION ( 'NONE',  ( 0.000000000000000000, 0.000000000000000000, 1.000000000000000000 ) ) ;
#361 = AXIS2_PLACEMENT_3D ( 'NONE', #2539, #4768, #7563 ) ;
#362 = VECTOR ( 'NONE', #4767, 1000.000000000000000 ) ;
#363 = CARTESIAN_POINT ( 'NONE',  ( 183.1577470838594479, 113.1577470838595332, 4.500000000000130562 ) ) ;
#364 = FACE_OUTER_BOUND ( 'NONE', #2709, .T. ) ;
#365 = AXIS2_PLACEMENT_3D ( 'NONE', #1967, #4693, #4783 ) ;
#366 = CARTESIAN_POINT ( 'NONE',  ( 179.4394902502119180, 104.6904881830743363, 4.500000000000130562 ) ) ;
#367 = ORIENTED_EDGE ( 'NONE', *, *, #7050, .T. ) ;
#368 = ORIENTED_EDGE ( 'NONE', *, *, #581, .T. ) ;
#369 = CARTESIAN_POINT ( 'NONE',  ( -126.6932809897921572, -26.69328098979219632, 6.000000000000000000 ) ) ;
#370 = EDGE_CURVE ( 'NONE', #3601, #2923, #3776, .T. ) ;
#371 = EDGE_LOOP ( 'NONE', ( #7570, #6202, #1326 ) ) ;
#372 = EDGE_CURVE ( 'NONE', #1606, #784, #2587, .T. ) ;
#373 = AXIS2_PLACEMENT_3D ( 'NONE', #8829, #2353, #2526 ) ;
#374 = DIRECTION ( 'NONE',  ( 0.000000000000000000, 0.000000000000000000, 1.000000000000000000 ) ) ;
#375 = ADVANCED_FACE ( 'NONE', ( #2001 ), #704, .T. ) ;
#376 = EDGE_CURVE ( 'NONE', #7481, #9095, #7746, .T. ) ;
#377 = AXIS2_PLACEMENT_3D ( 'NONE', #4604, #8783, #5200 ) ;
#378 = ORIENTED_EDGE ( 'NONE', *, *, #5380, .F. ) ;
#379 = CARTESIAN_POINT ( 'NONE',  ( -50.00000000000000000, 90.00000000000000000, 4.499999999999929834 ) ) ;
#380 = DIRECTION ( 'NONE',  ( 0.000000000000000000, -0.000000000000000000, -1.000000000000000000 ) ) ;
#381 = FACE_OUTER_BOUND ( 'NONE', #8391, .T. ) ;
#382 = CARTESIAN_POINT ( 'NONE',  ( -81.47117989404462435, 74.12148193071273283, 6.000000000000000000 ) ) ;
#383 = ORIENTED_EDGE ( 'NONE', *, *, #5868, .T. ) ;
#384 = CARTESIAN_POINT ( 'NONE',  ( 82.81037903847209236, 106.5541996892568335, 6.000000000000000000 ) ) ;
#385 = DIRECTION ( 'NONE',  ( -0.000000000000000000, 0.000000000000000000, 1.000000000000000000 ) ) ;
#386 = AXIS2_PLACEMENT_3D ( 'NONE', #7579, #1450, #2100 ) ;
#387 = VERTEX_POINT ( 'NONE', #2818 ) ;
#388 = EDGE_CURVE ( 'NONE', #8533, #6186, #6431, .T. ) ;
#389 = VECTOR ( 'NONE', #6039, 1000.000000000000000 ) ;
#390 = ORIENTED_EDGE ( 'NONE', *, *, #2781, .F. ) ;
#391 = DIRECTION ( 'NONE',  ( 0.000000000000000000, -0.000000000000000000, -1.000000000000000000 ) ) ;
#392 = DIRECTION ( 'NONE',  ( 1.000000000000000000, 0.000000000000000000, 0.000000000000000000 ) ) ;
#393 = AXIS2_PLACEMENT_3D ( 'NONE', #523, #2732, #4215 ) ;
#394 = CARTESIAN_POINT ( 'NONE',  ( 76.69328098979219988, -63.30671901020773618, 6.000000000000000000 ) ) ;
#395 = LINE ( 'NONE', #1160, #6421 ) ;
#396 = ORIENTED_EDGE ( 'NONE', *, *, #7460, .F. ) ;
#397 = DIRECTION ( 'NONE',  ( -0.4848210009917027774, 0.5147315776182732616, -0.7071067811865524577 ) ) ;
#398 = ORIENTED_EDGE ( 'NONE', *, *, #8741, .F. ) ;
#399 = EDGE_LOOP ( 'NONE', ( #5964, #4161, #1046, #2478 ) ) ;
#400 = CARTESIAN_POINT ( 'NONE',  ( -179.5844760786697805, 75.95289086144016721, 4.500000000000054179 ) ) ;
#401 = EDGE_CURVE ( 'NONE', #4684, #6433, #537, .T. ) ;
#402 = ORIENTED_EDGE ( 'NONE', *, *, #4425, .T. ) ;
#403 = ORIENTED_EDGE ( 'NONE', *, *, #2856, .T. ) ;
#404 = AXIS2_PLACEMENT_3D ( 'NONE', #3685, #7229, #8518 ) ;
#405 = DIRECTION ( 'NONE',  ( -0.7071067811865503483, 0.000000000000000000, -0.7071067811865445751 ) ) ;
#406 = FACE_OUTER_BOUND ( 'NONE', #4543, .T. ) ;
#407 = DIRECTION ( 'NONE',  ( -1.000000000000000000, 0.000000000000000000, 0.000000000000000000 ) ) ;
#408 = DIRECTION ( 'NONE',  ( -1.000000000000000000, 0.000000000000000000, 0.000000000000000000 ) ) ;
#409 = ADVANCED_FACE ( 'NONE', ( #7614 ), #1294, .T. ) ;
#410 = DIRECTION ( 'NONE',  ( -0.000000000000000000, -0.000000000000000000, -1.000000000000000000 ) ) ;
#411 = CARTESIAN_POINT ( 'NONE',  ( -66.37337990447259983, 19.48711634798153369, 6.000000000000000000 ) ) ;
#412 = ORIENTED_EDGE ( 'NONE', *, *, #5644, .T. ) ;
#413 = ORIENTED_EDGE ( 'NONE', *, *, #5533, .F. ) ;
#414 = DIRECTION ( 'NONE',  ( 0.000000000000000000, 0.000000000000000000, 1.000000000000000000 ) ) ;
#415 = CYLINDRICAL_SURFACE ( 'NONE', #7646, 10.00000000000000178 ) ;
#416 = EDGE_CURVE ( 'NONE', #8700, #2530, #288, .T. ) ;
#417 = CARTESIAN_POINT ( 'NONE',  ( 126.6932809897922425, 26.69328098979224251, 4.499999999999922728 ) ) ;
#418 = CARTESIAN_POINT ( 'NONE',  ( 119.0605097497882099, -104.6904881830741942, 4.499999999999929834 ) ) ;
#419 = DIRECTION ( 'NONE',  ( 0.000000000000000000, -0.000000000000000000, -1.000000000000000000 ) ) ;
#420 = ADVANCED_FACE ( 'NONE', ( #843 ), #5537, .T. ) ;
#421 = CARTESIAN_POINT ( 'NONE',  ( -149.9999999999999432, 90.00000000000002842, 0.000000000000000000 ) ) ;
#422 = ORIENTED_EDGE ( 'NONE', *, *, #589, .F. ) ;
#423 = CARTESIAN_POINT ( 'NONE',  ( -16.55419968925675178, -32.81037903847215631, 6.000000000000000000 ) ) ;
#424 = CARTESIAN_POINT ( 'NONE',  ( -83.34178194375495252, -107.7027703147019082, 4.500000000000033751 ) ) ;
#425 = ORIENTED_EDGE ( 'NONE', *, *, #5270, .F. ) ;
#426 = EDGE_CURVE ( 'NONE', #634, #1908, #2403, .T. ) ;
#427 = ORIENTED_EDGE ( 'NONE', *, *, #4035, .F. ) ;
#428 = CYLINDRICAL_SURFACE ( 'NONE', #7670, 3.299999999999998934 ) ;
#429 = DIRECTION ( 'NONE',  ( 1.000000000000000000, 0.000000000000000000, 0.000000000000000000 ) ) ;
#430 = DIRECTION ( 'NONE',  ( -0.000000000000000000, 0.000000000000000000, 1.000000000000000000 ) ) ;
#431 = EDGE_CURVE ( 'NONE', #7112, #5573, #6425, .T. ) ;
#432 = LINE ( 'NONE', #4577, #389 ) ;
#433 = ORIENTED_EDGE ( 'NONE', *, *, #7246, .T. ) ;
#434 = DIRECTION ( 'NONE',  ( -0.000000000000000000, -0.000000000000000000, 1.000000000000000000 ) ) ;
#435 = ORIENTED_EDGE ( 'NONE', *, *, #3192, .T. ) ;
#436 = EDGE_LOOP ( 'NONE', ( #6734, #717, #1645, #8508, #6715 ) ) ;
#437 = DIRECTION ( 'NONE',  ( 1.000000000000000000, -6.938893903907222067E-15, 0.000000000000000000 ) ) ;
#438 = ORIENTED_EDGE ( 'NONE', *, *, #5315, .T. ) ;
#439 = VECTOR ( 'NONE', #7594, 1000.000000000000000 ) ;
#440 = CARTESIAN_POINT ( 'NONE',  ( 83.16662096138767879, -71.59380834828999696, 4.499999999999929834 ) ) ;
#441 = FACE_OUTER_BOUND ( 'NONE', #5501, .T. ) ;
#442 = DIRECTION ( 'NONE',  ( -0.000000000000000000, -0.000000000000000000, -1.000000000000000000 ) ) ;
#443 = CARTESIAN_POINT ( 'NONE',  ( -149.9999999999999432, -90.00000000000002842, 6.000000000000000000 ) ) ;
#444 = EDGE_LOOP ( 'NONE', ( #3073, #8772, #88, #8502 ) ) ;
#445 = DIRECTION ( 'NONE',  ( 1.000000000000000000, 7.552537582484046762E-16, 0.000000000000000000 ) ) ;
#446 = ORIENTED_EDGE ( 'NONE', *, *, #1425, .T. ) ;
#447 = ORIENTED_EDGE ( 'NONE', *, *, #7125, .F. ) ;
#448 = FACE_OUTER_BOUND ( 'NONE', #4309, .T. ) ;
#449 = LINE ( 'NONE', #7499, #3131 ) ;
#450 = CIRCLE ( 'NONE', #7952, 1.500000000000001332 ) ;
#451 = EDGE_CURVE ( 'NONE', #8594, #7734, #206, .T. ) ;
#452 = EDGE_CURVE ( 'NONE', #9089, #3020, #5855, .T. ) ;
#453 = CIRCLE ( 'NONE', #2660, 1.500000000000001332 ) ;
#454 = CARTESIAN_POINT ( 'NONE',  ( 215.0000000000000000, 129.9999999999999716, 0.000000000000000000 ) ) ;
#455 = CARTESIAN_POINT ( 'NONE',  ( -49.99999999999993605, -89.99999999999997158, 4.500000000000033751 ) ) ;
#456 = AXIS2_PLACEMENT_3D ( 'NONE', #341, #3149, #294 ) ;
#457 = FACE_OUTER_BOUND ( 'NONE', #8707, .T. ) ;
#458 = DIRECTION ( 'NONE',  ( 0.000000000000000000, 0.000000000000000000, 1.000000000000000000 ) ) ;
#459 = ORIENTED_EDGE ( 'NONE', *, *, #1064, .F. ) ;
#460 = UNCERTAINTY_MEASURE_WITH_UNIT (LENGTH_MEASURE( 1.000000000000000082E-05 ), #7835, 'distance_accuracy_value', 'NONE');
#461 = FACE_OUTER_BOUND ( 'NONE', #4848, .T. ) ;
#462 = AXIS2_PLACEMENT_3D ( 'NONE', #5817, #7202, #2357 ) ;
#463 = EDGE_CURVE ( 'NONE', #4688, #5182, #7157, .T. ) ;
#464 = DIRECTION ( 'NONE',  ( -1.000000000000000000, 0.000000000000000000, 0.000000000000000000 ) ) ;
#465 = ORIENTED_EDGE ( 'NONE', *, *, #2337, .F. ) ;
#466 = CONICAL_SURFACE ( 'NONE', #1502, 35.25000000000000000, 0.7853981633974437271 ) ;
#467 = AXIS2_PLACEMENT_3D ( 'NONE', #4757, #8242, #558 ) ;
#468 = EDGE_CURVE ( 'NONE', #6605, #4322, #8621, .T. ) ;
#469 = DIRECTION ( 'NONE',  ( 0.000000000000000000, 0.000000000000000000, 1.000000000000000000 ) ) ;
#470 = VERTEX_POINT ( 'NONE', #7838 ) ;
#471 = CARTESIAN_POINT ( 'NONE',  ( 67.64611025633102770, 121.7819183860834613, 4.499999999999936051 ) ) ;
#472 = VECTOR ( 'NONE', #8696, 1000.000000000000000 ) ;
#473 = DIRECTION ( 'NONE',  ( -1.000000000000000000, 0.000000000000000000, 0.000000000000000000 ) ) ;
#474 = LINE ( 'NONE', #8210, #5351 ) ;
#475 = FACE_OUTER_BOUND ( 'NONE', #7522, .T. ) ;
#476 = CARTESIAN_POINT ( 'NONE',  ( 173.1577470838595048, -66.84225291614049524, 4.499999999999929834 ) ) ;
#477 = ORIENTED_EDGE ( 'NONE', *, *, #201, .F. ) ;
#478 = VECTOR ( 'NONE', #1660, 1000.000000000000114 ) ;
#479 = EDGE_LOOP ( 'NONE', ( #125, #39, #2918, #4951 ) ) ;
#480 = AXIS2_PLACEMENT_3D ( 'NONE', #145, #8385, #2081 ) ;
#481 = CARTESIAN_POINT ( 'NONE',  ( -30.51288365201853026, -56.37337990447250036, 6.000000000000000000 ) ) ;
#482 = EDGE_CURVE ( 'NONE', #8308, #3575, #2160, .T. ) ;
#483 = ORIENTED_EDGE ( 'NONE', *, *, #8241, .F. ) ;
#484 = CIRCLE ( 'NONE', #1647, 32.75000000000000000 ) ;
#485 = EDGE_CURVE ( 'NONE', #3706, #4722, #4512, .T. ) ;
#486 = EDGE_CURVE ( 'NONE', #4042, #8406, #7445, .T. ) ;
#487 = CIRCLE ( 'NONE', #5638, 5.500000000000005329 ) ;
#488 = CIRCLE ( 'NONE', #198, 30.25000000000000000 ) ;
#489 = EDGE_LOOP ( 'NONE', ( #6041, #435, #7607 ) ) ;
#490 = AXIS2_PLACEMENT_3D ( 'NONE', #1557, #2166, #6484 ) ;
#491 = CYLINDRICAL_SURFACE ( 'NONE', #3882, 5.500000000000005329 ) ;
#492 = EDGE_LOOP ( 'NONE', ( #1421, #8506 ) ) ;
#493 = DIRECTION ( 'NONE',  ( 1.000000000000000000, 0.000000000000000000, 0.000000000000000000 ) ) ;
#494 = CYLINDRICAL_SURFACE ( 'NONE', #5305, 1.500000000000001332 ) ;
#495 = VECTOR ( 'NONE', #8126, 1000.000000000000114 ) ;
#496 = CYLINDRICAL_SURFACE ( 'NONE', #6175, 1.500000000000001332 ) ;
#497 = ORIENTED_EDGE ( 'NONE', *, *, #349, .F. ) ;
#498 = CONICAL_SURFACE ( 'NONE', #6394, 1.499999999999890310, 0.7853981633974507215 ) ;
#499 = CARTESIAN_POINT ( 'NONE',  ( -149.9999999999999432, 90.00000000000002842, 6.000000000000000000 ) ) ;
#500 = AXIS2_PLACEMENT_3D ( 'NONE', #8592, #7806, #5781 ) ;
#501 = LINE ( 'NONE', #7454, #1814 ) ;
#502 = VERTEX_POINT ( 'NONE', #7242 ) ;
#503 = VERTEX_POINT ( 'NONE', #1479 ) ;
#504 = DIRECTION ( 'NONE',  ( -0.000000000000000000, -0.000000000000000000, -1.000000000000000000 ) ) ;
#505 = DIRECTION ( 'NONE',  ( -0.000000000000000000, -0.000000000000000000, -1.000000000000000000 ) ) ;
#506 = CIRCLE ( 'NONE', #9037, 37.75000000000000711 ) ;
#507 = CARTESIAN_POINT ( 'NONE',  ( 73.30671901020801329, -26.69328098979219988, 2.000000000000000000 ) ) ;
#508 = CARTESIAN_POINT ( 'NONE',  ( 25.07448596317426137, 65.07448596317414058, 6.000000000000000000 ) ) ;
#509 = EDGE_CURVE ( 'NONE', #5398, #6466, #9072, .T. ) ;
#510 = AXIS2_PLACEMENT_3D ( 'NONE', #7502, #1183, #6814 ) ;
#511 = DIRECTION ( 'NONE',  ( -0.000000000000000000, 0.000000000000000000, 1.000000000000000000 ) ) ;
#512 = DIRECTION ( 'NONE',  ( 1.000000000000000000, 0.000000000000000000, 0.000000000000000000 ) ) ;
#513 = ORIENTED_EDGE ( 'NONE', *, *, #8509, .T. ) ;
#514 = LINE ( 'NONE', #1238, #3716 ) ;
#515 = CARTESIAN_POINT ( 'NONE',  ( 31.78191838608340092, 17.64611025633111652, 6.000000000000000000 ) ) ;
#516 = ORIENTED_EDGE ( 'NONE', *, *, #2969, .F. ) ;
#517 = VECTOR ( 'NONE', #6248, 1000.000000000000000 ) ;
#518 = CARTESIAN_POINT ( 'NONE',  ( -17.18962096152796448, 106.5541996892569472, 2.000000000000000000 ) ) ;
#519 = EDGE_LOOP ( 'NONE', ( #7444, #1620, #2002, #225, #5452, #755, #4991, #1207, #2708, #683, #8050 ) ) ;
#520 = LINE ( 'NONE', #1156, #6497 ) ;
#521 = CARTESIAN_POINT ( 'NONE',  ( -84.66662096138759352, -108.4061916517099320, 4.500000000000033751 ) ) ;
#522 = CARTESIAN_POINT ( 'NONE',  ( 25.07448596317426137, 65.07448596317414058, 2.000000000000000000 ) ) ;
#523 = CARTESIAN_POINT ( 'NONE',  ( 164.6904881830742227, 120.9394902502120033, 4.500000000000130562 ) ) ;
#524 = DIRECTION ( 'NONE',  ( -0.3032917901662064986, -0.6387598062008758015, -0.7071067811865456854 ) ) ;
#525 = ORIENTED_EDGE ( 'NONE', *, *, #1032, .F. ) ;
#526 = EDGE_LOOP ( 'NONE', ( #7609, #8958, #4555 ) ) ;
#527 = AXIS2_PLACEMENT_3D ( 'NONE', #5132, #6565, #2363 ) ;
#528 = DIRECTION ( 'NONE',  ( 0.000000000000000000, 0.000000000000000000, 1.000000000000000000 ) ) ;
#529 = EDGE_CURVE ( 'NONE', #8308, #2204, #922, .T. ) ;
#530 = CIRCLE ( 'NONE', #8905, 1.500000000000001332 ) ;
#531 = ORIENTED_EDGE ( 'NONE', *, *, #5770, .T. ) ;
#532 = AXIS2_PLACEMENT_3D ( 'NONE', #5080, #740, #2957 ) ;
#533 = ORIENTED_EDGE ( 'NONE', *, *, #5038, .F. ) ;
#534 = FACE_OUTER_BOUND ( 'NONE', #7618, .T. ) ;
#535 = EDGE_CURVE ( 'NONE', #7734, #8938, #8479, .T. ) ;
#536 = ORIENTED_EDGE ( 'NONE', *, *, #5806, .F. ) ;
#537 = CIRCLE ( 'NONE', #6125, 9.999999999999994671 ) ;
#538 = ORIENTED_EDGE ( 'NONE', *, *, #274, .F. ) ;
#539 = CARTESIAN_POINT ( 'NONE',  ( -100.0000000000000000, 0.000000000000000000, 4.500000000000019540 ) ) ;
#540 = DIRECTION ( 'NONE',  ( 1.000000000000000000, 0.000000000000000000, 0.000000000000000000 ) ) ;
#541 = EDGE_CURVE ( 'NONE', #1837, #3897, #5694, .T. ) ;
#542 = ORIENTED_EDGE ( 'NONE', *, *, #81, .F. ) ;
#543 = AXIS2_PLACEMENT_3D ( 'NONE', #3547, #1281, #5623 ) ;
#544 = CARTESIAN_POINT ( 'NONE',  ( 205.0000000000000000, -140.0000000000000000, 6.000000000000000000 ) ) ;
#545 = ADVANCED_FACE ( 'NONE', ( #7200 ), #5123, .F. ) ;
#546 = CIRCLE ( 'NONE', #5706, 1.500000000000001332 ) ;
#547 = DIRECTION ( 'NONE',  ( 0.000000000000000000, 0.000000000000000000, 1.000000000000000000 ) ) ;
#548 = VERTEX_POINT ( 'NONE', #1616 ) ;
#549 = CARTESIAN_POINT ( 'NONE',  ( 126.8422529161406231, 66.84225291614060893, 4.500000000000130562 ) ) ;
#550 = EDGE_CURVE ( 'NONE', #2285, #2582, #1852, .T. ) ;
#551 = DIRECTION ( 'NONE',  ( -1.000000000000000000, 0.000000000000000000, 0.000000000000000000 ) ) ;
#552 = FACE_OUTER_BOUND ( 'NONE', #1680, .T. ) ;
#553 = DIRECTION ( 'NONE',  ( -0.000000000000000000, -0.000000000000000000, -1.000000000000000000 ) ) ;
#554 = DIRECTION ( 'NONE',  ( 0.000000000000000000, 0.000000000000000000, 1.000000000000000000 ) ) ;
#555 = DIRECTION ( 'NONE',  ( 1.000000000000000000, 6.454785026890445375E-17, 0.000000000000000000 ) ) ;
#556 = ORIENTED_EDGE ( 'NONE', *, *, #2793, .F. ) ;
#557 = CARTESIAN_POINT ( 'NONE',  ( 0.000000000000000000, 0.000000000000000000, 2.000000000000000000 ) ) ;
#558 = DIRECTION ( 'NONE',  ( 1.000000000000000000, 0.000000000000000000, 0.000000000000000000 ) ) ;
#559 = ORIENTED_EDGE ( 'NONE', *, *, #5730, .F. ) ;
#560 = CYLINDRICAL_SURFACE ( 'NONE', #5327, 1.500000000000001332 ) ;
#561 = VERTEX_POINT ( 'NONE', #3054 ) ;
#562 = DIRECTION ( 'NONE',  ( -0.000000000000000000, -0.000000000000000000, -1.000000000000000000 ) ) ;
#563 = LINE ( 'NONE', #2680, #3744 ) ;
#564 = DIRECTION ( 'NONE',  ( -0.000000000000000000, -0.000000000000000000, -1.000000000000000000 ) ) ;
#565 = CARTESIAN_POINT ( 'NONE',  ( 83.34178194375510884, -72.29722968529803495, 2.000000000000000000 ) ) ;
#566 = CARTESIAN_POINT ( 'NONE',  ( -149.9999999999999432, 90.00000000000002842, 2.000000000000000000 ) ) ;
#567 = VERTEX_POINT ( 'NONE', #8662 ) ;
#568 = DIRECTION ( 'NONE',  ( 1.000000000000000000, 0.000000000000000000, 0.000000000000000000 ) ) ;
#569 = ORIENTED_EDGE ( 'NONE', *, *, #6481, .T. ) ;
#570 = ORIENTED_EDGE ( 'NONE', *, *, #6832, .F. ) ;
#571 = LINE ( 'NONE', #2640, #214 ) ;
#572 = DIRECTION ( 'NONE',  ( 1.000000000000000000, 0.000000000000000000, 0.000000000000000000 ) ) ;
#573 = ORIENTED_EDGE ( 'NONE', *, *, #7743, .F. ) ;
#574 = ORIENTED_EDGE ( 'NONE', *, *, #2902, .T. ) ;
#575 = CARTESIAN_POINT ( 'NONE',  ( -84.92551403682574573, 65.07448596317415479, 2.000000000000000000 ) ) ;
#576 = DIRECTION ( 'NONE',  ( -0.000000000000000000, -0.000000000000000000, -1.000000000000000000 ) ) ;
#577 = ORIENTED_EDGE ( 'NONE', *, *, #2344, .F. ) ;
#578 = ORIENTED_EDGE ( 'NONE', *, *, #318, .F. ) ;
#579 = EDGE_CURVE ( 'NONE', #2530, #1785, #8179, .T. ) ;
#580 = EDGE_CURVE ( 'NONE', #6919, #4409, #6593, .T. ) ;
#581 = EDGE_CURVE ( 'NONE', #5438, #5448, #2016, .T. ) ;
#582 = CARTESIAN_POINT ( 'NONE',  ( 182.7500000000001137, -89.99999999999998579, 4.499999999999929834 ) ) ;
#583 = CARTESIAN_POINT ( 'NONE',  ( 88.19328098979227093, -63.30671901020773618, 6.000000000000000000 ) ) ;
#584 = ORIENTED_EDGE ( 'NONE', *, *, #3192, .F. ) ;
#585 = ORIENTED_EDGE ( 'NONE', *, *, #482, .F. ) ;
#586 = DIRECTION ( 'NONE',  ( 1.000000000000000000, 1.850371707708594760E-14, 0.000000000000000000 ) ) ;
#587 = LINE ( 'NONE', #3395, #2062 ) ;
#588 = MECHANICAL_DESIGN_GEOMETRIC_PRESENTATION_REPRESENTATION (  '', ( #7801 ), #1614 ) ;
#589 = EDGE_CURVE ( 'NONE', #5865, #6300, #3633, .T. ) ;
#590 = EDGE_CURVE ( 'NONE', #860, #9046, #2580, .T. ) ;
#591 = EDGE_CURVE ( 'NONE', #5218, #3910, #836, .T. ) ;
#592 = DIRECTION ( 'NONE',  ( 0.000000000000000000, -0.000000000000000000, -1.000000000000000000 ) ) ;
#593 = FACE_OUTER_BOUND ( 'NONE', #4999, .T. ) ;
#594 = DIRECTION ( 'NONE',  ( 0.000000000000000000, -0.000000000000000000, -1.000000000000000000 ) ) ;
#595 = CARTESIAN_POINT ( 'NONE',  ( -194.5000000000000000, 125.0000000000000568, 4.000000000000000000 ) ) ;
#596 = ORIENTED_EDGE ( 'NONE', *, *, #2740, .T. ) ;
#597 = FACE_OUTER_BOUND ( 'NONE', #6148, .T. ) ;
#598 = DIRECTION ( 'NONE',  ( -0.000000000000000000, 0.000000000000000000, 1.000000000000000000 ) ) ;
#599 = ORIENTED_EDGE ( 'NONE', *, *, #1386, .T. ) ;
#600 = AXIS2_PLACEMENT_3D ( 'NONE', #2407, #3663, #4397 ) ;
#601 = AXIS2_PLACEMENT_3D ( 'NONE', #2471, #6708, #276 ) ;
#602 = LINE ( 'NONE', #9084, #6511 ) ;
#603 = ORIENTED_EDGE ( 'NONE', *, *, #1009, .F. ) ;
#604 = DIRECTION ( 'NONE',  ( 0.000000000000000000, 0.000000000000000000, 1.000000000000000000 ) ) ;
#605 = FACE_OUTER_BOUND ( 'NONE', #1127, .T. ) ;
#606 = CARTESIAN_POINT ( 'NONE',  ( 135.9528908614400393, 60.41552392133027638, 4.500000000000130562 ) ) ;
#607 = CARTESIAN_POINT ( 'NONE',  ( 50.00000000000000000, 90.00000000000000000, 0.000000000000000000 ) ) ;
#608 = CYLINDRICAL_SURFACE ( 'NONE', #2445, 30.25000000000000000 ) ;
#609 = VERTEX_POINT ( 'NONE', #6728 ) ;
#610 = ORIENTED_EDGE ( 'NONE', *, *, #96, .F. ) ;
#611 = CYLINDRICAL_SURFACE ( 'NONE', #6057, 10.00000000000000888 ) ;
#612 = CIRCLE ( 'NONE', #6781, 1.500000000000001332 ) ;
#613 = ORIENTED_EDGE ( 'NONE', *, *, #7343, .T. ) ;
#614 = CIRCLE ( 'NONE', #2095, 11.49999999999987210 ) ;
#615 = ORIENTED_EDGE ( 'NONE', *, *, #4481, .T. ) ;
#616 = CIRCLE ( 'NONE', #327, 32.75000000000002842 ) ;
#617 = DIRECTION ( 'NONE',  ( -0.000000000000000000, -0.000000000000000000, -1.000000000000000000 ) ) ;
#618 = CIRCLE ( 'NONE', #2829, 10.00000000000000888 ) ;
#619 = DIRECTION ( 'NONE',  ( -0.000000000000000000, -0.000000000000000000, 1.000000000000000000 ) ) ;
#620 = ORIENTED_EDGE ( 'NONE', *, *, #1090, .T. ) ;
#621 = ORIENTED_EDGE ( 'NONE', *, *, #6446, .T. ) ;
#622 = EDGE_CURVE ( 'NONE', #8750, #1964, #8331, .T. ) ;
#623 = CARTESIAN_POINT ( 'NONE',  ( -86.69328098979205777, -116.6932809897921857, 2.000000000000000000 ) ) ;
#624 = DIRECTION ( 'NONE',  ( 1.000000000000000000, 9.251858538542962756E-15, 0.000000000000000000 ) ) ;
#625 = CIRCLE ( 'NONE', #5039, 1.500000000000001332 ) ;
#626 = VERTEX_POINT ( 'NONE', #5260 ) ;
#627 = AXIS2_PLACEMENT_3D ( 'NONE', #2796, #5463, #8322 ) ;
#628 = DIRECTION ( 'NONE',  ( -0.000000000000000000, -0.000000000000000000, -1.000000000000000000 ) ) ;
#629 = ORIENTED_EDGE ( 'NONE', *, *, #8353, .T. ) ;
#630 = DIRECTION ( 'NONE',  ( 0.7071067811865392461, 0.000000000000000000, 0.7071067811865556774 ) ) ;
#631 = ORIENTED_EDGE ( 'NONE', *, *, #8384, .F. ) ;
#632 = ORIENTED_EDGE ( 'NONE', *, *, #698, .T. ) ;
#633 = AXIS2_PLACEMENT_3D ( 'NONE', #1143, #8198, #5429 ) ;
#634 = VERTEX_POINT ( 'NONE', #8793 ) ;
#635 = CIRCLE ( 'NONE', #5197, 5.500000000000000000 ) ;
#636 = DIRECTION ( 'NONE',  ( 1.000000000000000000, 0.000000000000000000, 0.000000000000000000 ) ) ;
#637 = CIRCLE ( 'NONE', #7401, 32.75000000000001421 ) ;
#638 = DIRECTION ( 'NONE',  ( -0.000000000000000000, -0.000000000000000000, 1.000000000000000000 ) ) ;
#639 = VECTOR ( 'NONE', #617, 1000.000000000000000 ) ;
#640 = DIRECTION ( 'NONE',  ( -0.000000000000000000, -0.000000000000000000, 1.000000000000000000 ) ) ;
#641 = ADVANCED_FACE ( 'NONE', ( #7466 ), #7505, .F. ) ;
#642 = DIRECTION ( 'NONE',  ( -0.000000000000000000, -0.000000000000000000, -1.000000000000000000 ) ) ;
#643 = ADVANCED_FACE ( 'NONE', ( #8886 ), #7598, .T. ) ;
#644 = DIRECTION ( 'NONE',  ( -1.000000000000000000, 0.000000000000000000, 0.000000000000000000 ) ) ;
#645 = DIRECTION ( 'NONE',  ( 0.000000000000000000, -0.000000000000000000, -1.000000000000000000 ) ) ;
#646 = ORIENTED_EDGE ( 'NONE', *, *, #3228, .T. ) ;
#647 = AXIS2_PLACEMENT_3D ( 'NONE', #8681, #6401, #8604 ) ;
#648 = VECTOR ( 'NONE', #2630, 1000.000000000000000 ) ;
#649 = CARTESIAN_POINT ( 'NONE',  ( -73.30671901020787118, 26.69328098979220343, 2.000000000000000000 ) ) ;
#650 = EDGE_CURVE ( 'NONE', #2467, #5555, #5112, .T. ) ;
#651 = CARTESIAN_POINT ( 'NONE',  ( 205.0000000000000000, -140.0000000000000000, 0.000000000000000000 ) ) ;
#652 = AXIS2_PLACEMENT_3D ( 'NONE', #3208, #8267, #8221 ) ;
#653 = DIRECTION ( 'NONE',  ( -0.000000000000000000, -0.000000000000000000, 1.000000000000000000 ) ) ;
#654 = VECTOR ( 'NONE', #7782, 1000.000000000000000 ) ;
#655 = CARTESIAN_POINT ( 'NONE',  ( 126.8422529161406800, -113.1577470838594195, 4.499999999999929834 ) ) ;
#656 = DIRECTION ( 'NONE',  ( 0.000000000000000000, 0.000000000000000000, 1.000000000000000000 ) ) ;
#657 = EDGE_CURVE ( 'NONE', #1896, #3813, #2455, .T. ) ;
#658 = CARTESIAN_POINT ( 'NONE',  ( 0.000000000000000000, -124.9999999999999574, 8.673617379884035472E-16 ) ) ;
#659 = CARTESIAN_POINT ( 'NONE',  ( 205.5000000000000284, 125.0000000000000568, 4.000000000000000000 ) ) ;
#660 = ORIENTED_EDGE ( 'NONE', *, *, #698, .F. ) ;
#661 = CARTESIAN_POINT ( 'NONE',  ( -18.21808161391660974, 107.6461102563311414, 2.000000000000000000 ) ) ;
#662 = ADVANCED_FACE ( 'NONE', ( #6024 ), #3489, .T. ) ;
#663 = DIRECTION ( 'NONE',  ( -0.000000000000000000, 0.000000000000000000, 1.000000000000000000 ) ) ;
#664 = AXIS2_PLACEMENT_3D ( 'NONE', #6298, #671, #2697 ) ;
#665 = ORIENTED_EDGE ( 'NONE', *, *, #2813, .F. ) ;
#666 = CONICAL_SURFACE ( 'NONE', #5815, 1.500000000000084599, 0.7853981633974517207 ) ;
#667 = ORIENTED_EDGE ( 'NONE', *, *, #5554, .T. ) ;
#668 = FACE_OUTER_BOUND ( 'NONE', #4842, .T. ) ;
#669 = CYLINDRICAL_SURFACE ( 'NONE', #8284, 5.500000000000005329 ) ;
#670 = AXIS2_PLACEMENT_3D ( 'NONE', #1092, #1001, #1650 ) ;
#671 = DIRECTION ( 'NONE',  ( -0.000000000000000000, -0.000000000000000000, -1.000000000000000000 ) ) ;
#672 = VERTEX_POINT ( 'NONE', #333 ) ;
#673 = ORIENTED_EDGE ( 'NONE', *, *, #5097, .T. ) ;
#674 = DIRECTION ( 'NONE',  ( 1.000000000000000000, -6.938893903907222067E-15, 0.000000000000000000 ) ) ;
#675 = DIRECTION ( 'NONE',  ( 1.000000000000000000, 2.775557561562888827E-14, 0.000000000000000000 ) ) ;
#676 = VERTEX_POINT ( 'NONE', #8832 ) ;
#677 = ADVANCED_FACE ( 'NONE', ( #8935 ), #5344, .F. ) ;
#678 = EDGE_CURVE ( 'NONE', #4777, #7439, #1147, .T. ) ;
#679 = AXIS2_PLACEMENT_3D ( 'NONE', #6465, #252, #160 ) ;
#680 = CARTESIAN_POINT ( 'NONE',  ( 100.0000000000001137, 2.775557561562891351E-14, 2.000000000000000000 ) ) ;
#681 = CARTESIAN_POINT ( 'NONE',  ( 180.9394902502119180, 104.6904881830743363, 6.000000000000000000 ) ) ;
#682 = ORIENTED_EDGE ( 'NONE', *, *, #5658, .F. ) ;
#683 = ORIENTED_EDGE ( 'NONE', *, *, #579, .T. ) ;
#684 = AXIS2_PLACEMENT_3D ( 'NONE', #607, #5586, #3421 ) ;
#685 = ORIENTED_EDGE ( 'NONE', *, *, #5325, .F. ) ;
#686 = DIRECTION ( 'NONE',  ( -0.4902611097931227624, 0.5095527884571022792, -0.7071067811865526798 ) ) ;
#687 = FACE_BOUND ( 'NONE', #2638, .T. ) ;
#688 = AXIS2_PLACEMENT_3D ( 'NONE', #2529, #4618, #7422 ) ;
#689 = CONICAL_SURFACE ( 'NONE', #7014, 39.25000000000009237, 0.7853981633974506105 ) ;
#690 = CARTESIAN_POINT ( 'NONE',  ( 50.00000000000007105, -89.99999999999995737, 2.000000000000000000 ) ) ;
#691 = CONICAL_SURFACE ( 'NONE', #4235, 35.25000000000000000, 0.7853981633974437271 ) ;
#692 = DIRECTION ( 'NONE',  ( 1.000000000000000000, 0.000000000000000000, 0.000000000000000000 ) ) ;
#693 = CARTESIAN_POINT ( 'NONE',  ( -60.75000000000004974, 0.000000000000000000, 6.000000000000000000 ) ) ;
#694 = DIRECTION ( 'NONE',  ( -0.000000000000000000, -0.000000000000000000, -1.000000000000000000 ) ) ;
#695 = ORIENTED_EDGE ( 'NONE', *, *, #936, .F. ) ;
#696 = DIRECTION ( 'NONE',  ( 0.000000000000000000, 0.000000000000000000, 1.000000000000000000 ) ) ;
#697 = DIRECTION ( 'NONE',  ( 1.000000000000000000, 0.000000000000000000, 0.000000000000000000 ) ) ;
#698 = EDGE_CURVE ( 'NONE', #8647, #8998, #7901, .T. ) ;
#699 = CARTESIAN_POINT ( 'NONE',  ( -18.68962096152796448, 106.5541996892569472, 4.499999999999929834 ) ) ;
#700 = CARTESIAN_POINT ( 'NONE',  ( 32.29722968529827654, -123.3417819437550520, 6.000000000000000000 ) ) ;
#701 = EDGE_CURVE ( 'NONE', #8055, #6985, #1125, .T. ) ;
#702 = DIRECTION ( 'NONE',  ( 0.000000000000000000, 0.000000000000000000, 1.000000000000000000 ) ) ;
#703 = DIRECTION ( 'NONE',  ( -0.000000000000000000, -0.000000000000000000, -1.000000000000000000 ) ) ;
#704 = CYLINDRICAL_SURFACE ( 'NONE', #113, 1.500000000000001332 ) ;
#705 = ORIENTED_EDGE ( 'NONE', *, *, #5730, .T. ) ;
#706 = ORIENTED_EDGE ( 'NONE', *, *, #401, .T. ) ;
#707 = CARTESIAN_POINT ( 'NONE',  ( 31.59380834829025986, -124.6666209613877072, 4.499999999999929834 ) ) ;
#708 = LINE ( 'NONE', #4856, #8098 ) ;
#709 = VERTEX_POINT ( 'NONE', #8020 ) ;
#710 = EDGE_CURVE ( 'NONE', #2922, #6242, #975, .T. ) ;
#711 = ORIENTED_EDGE ( 'NONE', *, *, #5268, .T. ) ;
#712 = DIRECTION ( 'NONE',  ( -0.6387598062008823518, -0.3032917901662098292, -0.7071067811865382469 ) ) ;
#713 = EDGE_CURVE ( 'NONE', #6162, #7230, #3879, .T. ) ;
#714 = CARTESIAN_POINT ( 'NONE',  ( 50.00000000000000000, 90.00000000000000000, 4.499999999999936051 ) ) ;
#715 = DIRECTION ( 'NONE',  ( 0.000000000000000000, -0.000000000000000000, -1.000000000000000000 ) ) ;
#716 = EDGE_LOOP ( 'NONE', ( #841, #8447, #8519 ) ) ;
#717 = ORIENTED_EDGE ( 'NONE', *, *, #216, .F. ) ;
#718 = CARTESIAN_POINT ( 'NONE',  ( -73.30671901020787118, 26.69328098979220343, 6.000000000000000000 ) ) ;
#719 = LINE ( 'NONE', #5603, #8556 ) ;
#720 = EDGE_LOOP ( 'NONE', ( #6396, #5760, #723, #7826 ) ) ;
#721 = CARTESIAN_POINT ( 'NONE',  ( 65.33337903861246332, -18.40619165170993909, 4.499999999999922728 ) ) ;
#722 = LINE ( 'NONE', #1273, #8147 ) ;
#723 = ORIENTED_EDGE ( 'NONE', *, *, #7827, .T. ) ;
#724 = ORIENTED_EDGE ( 'NONE', *, *, #1438, .T. ) ;
#725 = ORIENTED_EDGE ( 'NONE', *, *, #3691, .F. ) ;
#726 = DIRECTION ( 'NONE',  ( 0.000000000000000000, 0.000000000000000000, 1.000000000000000000 ) ) ;
#727 = LINE ( 'NONE', #9019, #439 ) ;
#728 = ORIENTED_EDGE ( 'NONE', *, *, #4180, .F. ) ;
#729 = LINE ( 'NONE', #2172, #8133 ) ;
#730 = DIRECTION ( 'NONE',  ( 0.000000000000000000, -0.000000000000000000, -1.000000000000000000 ) ) ;
#731 = DIRECTION ( 'NONE',  ( 1.000000000000000000, 0.000000000000000000, 0.000000000000000000 ) ) ;
#732 = FACE_BOUND ( 'NONE', #6325, .T. ) ;
#733 = ORIENTED_EDGE ( 'NONE', *, *, #2842, .F. ) ;
#734 = ADVANCED_FACE ( 'NONE', ( #7369 ), #1056, .F. ) ;
#735 = DIRECTION ( 'NONE',  ( 1.000000000000000000, 0.000000000000000000, 0.000000000000000000 ) ) ;
#736 = PLANE ( 'NONE',  #4746 ) ;
#737 = FACE_OUTER_BOUND ( 'NONE', #4139, .T. ) ;
#738 = CARTESIAN_POINT ( 'NONE',  ( 0.000000000000000000, 0.000000000000000000, 2.000000000000000000 ) ) ;
#739 = VERTEX_POINT ( 'NONE', #8379 ) ;
#740 = DIRECTION ( 'NONE',  ( 0.000000000000000000, 0.000000000000000000, 1.000000000000000000 ) ) ;
#741 = DIRECTION ( 'NONE',  ( 1.000000000000000000, 0.000000000000000000, 0.000000000000000000 ) ) ;
#742 = ORIENTED_EDGE ( 'NONE', *, *, #3349, .F. ) ;
#743 = ADVANCED_FACE ( 'NONE', ( #8334 ), #4519, .F. ) ;
#744 = CARTESIAN_POINT ( 'NONE',  ( 0.000000000000000000, 0.000000000000000000, 6.000000000000000000 ) ) ;
#745 = AXIS2_PLACEMENT_3D ( 'NONE', #3703, #7977, #1580 ) ;
#746 = DIRECTION ( 'NONE',  ( -0.000000000000000000, -0.000000000000000000, 1.000000000000000000 ) ) ;
#747 = ADVANCED_FACE ( 'NONE', ( #5481 ), #2753, .T. ) ;
#748 = EDGE_LOOP ( 'NONE', ( #5885, #5508, #7645 ) ) ;
#749 = CIRCLE ( 'NONE', #7076, 35.25000000000002132 ) ;
#750 = ORIENTED_EDGE ( 'NONE', *, *, #1652, .T. ) ;
#751 = DIRECTION ( 'NONE',  ( 1.000000000000000000, 0.000000000000000000, 0.000000000000000000 ) ) ;
#752 = DIRECTION ( 'NONE',  ( 0.000000000000000000, -0.000000000000000000, -1.000000000000000000 ) ) ;
#753 = CARTESIAN_POINT ( 'NONE',  ( -135.3095118169255500, 120.9394902502118043, 6.000000000000000000 ) ) ;
#754 = EDGE_CURVE ( 'NONE', #4119, #1366, #2766, .T. ) ;
#755 = ORIENTED_EDGE ( 'NONE', *, *, #6104, .F. ) ;
#756 = AXIS2_PLACEMENT_3D ( 'NONE', #5089, #6642, #5950 ) ;
#757 = EDGE_LOOP ( 'NONE', ( #5457, #3384 ) ) ;
#758 = EDGE_CURVE ( 'NONE', #634, #8647, #4667, .T. ) ;
#759 = DIRECTION ( 'NONE',  ( 0.000000000000000000, -0.000000000000000000, -1.000000000000000000 ) ) ;
#760 = DIRECTION ( 'NONE',  ( -1.000000000000000000, 0.000000000000000000, 0.000000000000000000 ) ) ;
#761 = EDGE_CURVE ( 'NONE', #8960, #6260, #4799, .T. ) ;
#762 = EDGE_CURVE ( 'NONE', #5353, #3740, #6316, .T. ) ;
#763 = ORIENTED_EDGE ( 'NONE', *, *, #3862, .T. ) ;
#764 = AXIS2_PLACEMENT_3D ( 'NONE', #4072, #5402, #6693 ) ;
#765 = AXIS2_PLACEMENT_3D ( 'NONE', #3884, #5349, #8157 ) ;
#766 = DIRECTION ( 'NONE',  ( 1.000000000000000000, 0.000000000000000000, 0.000000000000000000 ) ) ;
#767 = CARTESIAN_POINT ( 'NONE',  ( 32.35388974366901493, 58.21808161391651737, 4.499999999999936051 ) ) ;
#768 = ORIENTED_EDGE ( 'NONE', *, *, #5962, .T. ) ;
#769 = EDGE_LOOP ( 'NONE', ( #733, #3805, #5004, #8996 ) ) ;
#770 = VECTOR ( 'NONE', #872, 1000.000000000000000 ) ;
#771 = ORIENTED_EDGE ( 'NONE', *, *, #4266, .F. ) ;
#772 = CARTESIAN_POINT ( 'NONE',  ( 5.500000000000000000, 125.0000000000000568, 6.000000000000000000 ) ) ;
#773 = CIRCLE ( 'NONE', #4449, 5.500000000000000000 ) ;
#774 = AXIS2_PLACEMENT_3D ( 'NONE', #6138, #6087, #4111 ) ;
#775 = LINE ( 'NONE', #951, #8537 ) ;
#776 = AXIS2_PLACEMENT_3D ( 'NONE', #8054, #2442, #8931 ) ;
#777 = AXIS2_PLACEMENT_3D ( 'NONE', #1321, #2855, #1376 ) ;
#778 = VECTOR ( 'NONE', #6751, 1000.000000000000000 ) ;
#779 = DIRECTION ( 'NONE',  ( 0.000000000000000000, 0.000000000000000000, 1.000000000000000000 ) ) ;
#780 = VECTOR ( 'NONE', #504, 1000.000000000000000 ) ;
#781 = DIRECTION ( 'NONE',  ( -0.000000000000000000, -0.000000000000000000, -1.000000000000000000 ) ) ;
#782 = DIRECTION ( 'NONE',  ( 1.000000000000000000, 0.000000000000000000, 0.000000000000000000 ) ) ;
#783 = FACE_OUTER_BOUND ( 'NONE', #8015, .T. ) ;
#784 = VERTEX_POINT ( 'NONE', #4063 ) ;
#785 = CARTESIAN_POINT ( 'NONE',  ( 83.62662009552745701, -70.51288365201838815, 4.499999999999929834 ) ) ;
#786 = VECTOR ( 'NONE', #4418, 1000.000000000000000 ) ;
#787 = DIRECTION ( 'NONE',  ( 1.000000000000000000, 0.000000000000000000, 0.000000000000000000 ) ) ;
#788 = CONICAL_SURFACE ( 'NONE', #1076, 1.499999999999890310, 0.7853981633974507215 ) ;
#789 = EDGE_CURVE ( 'NONE', #4804, #2922, #2035, .T. ) ;
#790 = DIRECTION ( 'NONE',  ( 1.000000000000000000, 0.000000000000000000, 0.000000000000000000 ) ) ;
#791 = CONICAL_SURFACE ( 'NONE', #3146, 35.25000000000000000, 0.7853981633974437271 ) ;
#792 = FACE_OUTER_BOUND ( 'NONE', #7348, .T. ) ;
#793 = AXIS2_PLACEMENT_3D ( 'NONE', #7768, #131, #1449 ) ;
#794 = VERTEX_POINT ( 'NONE', #1931 ) ;
#795 = PLANE ( 'NONE',  #3921 ) ;
#796 = DIRECTION ( 'NONE',  ( -0.000000000000000000, -0.000000000000000000, 1.000000000000000000 ) ) ;
#797 = VERTEX_POINT ( 'NONE', #6901 ) ;
#798 = CARTESIAN_POINT ( 'NONE',  ( -15.33337903861228035, -71.59380834828998275, 4.500000000000033751 ) ) ;
#799 = DIRECTION ( 'NONE',  ( 1.000000000000000000, 0.000000000000000000, 0.000000000000000000 ) ) ;
#800 = CIRCLE ( 'NONE', #361, 3.299999999999999822 ) ;
#801 = VERTEX_POINT ( 'NONE', #595 ) ;
#802 = CONICAL_SURFACE ( 'NONE', #5661, 10.00000000000000888, 0.7853981633974477239 ) ;
#803 = ORIENTED_EDGE ( 'NONE', *, *, #5549, .T. ) ;
#804 = DIRECTION ( 'NONE',  ( 1.000000000000000000, 0.000000000000000000, 0.000000000000000000 ) ) ;
#805 = AXIS2_PLACEMENT_3D ( 'NONE', #5602, #6927, #7666 ) ;
#806 = CARTESIAN_POINT ( 'NONE',  ( -149.9999999999999432, 90.00000000000002842, 2.000000000000000000 ) ) ;
#807 = PRODUCT_RELATED_PRODUCT_CATEGORY ( 'part', '', ( #2619 ) ) ;
#808 = CARTESIAN_POINT ( 'NONE',  ( 200.0000000000000000, -124.9999999999999574, 6.000000000000000000 ) ) ;
#809 = VERTEX_POINT ( 'NONE', #6860 ) ;
#810 = ORIENTED_EDGE ( 'NONE', *, *, #4932, .F. ) ;
#811 = LINE ( 'NONE', #5739, #2561 ) ;
#812 = ORIENTED_EDGE ( 'NONE', *, *, #1213, .F. ) ;
#813 = EDGE_CURVE ( 'NONE', #1965, #8319, #7311, .T. ) ;
#814 = CIRCLE ( 'NONE', #1400, 11.50000000000006040 ) ;
#815 = CYLINDRICAL_SURFACE ( 'NONE', #8429, 10.00000000000000888 ) ;
#816 = DIRECTION ( 'NONE',  ( -0.000000000000000000, -0.000000000000000000, -1.000000000000000000 ) ) ;
#817 = EDGE_CURVE ( 'NONE', #8051, #1896, #2718, .T. ) ;
#818 = VERTEX_POINT ( 'NONE', #6270 ) ;
#819 = ORIENTED_EDGE ( 'NONE', *, *, #5145, .T. ) ;
#820 = EDGE_CURVE ( 'NONE', #5311, #1837, #4202, .T. ) ;
#821 = CARTESIAN_POINT ( 'NONE',  ( -120.5605097497879115, 104.6904881830740379, 4.500000000000054179 ) ) ;
#822 = CIRCLE ( 'NONE', #7295, 37.75000000000000711 ) ;
#823 = DIRECTION ( 'NONE',  ( 1.000000000000000000, 0.000000000000000000, 0.000000000000000000 ) ) ;
#824 = AXIS2_PLACEMENT_3D ( 'NONE', #2970, #3842, #5046 ) ;
#825 = EDGE_CURVE ( 'NONE', #8756, #7375, #7549, .T. ) ;
#826 = AXIS2_PLACEMENT_3D ( 'NONE', #3053, #5854, #1478 ) ;
#827 = DIRECTION ( 'NONE',  ( 0.000000000000000000, 0.000000000000000000, 1.000000000000000000 ) ) ;
#828 = ADVANCED_FACE ( 'NONE', ( #3404 ), #6170, .F. ) ;
#829 = DIRECTION ( 'NONE',  ( -1.000000000000000000, 0.000000000000000000, 0.000000000000000000 ) ) ;
#830 = FACE_OUTER_BOUND ( 'NONE', #2066, .T. ) ;
#831 = AXIS2_PLACEMENT_3D ( 'NONE', #3746, #796, #1530 ) ;
#832 = ORIENTED_EDGE ( 'NONE', *, *, #6847, .F. ) ;
#833 = CARTESIAN_POINT ( 'NONE',  ( 203.3000000000000114, -124.9999999999999574, 6.000000000000000000 ) ) ;
#834 = DIRECTION ( 'NONE',  ( 0.000000000000000000, -0.000000000000000000, -1.000000000000000000 ) ) ;
#835 = AXIS2_PLACEMENT_3D ( 'NONE', #4798, #7601, #6269 ) ;
#836 = CIRCLE ( 'NONE', #7459, 37.75000000000000000 ) ;
#837 = CARTESIAN_POINT ( 'NONE',  ( -115.3422529161405379, -66.84225291614050946, 6.000000000000000000 ) ) ;
#838 = FACE_OUTER_BOUND ( 'NONE', #6308, .T. ) ;
#839 = CARTESIAN_POINT ( 'NONE',  ( -135.9528908614400109, -60.41552392133019111, 6.000000000000000000 ) ) ;
#840 = AXIS2_PLACEMENT_3D ( 'NONE', #8200, #1235, #3358 ) ;
#841 = ORIENTED_EDGE ( 'NONE', *, *, #148, .T. ) ;
#842 = DIRECTION ( 'NONE',  ( 1.000000000000000000, 0.000000000000000000, 0.000000000000000000 ) ) ;
#843 = FACE_OUTER_BOUND ( 'NONE', #338, .T. ) ;
#844 = VERTEX_POINT ( 'NONE', #1325 ) ;
#845 = CYLINDRICAL_SURFACE ( 'NONE', #2820, 3.299999999999998934 ) ;
#846 = CARTESIAN_POINT ( 'NONE',  ( -149.9999999999999432, 90.00000000000002842, 0.000000000000000000 ) ) ;
#847 = ORIENTED_EDGE ( 'NONE', *, *, #4924, .F. ) ;
#848 = ORIENTED_EDGE ( 'NONE', *, *, #8801, .F. ) ;
#849 = CARTESIAN_POINT ( 'NONE',  ( -149.9999999999999432, -90.00000000000002842, 4.499999999999950262 ) ) ;
#850 = DIRECTION ( 'NONE',  ( -0.000000000000000000, 0.000000000000000000, 1.000000000000000000 ) ) ;
#851 = DIRECTION ( 'NONE',  ( 1.000000000000000000, 0.000000000000000000, 0.000000000000000000 ) ) ;
#852 = DIRECTION ( 'NONE',  ( 0.000000000000000000, 0.000000000000000000, 1.000000000000000000 ) ) ;
#853 = VERTEX_POINT ( 'NONE', #1986 ) ;
#854 = DIRECTION ( 'NONE',  ( -0.000000000000000000, -0.000000000000000000, -1.000000000000000000 ) ) ;
#855 = ORIENTED_EDGE ( 'NONE', *, *, #5098, .F. ) ;
#856 = CARTESIAN_POINT ( 'NONE',  ( 0.000000000000000000, -124.9999999999999574, 6.000000000000000000 ) ) ;
#857 = VERTEX_POINT ( 'NONE', #6219 ) ;
#858 = CARTESIAN_POINT ( 'NONE',  ( 3.081487911019577365E-30, 125.0000000000000568, 4.000000000000000000 ) ) ;
#859 = EDGE_LOOP ( 'NONE', ( #569, #7428, #5653, #3723, #6350 ) ) ;
#860 = VERTEX_POINT ( 'NONE', #4153 ) ;
#861 = CARTESIAN_POINT ( 'NONE',  ( 134.6666209613878493, 18.40619165170990001, 6.000000000000000000 ) ) ;
#862 = EDGE_CURVE ( 'NONE', #6782, #4406, #8185, .T. ) ;
#863 = CARTESIAN_POINT ( 'NONE',  ( 15.07448596317426137, 65.07448596317414058, 2.000000000000000000 ) ) ;
#864 = EDGE_CURVE ( 'NONE', #5311, #4711, #6574, .T. ) ;
#865 = ADVANCED_FACE ( 'NONE', ( #732, #6362 ), #5432, .F. ) ;
#866 = DIRECTION ( 'NONE',  ( 1.000000000000000000, 0.000000000000000000, 0.000000000000000000 ) ) ;
#867 = DIRECTION ( 'NONE',  ( 1.000000000000000000, 0.000000000000000000, 0.000000000000000000 ) ) ;
#868 = DIRECTION ( 'NONE',  ( -1.000000000000000000, 0.000000000000000000, 0.000000000000000000 ) ) ;
#869 = CYLINDRICAL_SURFACE ( 'NONE', #5552, 3.299999999999997158 ) ;
#870 = ORIENTED_EDGE ( 'NONE', *, *, #4692, .F. ) ;
#871 = ADVANCED_FACE ( 'NONE', ( #275 ), #6707, .T. ) ;
#872 = DIRECTION ( 'NONE',  ( -0.000000000000000000, 0.000000000000000000, -1.000000000000000000 ) ) ;
#873 = CARTESIAN_POINT ( 'NONE',  ( -179.5844760786696952, -104.0471091385600886, 2.000000000000000000 ) ) ;
#874 = ADVANCED_FACE ( 'NONE', ( #4594 ), #7170, .T. ) ;
#875 = EDGE_CURVE ( 'NONE', #5154, #6060, #6128, .T. ) ;
#876 = DIRECTION ( 'NONE',  ( -0.000000000000000000, -0.000000000000000000, -1.000000000000000000 ) ) ;
#877 = DIRECTION ( 'NONE',  ( 0.000000000000000000, 0.000000000000000000, 1.000000000000000000 ) ) ;
#878 = ORIENTED_EDGE ( 'NONE', *, *, #7805, .F. ) ;
#879 = DIRECTION ( 'NONE',  ( 0.000000000000000000, -0.000000000000000000, -1.000000000000000000 ) ) ;
#880 = DIRECTION ( 'NONE',  ( 1.000000000000000000, 0.000000000000000000, 0.000000000000000000 ) ) ;
#881 = EDGE_LOOP ( 'NONE', ( #6177, #667, #7069, #1897, #7359, #7816, #5376, #3300, #8742, #1469, #6823 ) ) ;
#882 = CARTESIAN_POINT ( 'NONE',  ( -62.25000000000000711, 0.000000000000000000, 4.500000000000019540 ) ) ;
#883 = CARTESIAN_POINT ( 'NONE',  ( 64.75000000000014211, 2.775557561562891351E-14, 0.000000000000000000 ) ) ;
#884 = ORIENTED_EDGE ( 'NONE', *, *, #6808, .F. ) ;
#885 = DIRECTION ( 'NONE',  ( 0.000000000000000000, 0.000000000000000000, 1.000000000000000000 ) ) ;
#886 = FACE_BOUND ( 'NONE', #7839, .T. ) ;
#887 = DIRECTION ( 'NONE',  ( 1.000000000000000000, 0.000000000000000000, 0.000000000000000000 ) ) ;
#888 = DIRECTION ( 'NONE',  ( 0.000000000000000000, -0.000000000000000000, -1.000000000000000000 ) ) ;
#889 = ORIENTED_EDGE ( 'NONE', *, *, #8780, .T. ) ;
#890 = FACE_OUTER_BOUND ( 'NONE', #4040, .T. ) ;
#891 = VECTOR ( 'NONE', #996, 1000.000000000000000 ) ;
#892 = EDGE_LOOP ( 'NONE', ( #7944, #4472, #6097, #5947, #2437, #2370, #6171, #7567, #6139, #7016, #884 ) ) ;
#893 = AXIS2_PLACEMENT_3D ( 'NONE', #1485, #746, #6380 ) ;
#894 = CARTESIAN_POINT ( 'NONE',  ( -182.7499999999999716, -90.00000000000002842, 2.000000000000000000 ) ) ;
#895 = ADVANCED_FACE ( 'NONE', ( #783 ), #8486, .F. ) ;
#896 = DIRECTION ( 'NONE',  ( -0.000000000000000000, -0.000000000000000000, -1.000000000000000000 ) ) ;
#897 = ORIENTED_EDGE ( 'NONE', *, *, #2501, .F. ) ;
#898 = ORIENTED_EDGE ( 'NONE', *, *, #1435, .T. ) ;
#899 = ORIENTED_EDGE ( 'NONE', *, *, #8853, .T. ) ;
#900 = CYLINDRICAL_SURFACE ( 'NONE', #3694, 1.500000000000001332 ) ;
#901 = VECTOR ( 'NONE', #6042, 1000.000000000000000 ) ;
#902 = DIRECTION ( 'NONE',  ( 0.000000000000000000, 0.000000000000000000, 1.000000000000000000 ) ) ;
#903 = CONICAL_SURFACE ( 'NONE', #3563, 1.499999999999959588, 0.7853981633974416177 ) ;
#904 = AXIS2_PLACEMENT_3D ( 'NONE', #1668, #5167, #7974 ) ;
#905 = CARTESIAN_POINT ( 'NONE',  ( -164.0471091385601312, 60.41552392133032612, 4.500000000000054179 ) ) ;
#906 = DIRECTION ( 'NONE',  ( 1.000000000000000000, 0.000000000000000000, 0.000000000000000000 ) ) ;
#907 = CARTESIAN_POINT ( 'NONE',  ( 16.37337990447270641, -109.4871163479815266, 6.000000000000000000 ) ) ;
#908 = CIRCLE ( 'NONE', #8270, 10.00000000000000888 ) ;
#909 = VECTOR ( 'NONE', #6961, 999.9999999999998863 ) ;
#910 = CARTESIAN_POINT ( 'NONE',  ( 69.48711634798151238, -56.37337990447251457, 2.000000000000000000 ) ) ;
#911 = ORIENTED_EDGE ( 'NONE', *, *, #7050, .F. ) ;
#912 = DIRECTION ( 'NONE',  ( -0.000000000000000000, -0.000000000000000000, 1.000000000000000000 ) ) ;
#913 = CIRCLE ( 'NONE', #2105, 10.00000000000000888 ) ;
#914 = AXIS2_PLACEMENT_3D ( 'NONE', #2346, #4467, #906 ) ;
#915 = AXIS2_PLACEMENT_3D ( 'NONE', #4282, #726, #8607 ) ;
#916 = EDGE_CURVE ( 'NONE', #4777, #1168, #5190, .T. ) ;
#917 = EDGE_CURVE ( 'NONE', #8271, #4444, #1083, .T. ) ;
#918 = DIRECTION ( 'NONE',  ( -0.000000000000000000, -0.000000000000000000, 1.000000000000000000 ) ) ;
#919 = CARTESIAN_POINT ( 'NONE',  ( 0.000000000000000000, 0.000000000000000000, 6.000000000000000000 ) ) ;
#920 = FACE_OUTER_BOUND ( 'NONE', #7930, .T. ) ;
#921 = ADVANCED_FACE ( 'NONE', ( #5677 ), #691, .F. ) ;
#922 = LINE ( 'NONE', #8576, #4805 ) ;
#923 = ORIENTED_EDGE ( 'NONE', *, *, #8557, .T. ) ;
#924 = AXIS2_PLACEMENT_3D ( 'NONE', #4872, #5517, #6933 ) ;
#925 = VECTOR ( 'NONE', #8774, 1000.000000000000114 ) ;
#926 = DIRECTION ( 'NONE',  ( -1.000000000000000000, 0.000000000000000000, 0.000000000000000000 ) ) ;
#927 = LINE ( 'NONE', #2358, #7363 ) ;
#928 = VERTEX_POINT ( 'NONE', #7316 ) ;
#929 = AXIS2_PLACEMENT_3D ( 'NONE', #6826, #3977, #7996 ) ;
#930 = EDGE_CURVE ( 'NONE', #784, #5316, #3816, .T. ) ;
#931 = CONICAL_SURFACE ( 'NONE', #5504, 1.500000000000084599, 0.7853981633974517207 ) ;
#932 = ORIENTED_EDGE ( 'NONE', *, *, #7791, .T. ) ;
#933 = CARTESIAN_POINT ( 'NONE',  ( 66.37337990447274194, -19.48711634798153725, 2.000000000000000000 ) ) ;
#934 = CARTESIAN_POINT ( 'NONE',  ( 0.000000000000000000, 0.000000000000000000, 0.000000000000000000 ) ) ;
#936 = EDGE_CURVE ( 'NONE', #5865, #3316, #5238, .T. ) ;
#935 = DIRECTION ( 'NONE',  ( -0.000000000000000000, -0.000000000000000000, -1.000000000000000000 ) ) ;
#937 = EDGE_CURVE ( 'NONE', #2385, #8404, #5845, .T. ) ;
#938 = LINE ( 'NONE', #297, #8762 ) ;
#939 = EDGE_LOOP ( 'NONE', ( #1307, #7887 ) ) ;
#940 = CARTESIAN_POINT ( 'NONE',  ( 5.500000000000000000, -124.9999999999999574, 4.000000000000000000 ) ) ;
#941 = AXIS2_PLACEMENT_3D ( 'NONE', #8944, #3367, #8387 ) ;
#942 = ORIENTED_EDGE ( 'NONE', *, *, #153, .T. ) ;
#943 = CIRCLE ( 'NONE', #3605, 10.00000000000000178 ) ;
#944 = FACE_OUTER_BOUND ( 'NONE', #6785, .T. ) ;
#945 = VECTOR ( 'NONE', #3262, 1000.000000000000000 ) ;
#946 = CARTESIAN_POINT ( 'NONE',  ( 32.35388974366901493, 58.21808161391651737, 6.000000000000000000 ) ) ;
#947 = VERTEX_POINT ( 'NONE', #3772 ) ;
#948 = ORIENTED_EDGE ( 'NONE', *, *, #4563, .F. ) ;
#949 = DIRECTION ( 'NONE',  ( -0.6245351022323758494, -0.3315959982864503108, -0.7071067811865532349 ) ) ;
#950 = DIRECTION ( 'NONE',  ( 1.000000000000000000, 0.000000000000000000, 0.000000000000000000 ) ) ;
#951 = CARTESIAN_POINT ( 'NONE',  ( -203.3000000000000114, 125.0000000000000568, 6.000000000000000000 ) ) ;
#952 = EDGE_CURVE ( 'NONE', #7747, #2147, #2173, .T. ) ;
#953 = AXIS2_PLACEMENT_3D ( 'NONE', #4553, #5883, #7410 ) ;
#954 = DIRECTION ( 'NONE',  ( 0.000000000000000000, 0.000000000000000000, 1.000000000000000000 ) ) ;
#955 = CYLINDRICAL_SURFACE ( 'NONE', #7254, 10.00000000000000888 ) ;
#956 = CARTESIAN_POINT ( 'NONE',  ( -200.0000000000000000, 125.0000000000000568, 4.000000000000000000 ) ) ;
#957 = VECTOR ( 'NONE', #6093, 1000.000000000000114 ) ;
#958 = CARTESIAN_POINT ( 'NONE',  ( 184.2500000000001421, -89.99999999999998579, 6.000000000000000000 ) ) ;
#959 = VERTEX_POINT ( 'NONE', #8044 ) ;
#960 = CARTESIAN_POINT ( 'NONE',  ( 100.0000000000001137, 2.775557561562891351E-14, 6.000000000000000000 ) ) ;
#961 = AXIS2_PLACEMENT_3D ( 'NONE', #7433, #8847, #5358 ) ;
#962 = VECTOR ( 'NONE', #5998, 1000.000000000000000 ) ;
#963 = ORIENTED_EDGE ( 'NONE', *, *, #4096, .F. ) ;
#964 = CARTESIAN_POINT ( 'NONE',  ( 120.0755197280080324, 74.20508674291038176, 2.000000000000000000 ) ) ;
#965 = VECTOR ( 'NONE', #968, 1000.000000000000000 ) ;
#966 = DIRECTION ( 'NONE',  ( -1.000000000000000000, 0.000000000000000000, 0.000000000000000000 ) ) ;
#967 = FACE_OUTER_BOUND ( 'NONE', #2493, .T. ) ;
#968 = DIRECTION ( 'NONE',  ( -0.000000000000000000, -0.000000000000000000, -1.000000000000000000 ) ) ;
#969 = ORIENTED_EDGE ( 'NONE', *, *, #2448, .T. ) ;
#970 = AXIS2_PLACEMENT_3D ( 'NONE', #1749, #4564, #7368 ) ;
#971 = DIRECTION ( 'NONE',  ( -0.000000000000000000, -0.000000000000000000, -1.000000000000000000 ) ) ;
#972 = ADVANCED_FACE ( 'NONE', ( #2177 ), #3048, .T. ) ;
#973 = CARTESIAN_POINT ( 'NONE',  ( -100.0000000000000000, 0.000000000000000000, 4.500000000000019540 ) ) ;
#974 = ORIENTED_EDGE ( 'NONE', *, *, #529, .F. ) ;
#975 = CIRCLE ( 'NONE', #2900, 1.500000000000001332 ) ;
#976 = EDGE_CURVE ( 'NONE', #1785, #6309, #3338, .T. ) ;
#977 = CONICAL_SURFACE ( 'NONE', #7756, 32.75000000000000000, 0.7853981633974367327 ) ;
#978 = EDGE_LOOP ( 'NONE', ( #398, #8326, #6386, #6990 ) ) ;
#979 = CARTESIAN_POINT ( 'NONE',  ( 134.6666209613878777, 18.40619165171000304, 6.000000000000000000 ) ) ;
#980 = FACE_OUTER_BOUND ( 'NONE', #334, .T. ) ;
#981 = CARTESIAN_POINT ( 'NONE',  ( 116.8422529161406658, -113.1577470838594195, 2.000000000000000000 ) ) ;
#982 = EDGE_LOOP ( 'NONE', ( #4137, #5738, #8595, #1755, #76 ) ) ;
#983 = ORIENTED_EDGE ( 'NONE', *, *, #5909, .F. ) ;
#984 = ORIENTED_EDGE ( 'NONE', *, *, #3411, .T. ) ;
#985 = CYLINDRICAL_SURFACE ( 'NONE', #4647, 1.500000000000001332 ) ;
#986 = EDGE_CURVE ( 'NONE', #3706, #7997, #5284, .T. ) ;
#987 = ORIENTED_EDGE ( 'NONE', *, *, #5293, .T. ) ;
#988 = ADVANCED_FACE ( 'NONE', ( #5966 ), #3495, .T. ) ;
#989 = ORIENTED_EDGE ( 'NONE', *, *, #35, .T. ) ;
#990 = FACE_OUTER_BOUND ( 'NONE', #4725, .T. ) ;
#991 = CARTESIAN_POINT ( 'NONE',  ( -82.81037903847203552, 73.44580031074306703, 4.499999999999929834 ) ) ;
#992 = ORIENTED_EDGE ( 'NONE', *, *, #7018, .F. ) ;
#993 = EDGE_CURVE ( 'NONE', #3201, #4409, #4287, .T. ) ;
#994 = EDGE_LOOP ( 'NONE', ( #2742, #89, #711, #5415, #9049 ) ) ;
#995 = CARTESIAN_POINT ( 'NONE',  ( 65.33337903861246332, -18.40619165170993909, 6.000000000000000000 ) ) ;
#996 = DIRECTION ( 'NONE',  ( -0.7071067811865456854, 0.000000000000000000, -0.7071067811865493491 ) ) ;
#997 = FACE_OUTER_BOUND ( 'NONE', #3499, .T. ) ;
#998 = CARTESIAN_POINT ( 'NONE',  ( 200.0000000000000000, -124.9999999999999574, 6.000000000000000000 ) ) ;
#999 = ORIENTED_EDGE ( 'NONE', *, *, #5427, .T. ) ;
#1000 = DIRECTION ( 'NONE',  ( 1.000000000000000000, 0.000000000000000000, 0.000000000000000000 ) ) ;
#1001 = DIRECTION ( 'NONE',  ( 0.000000000000000000, 0.000000000000000000, 1.000000000000000000 ) ) ;
#1002 = ORIENTED_EDGE ( 'NONE', *, *, #4180, .T. ) ;
#1003 = FACE_BOUND ( 'NONE', #3625, .T. ) ;
#1004 = ORIENTED_EDGE ( 'NONE', *, *, #6617, .T. ) ;
#1005 = CARTESIAN_POINT ( 'NONE',  ( 17.24999999999998224, 90.00000000000000000, 2.000000000000000000 ) ) ;
#1006 = ORIENTED_EDGE ( 'NONE', *, *, #1100, .T. ) ;
#1007 = DIRECTION ( 'NONE',  ( 0.5095527884571047217, -0.4902611097931219297, 0.7071067811865514585 ) ) ;
#1008 = DIRECTION ( 'NONE',  ( 1.000000000000000000, 0.000000000000000000, 0.000000000000000000 ) ) ;
#1009 = EDGE_CURVE ( 'NONE', #5010, #6433, #232, .T. ) ;
#1010 = DIRECTION ( 'NONE',  ( 0.000000000000000000, 0.000000000000000000, 1.000000000000000000 ) ) ;
#1011 = DIRECTION ( 'NONE',  ( 1.000000000000000000, -4.625929269271481378E-15, 0.000000000000000000 ) ) ;
#1012 = VERTEX_POINT ( 'NONE', #1641 ) ;
#1013 = CARTESIAN_POINT ( 'NONE',  ( -149.9999999999999432, -90.00000000000002842, 6.000000000000000000 ) ) ;
#1014 = DIRECTION ( 'NONE',  ( -0.000000000000000000, -0.000000000000000000, -1.000000000000000000 ) ) ;
#1015 = ORIENTED_EDGE ( 'NONE', *, *, #5147, .T. ) ;
#1016 = ORIENTED_EDGE ( 'NONE', *, *, #3851, .T. ) ;
#1017 = DIRECTION ( 'NONE',  ( 0.000000000000000000, 0.000000000000000000, 1.000000000000000000 ) ) ;
#1018 = CARTESIAN_POINT ( 'NONE',  ( -165.7949132570897746, 60.07551972800806794, 4.500000000000054179 ) ) ;
#1019 = EDGE_CURVE ( 'NONE', #3484, #1740, #264, .T. ) ;
#1020 = CARTESIAN_POINT ( 'NONE',  ( 133.3417819437551373, 17.70277031470194018, 4.499999999999922728 ) ) ;
#1021 = CARTESIAN_POINT ( 'NONE',  ( -63.30671901020785697, 26.69328098979220343, 4.500000000000019540 ) ) ;
#1022 = ORIENTED_EDGE ( 'NONE', *, *, #13, .T. ) ;
#1023 = DIRECTION ( 'NONE',  ( 1.000000000000000000, -1.620763539598769257E-15, 0.000000000000000000 ) ) ;
#1024 = AXIS2_PLACEMENT_3D ( 'NONE', #8555, #7870, #1560 ) ;
#1025 = EDGE_LOOP ( 'NONE', ( #4605, #4014, #1553 ) ) ;
#1026 = ORIENTED_EDGE ( 'NONE', *, *, #3701, .F. ) ;
#1027 = ADVANCED_FACE ( 'NONE', ( #2646 ), #7864, .T. ) ;
#1028 = DIRECTION ( 'NONE',  ( 1.000000000000000000, 0.000000000000000000, 0.000000000000000000 ) ) ;
#1029 = EDGE_CURVE ( 'NONE', #7439, #8216, #6582, .T. ) ;
#1030 = ORIENTED_EDGE ( 'NONE', *, *, #581, .F. ) ;
#1031 = ORIENTED_EDGE ( 'NONE', *, *, #3285, .F. ) ;
#1032 = EDGE_CURVE ( 'NONE', #8419, #5411, #8866, .T. ) ;
#1033 = DIRECTION ( 'NONE',  ( 1.000000000000000000, 0.000000000000000000, 0.000000000000000000 ) ) ;
#1034 = CARTESIAN_POINT ( 'NONE',  ( -126.6932809897921572, -26.69328098979219632, 2.000000000000000000 ) ) ;
#1035 = EDGE_CURVE ( 'NONE', #5482, #8128, #8454, .T. ) ;
#1036 = CARTESIAN_POINT ( 'NONE',  ( 31.47117989404462435, 15.87851806928723697, 6.000000000000000000 ) ) ;
#1037 = CIRCLE ( 'NONE', #3846, 39.25000000000009237 ) ;
#1038 = DIRECTION ( 'NONE',  ( 1.000000000000000000, 0.000000000000000000, 0.000000000000000000 ) ) ;
#1039 = DIRECTION ( 'NONE',  ( 1.000000000000000000, 0.000000000000000000, 0.000000000000000000 ) ) ;
#1040 = LINE ( 'NONE', #2306, #5085 ) ;
#1041 = ORIENTED_EDGE ( 'NONE', *, *, #8311, .T. ) ;
#1042 = VECTOR ( 'NONE', #1813, 1000.000000000000000 ) ;
#1043 = ORIENTED_EDGE ( 'NONE', *, *, #5831, .T. ) ;
#1044 = CARTESIAN_POINT ( 'NONE',  ( -200.0000000000000000, -124.9999999999999574, 4.000000000000000000 ) ) ;
#1045 = ADVANCED_FACE ( 'NONE', ( #3343 ), #7489, .F. ) ;
#1046 = ORIENTED_EDGE ( 'NONE', *, *, #580, .F. ) ;
#1047 = AXIS2_PLACEMENT_3D ( 'NONE', #7727, #6385, #2924 ) ;
#1048 = CARTESIAN_POINT ( 'NONE',  ( -65.33337903861232121, 18.40619165170993199, 4.500000000000019540 ) ) ;
#1049 = VECTOR ( 'NONE', #1398, 1000.000000000000000 ) ;
#1050 = AXIS2_PLACEMENT_3D ( 'NONE', #4679, #391, #8987 ) ;
#1051 = ORIENTED_EDGE ( 'NONE', *, *, #1717, .T. ) ;
#1052 = AXIS2_PLACEMENT_3D ( 'NONE', #1242, #3364, #4070 ) ;
#1053 = DIRECTION ( 'NONE',  ( 1.000000000000000000, 0.000000000000000000, 0.000000000000000000 ) ) ;
#1054 = CARTESIAN_POINT ( 'NONE',  ( -205.5000000000000284, -124.9999999999999574, 6.000000000000000000 ) ) ;
#1055 = CARTESIAN_POINT ( 'NONE',  ( 164.0471091385600744, -60.41552392133019822, 4.499999999999929834 ) ) ;
#1056 = CYLINDRICAL_SURFACE ( 'NONE', #3044, 10.00000000000000888 ) ;
#1057 = ORIENTED_EDGE ( 'NONE', *, *, #5987, .F. ) ;
#1058 = CIRCLE ( 'NONE', #6945, 10.00000000000000888 ) ;
#1059 = DIRECTION ( 'NONE',  ( -0.000000000000000000, -0.000000000000000000, -1.000000000000000000 ) ) ;
#1060 = CIRCLE ( 'NONE', #7247, 11.49999999999996092 ) ;
#1061 = CARTESIAN_POINT ( 'NONE',  ( 50.00000000000007105, -89.99999999999995737, 4.499999999999929834 ) ) ;
#1062 = ORIENTED_EDGE ( 'NONE', *, *, #7951, .F. ) ;
#1063 = ADVANCED_FACE ( 'NONE', ( #3381 ), #3248, .T. ) ;
#1064 = EDGE_CURVE ( 'NONE', #5993, #3880, #6246, .T. ) ;
#1065 = ORIENTED_EDGE ( 'NONE', *, *, #8220, .F. ) ;
#1066 = CARTESIAN_POINT ( 'NONE',  ( 135.3095118169258626, 59.06050974978814594, 2.000000000000000000 ) ) ;
#1067 = CIRCLE ( 'NONE', #6376, 9.999999999999994671 ) ;
#1068 = FACE_OUTER_BOUND ( 'NONE', #4099, .T. ) ;
#1069 = AXIS2_PLACEMENT_3D ( 'NONE', #4915, #6836, #3486 ) ;
#1070 = DIRECTION ( 'NONE',  ( -0.000000000000000000, -0.000000000000000000, 1.000000000000000000 ) ) ;
#1071 = DIRECTION ( 'NONE',  ( 1.000000000000000000, -1.776356839400250465E-15, 0.000000000000000000 ) ) ;
#1072 = ORIENTED_EDGE ( 'NONE', *, *, #2393, .F. ) ;
#1073 = DIRECTION ( 'NONE',  ( -0.000000000000000000, -0.000000000000000000, -1.000000000000000000 ) ) ;
#1074 = CIRCLE ( 'NONE', #3439, 30.25000000000000000 ) ;
#1075 = VERTEX_POINT ( 'NONE', #6840 ) ;
#1076 = AXIS2_PLACEMENT_3D ( 'NONE', #1349, #8357, #9000 ) ;
#1077 = ORIENTED_EDGE ( 'NONE', *, *, #1601, .T. ) ;
#1078 = VERTEX_POINT ( 'NONE', #575 ) ;
#1079 = LINE ( 'NONE', #5318, #495 ) ;
#1080 = EDGE_LOOP ( 'NONE', ( #5134, #3747, #8577, #1297 ) ) ;
#1081 = VECTOR ( 'NONE', #4278, 1000.000000000000000 ) ;
#1082 = AXIS2_PLACEMENT_3D ( 'NONE', #8030, #3938, #1757 ) ;
#1083 = LINE ( 'NONE', #2859, #3334 ) ;
#1084 = DIRECTION ( 'NONE',  ( 1.000000000000000000, 0.000000000000000000, 0.000000000000000000 ) ) ;
#1085 = DIRECTION ( 'NONE',  ( -0.000000000000000000, -0.000000000000000000, 1.000000000000000000 ) ) ;
#1086 = EDGE_CURVE ( 'NONE', #3910, #2682, #8006, .T. ) ;
#1087 = CONICAL_SURFACE ( 'NONE', #1383, 10.00000000000000178, 0.7853981633974437271 ) ;
#1088 = EDGE_CURVE ( 'NONE', #1964, #300, #8961, .T. ) ;
#1089 = CYLINDRICAL_SURFACE ( 'NONE', #3583, 1.500000000000001332 ) ;
#1090 = EDGE_CURVE ( 'NONE', #8192, #7259, #8738, .T. ) ;
#1091 = CARTESIAN_POINT ( 'NONE',  ( 100.0000000000001137, 2.775557561562891351E-14, 2.000000000000000000 ) ) ;
#1092 = CARTESIAN_POINT ( 'NONE',  ( -173.1577470838593342, -113.1577470838594905, 4.499999999999950262 ) ) ;
#1093 = ORIENTED_EDGE ( 'NONE', *, *, #6887, .F. ) ;
#1094 = ORIENTED_EDGE ( 'NONE', *, *, #7724, .F. ) ;
#1095 = CARTESIAN_POINT ( 'NONE',  ( 120.0755197280080893, -105.7949132570896609, 2.000000000000000000 ) ) ;
#1096 = AXIS2_PLACEMENT_3D ( 'NONE', #455, #4104, #6899 ) ;
#1097 = DIRECTION ( 'NONE',  ( -0.000000000000000000, -0.000000000000000000, -1.000000000000000000 ) ) ;
#1098 = ADVANCED_FACE ( 'NONE', ( #8915 ), #1305, .T. ) ;
#1099 = ORIENTED_EDGE ( 'NONE', *, *, #1086, .T. ) ;
#1100 = EDGE_CURVE ( 'NONE', #137, #3287, #3749, .T. ) ;
#1101 = CONICAL_SURFACE ( 'NONE', #5955, 1.500000000000082823, 0.7853981633974522758 ) ;
#1102 = CARTESIAN_POINT ( 'NONE',  ( 73.30671901020801329, -26.69328098979219988, 4.499999999999922728 ) ) ;
#1103 = LINE ( 'NONE', #3924, #3457 ) ;
#1104 = LINE ( 'NONE', #287, #1123 ) ;
#1105 = DIRECTION ( 'NONE',  ( 1.000000000000000000, 0.000000000000000000, 0.000000000000000000 ) ) ;
#1106 = CIRCLE ( 'NONE', #961, 1.500000000000001332 ) ;
#1107 = ORIENTED_EDGE ( 'NONE', *, *, #1298, .F. ) ;
#1108 = UNCERTAINTY_MEASURE_WITH_UNIT (LENGTH_MEASURE( 1.000000000000000082E-05 ), #1318, 'distance_accuracy_value', 'NONE');
#1109 = DIRECTION ( 'NONE',  ( -0.6313045309225689961, -0.3185193702691099804, -0.7071067811865509034 ) ) ;
#1110 = DIRECTION ( 'NONE',  ( -0.000000000000000000, -0.000000000000000000, -1.000000000000000000 ) ) ;
#1111 = ORIENTED_EDGE ( 'NONE', *, *, #3532, .F. ) ;
#1112 = ORIENTED_EDGE ( 'NONE', *, *, #3689, .T. ) ;
#1113 = DIRECTION ( 'NONE',  ( 1.000000000000000000, 0.000000000000000000, 0.000000000000000000 ) ) ;
#1114 = DIRECTION ( 'NONE',  ( -1.000000000000000000, 0.000000000000000000, 0.000000000000000000 ) ) ;
#1115 = CIRCLE ( 'NONE', #684, 32.75000000000001421 ) ;
#1116 = DIRECTION ( 'NONE',  ( -1.000000000000000000, 0.000000000000000000, 0.000000000000000000 ) ) ;
#1117 = CYLINDRICAL_SURFACE ( 'NONE', #8473, 10.00000000000000888 ) ;
#1118 = VERTEX_POINT ( 'NONE', #3295 ) ;
#1119 = VERTEX_POINT ( 'NONE', #8130 ) ;
#1120 = DIRECTION ( 'NONE',  ( -0.000000000000000000, 0.000000000000000000, 1.000000000000000000 ) ) ;
#1121 = AXIS2_PLACEMENT_3D ( 'NONE', #6285, #5587, #7796 ) ;
#1122 = ORIENTED_EDGE ( 'NONE', *, *, #1308, .F. ) ;
#1123 = VECTOR ( 'NONE', #4669, 1000.000000000000000 ) ;
#1124 = EDGE_LOOP ( 'NONE', ( #4859, #7310, #3112 ) ) ;
#1125 = CIRCLE ( 'NONE', #6289, 1.500000000000001332 ) ;
#1126 = CARTESIAN_POINT ( 'NONE',  ( 32.81037903847204973, 16.55419968925690455, 4.499999999999929834 ) ) ;
#1127 = EDGE_LOOP ( 'NONE', ( #6004, #1397, #8605, #477, #4871 ) ) ;
#1128 = ORIENTED_EDGE ( 'NONE', *, *, #6614, .T. ) ;
#1129 = EDGE_CURVE ( 'NONE', #2425, #8940, #2700, .T. ) ;
#1130 = AXIS2_PLACEMENT_3D ( 'NONE', #1044, #2440, #6718 ) ;
#1131 = DIRECTION ( 'NONE',  ( -1.000000000000000000, 0.000000000000000000, 0.000000000000000000 ) ) ;
#1132 = DIRECTION ( 'NONE',  ( 1.000000000000000000, 1.060722634992185274E-15, 0.000000000000000000 ) ) ;
#1133 = CARTESIAN_POINT ( 'NONE',  ( -14.75000000000000000, 90.00000000000000000, 4.499999999999929834 ) ) ;
#1134 = DIRECTION ( 'NONE',  ( -0.000000000000000000, -0.000000000000000000, -1.000000000000000000 ) ) ;
#1135 = CARTESIAN_POINT ( 'NONE',  ( -3.299999999999998490, -124.9999999999999574, 8.673617379884035472E-16 ) ) ;
#1136 = EDGE_LOOP ( 'NONE', ( #7005, #6307, #6229, #7115, #3670 ) ) ;
#1137 = EDGE_CURVE ( 'NONE', #6444, #8938, #3991, .T. ) ;
#1138 = ORIENTED_EDGE ( 'NONE', *, *, #1441, .F. ) ;
#1139 = DIRECTION ( 'NONE',  ( 0.000000000000000000, 0.000000000000000000, 1.000000000000000000 ) ) ;
#1140 = CARTESIAN_POINT ( 'NONE',  ( -49.99999999999993605, -89.99999999999997158, 6.000000000000000000 ) ) ;
#1141 = EDGE_CURVE ( 'NONE', #2332, #3148, #8149, .T. ) ;
#1142 = EDGE_CURVE ( 'NONE', #3957, #3374, #6095, .T. ) ;
#1143 = CARTESIAN_POINT ( 'NONE',  ( -119.0605097497880678, -75.30951181692573471, 6.000000000000000000 ) ) ;
#1144 = CARTESIAN_POINT ( 'NONE',  ( 86.75000000000004263, 90.00000000000000000, 6.000000000000000000 ) ) ;
#1145 = ADVANCED_FACE ( 'NONE', ( #4645 ), #4733, .F. ) ;
#1146 = DIRECTION ( 'NONE',  ( -0.000000000000000000, -0.000000000000000000, -1.000000000000000000 ) ) ;
#1147 = LINE ( 'NONE', #382, #2308 ) ;
#1148 = EDGE_LOOP ( 'NONE', ( #1959, #6878, #5188, #4899 ) ) ;
#1149 = EDGE_CURVE ( 'NONE', #2568, #1966, #1387, .T. ) ;
#1150 = CARTESIAN_POINT ( 'NONE',  ( -205.0000000000000000, -130.0000000000000000, 0.000000000000000000 ) ) ;
#1151 = EDGE_CURVE ( 'NONE', #4775, #7732, #811, .T. ) ;
#1152 = DIRECTION ( 'NONE',  ( 1.000000000000000000, 0.000000000000000000, 0.000000000000000000 ) ) ;
#1153 = ORIENTED_EDGE ( 'NONE', *, *, #3642, .F. ) ;
#1154 = LINE ( 'NONE', #8941, #8563 ) ;
#1155 = ORIENTED_EDGE ( 'NONE', *, *, #8145, .T. ) ;
#1156 = CARTESIAN_POINT ( 'NONE',  ( 180.9394902502120317, -75.30951181692573471, 6.000000000000000000 ) ) ;
#1157 = CYLINDRICAL_SURFACE ( 'NONE', #3440, 35.24999999999999289 ) ;
#1158 = FACE_OUTER_BOUND ( 'NONE', #7653, .T. ) ;
#1159 = DIRECTION ( 'NONE',  ( 1.000000000000000000, -1.850371707708592551E-14, 0.000000000000000000 ) ) ;
#1160 = CARTESIAN_POINT ( 'NONE',  ( 184.2500000000001421, -89.99999999999998579, 6.000000000000000000 ) ) ;
#1161 = ORIENTED_EDGE ( 'NONE', *, *, #8272, .T. ) ;
#1162 = VERTEX_POINT ( 'NONE', #2200 ) ;
#1163 = LINE ( 'NONE', #6185, #1491 ) ;
#1164 = VERTEX_POINT ( 'NONE', #5704 ) ;
#1165 = ORIENTED_EDGE ( 'NONE', *, *, #5724, .T. ) ;
#1166 = LINE ( 'NONE', #400, #5339 ) ;
#1167 = ORIENTED_EDGE ( 'NONE', *, *, #7673, .F. ) ;
#1168 = VERTEX_POINT ( 'NONE', #136 ) ;
#1169 = AXIS2_PLACEMENT_3D ( 'NONE', #7084, #182, #1510 ) ;
#1170 = DIRECTION ( 'NONE',  ( 0.000000000000000000, -0.000000000000000000, -1.000000000000000000 ) ) ;
#1171 = CARTESIAN_POINT ( 'NONE',  ( -137.7499999999999716, 0.000000000000000000, 2.000000000000000000 ) ) ;
#1172 = CARTESIAN_POINT ( 'NONE',  ( -135.3095118169254931, 120.9394902502118327, 6.000000000000000000 ) ) ;
#1173 = ORIENTED_EDGE ( 'NONE', *, *, #8522, .T. ) ;
#1174 = EDGE_CURVE ( 'NONE', #4592, #4125, #1829, .T. ) ;
#1175 = CARTESIAN_POINT ( 'NONE',  ( 120.0755197280080466, 74.20508674291036755, 4.500000000000130562 ) ) ;
#1176 = CARTESIAN_POINT ( 'NONE',  ( 180.9394902502119180, 104.6904881830743363, 6.000000000000000000 ) ) ;
#1177 = ORIENTED_EDGE ( 'NONE', *, *, #4761, .T. ) ;
#1178 = ORIENTED_EDGE ( 'NONE', *, *, #3460, .T. ) ;
#1179 = DIRECTION ( 'NONE',  ( 1.000000000000000000, -3.932039878880759171E-14, 0.000000000000000000 ) ) ;
#1180 = CARTESIAN_POINT ( 'NONE',  ( 17.64611025633100638, 31.78191838608346131, 2.000000000000000000 ) ) ;
#1181 = CIRCLE ( 'NONE', #313, 5.500000000000005329 ) ;
#1182 = DIRECTION ( 'NONE',  ( 1.000000000000000000, 0.000000000000000000, 0.000000000000000000 ) ) ;
#1183 = DIRECTION ( 'NONE',  ( -0.000000000000000000, -0.000000000000000000, 1.000000000000000000 ) ) ;
#1184 = CONICAL_SURFACE ( 'NONE', #6356, 1.500000000000053291, 0.7853981633974426169 ) ;
#1185 = CARTESIAN_POINT ( 'NONE',  ( -149.9999999999999432, 90.00000000000002842, 6.000000000000000000 ) ) ;
#1186 = DIRECTION ( 'NONE',  ( -0.4902611097931219297, 0.5095527884571047217, 0.7071067811865514585 ) ) ;
#1187 = EDGE_LOOP ( 'NONE', ( #6029, #253 ) ) ;
#1188 = DIRECTION ( 'NONE',  ( 1.000000000000000000, 0.000000000000000000, 0.000000000000000000 ) ) ;
#1189 = CARTESIAN_POINT ( 'NONE',  ( -49.99999999999993605, -89.99999999999997158, 2.000000000000000000 ) ) ;
#1190 = ORIENTED_EDGE ( 'NONE', *, *, #2121, .T. ) ;
#1191 = CONICAL_SURFACE ( 'NONE', #5772, 10.00000000000000888, 0.7853981633974447263 ) ;
#1192 = ADVANCED_FACE ( 'NONE', ( #6342 ), #2865, .F. ) ;
#1193 = CIRCLE ( 'NONE', #7526, 37.75000000000000711 ) ;
#1194 = DIRECTION ( 'NONE',  ( 0.000000000000000000, 0.000000000000000000, 1.000000000000000000 ) ) ;
#1195 = ORIENTED_EDGE ( 'NONE', *, *, #6750, .F. ) ;
#1196 = DIRECTION ( 'NONE',  ( -0.000000000000000000, 0.000000000000000000, 1.000000000000000000 ) ) ;
#1197 = EDGE_CURVE ( 'NONE', #1452, #1461, #5513, .T. ) ;
#1198 = VECTOR ( 'NONE', #5991, 1000.000000000000000 ) ;
#1199 = DIRECTION ( 'NONE',  ( 1.000000000000000000, 0.000000000000000000, 0.000000000000000000 ) ) ;
#1200 = CARTESIAN_POINT ( 'NONE',  ( -135.9528908614397551, 119.5844760786697094, 4.500000000000054179 ) ) ;
#1201 = DIRECTION ( 'NONE',  ( 1.000000000000000000, -9.251858538542962756E-15, 0.000000000000000000 ) ) ;
#1202 = CARTESIAN_POINT ( 'NONE',  ( 117.7027703147019224, 33.34178194375511595, 2.000000000000000000 ) ) ;
#1203 = EDGE_LOOP ( 'NONE', ( #3616, #402, #80, #3068 ) ) ;
#1204 = CONICAL_SURFACE ( 'NONE', #6059, 1.500000000000084599, 0.7853981633974522758 ) ;
#1205 = AXIS2_PLACEMENT_3D ( 'NONE', #3730, #954, #3778 ) ;
#1206 = DIRECTION ( 'NONE',  ( 1.000000000000000000, 0.000000000000000000, 0.000000000000000000 ) ) ;
#1207 = ORIENTED_EDGE ( 'NONE', *, *, #1197, .T. ) ;
#1208 = AXIS2_PLACEMENT_3D ( 'NONE', #3826, #6627, #3218 ) ;
#1209 = EDGE_CURVE ( 'NONE', #2576, #7771, #85, .T. ) ;
#1210 = CIRCLE ( 'NONE', #8857, 10.00000000000000888 ) ;
#1211 = AXIS2_PLACEMENT_3D ( 'NONE', #6114, #1134, #2610 ) ;
#1212 = EDGE_LOOP ( 'NONE', ( #1936, #2870, #8223, #2270 ) ) ;
#1213 = EDGE_CURVE ( 'NONE', #4945, #3320, #4272, .T. ) ;
#1214 = EDGE_CURVE ( 'NONE', #2279, #1712, #2929, .T. ) ;
#1215 = CARTESIAN_POINT ( 'NONE',  ( 205.5000000000000284, -124.9999999999999574, 4.000000000000000000 ) ) ;
#1216 = ORIENTED_EDGE ( 'NONE', *, *, #1591, .T. ) ;
#1217 = DIRECTION ( 'NONE',  ( 0.000000000000000000, 0.000000000000000000, 1.000000000000000000 ) ) ;
#1218 = CARTESIAN_POINT ( 'NONE',  ( 50.00000000000007105, -89.99999999999995737, 6.000000000000000000 ) ) ;
#1219 = CONICAL_SURFACE ( 'NONE', #4766, 37.74999999999999289, 0.7853981633974412846 ) ;
#1220 = ORIENTED_EDGE ( 'NONE', *, *, #4308, .F. ) ;
#1221 = VECTOR ( 'NONE', #6482, 1000.000000000000000 ) ;
#1222 = DIRECTION ( 'NONE',  ( -0.000000000000000000, 0.000000000000000000, 1.000000000000000000 ) ) ;
#1223 = VECTOR ( 'NONE', #6773, 1000.000000000000000 ) ;
#1224 = CARTESIAN_POINT ( 'NONE',  ( 23.30671901020797065, -116.6932809897921857, 4.499999999999929834 ) ) ;
#1225 = ORIENTED_EDGE ( 'NONE', *, *, #5758, .T. ) ;
#1226 = ORIENTED_EDGE ( 'NONE', *, *, #2550, .T. ) ;
#1227 = DIRECTION ( 'NONE',  ( 0.000000000000000000, -0.000000000000000000, -1.000000000000000000 ) ) ;
#1228 = SURFACE_STYLE_FILL_AREA ( #1919 ) ;
#1229 = AXIS2_PLACEMENT_3D ( 'NONE', #6966, #121, #22 ) ;
#1230 = AXIS2_PLACEMENT_3D ( 'NONE', #3003, #70, #1613 ) ;
#1231 = VECTOR ( 'NONE', #5654, 1000.000000000000000 ) ;
#1232 = FACE_OUTER_BOUND ( 'NONE', #4639, .T. ) ;
#1233 = DIRECTION ( 'NONE',  ( -0.000000000000000000, 0.000000000000000000, 1.000000000000000000 ) ) ;
#1234 = VECTOR ( 'NONE', #7822, 1000.000000000000000 ) ;
#1235 = DIRECTION ( 'NONE',  ( -0.000000000000000000, -0.000000000000000000, 1.000000000000000000 ) ) ;
#1236 = DIRECTION ( 'NONE',  ( -1.000000000000000000, 0.000000000000000000, 0.000000000000000000 ) ) ;
#1237 = ORIENTED_EDGE ( 'NONE', *, *, #1611, .F. ) ;
#1238 = CARTESIAN_POINT ( 'NONE',  ( 66.65821805624510432, -17.70277031470191531, 6.000000000000000000 ) ) ;
#1239 = CARTESIAN_POINT ( 'NONE',  ( 100.0000000000001137, 2.775557561562891351E-14, 2.000000000000000000 ) ) ;
#1240 = VERTEX_POINT ( 'NONE', #7070 ) ;
#1241 = CONICAL_SURFACE ( 'NONE', #953, 1.500000000000056843, 0.7853981633974426169 ) ;
#1242 = CARTESIAN_POINT ( 'NONE',  ( 200.0000000000000000, -124.9999999999999574, 8.673617379884035472E-16 ) ) ;
#1243 = ORIENTED_EDGE ( 'NONE', *, *, #7002, .F. ) ;
#1244 = CARTESIAN_POINT ( 'NONE',  ( -119.7499999999999432, -90.00000000000002842, 2.000000000000000000 ) ) ;
#1245 = CARTESIAN_POINT ( 'NONE',  ( -115.7499999999999289, -90.00000000000002842, 6.000000000000000000 ) ) ;
#1246 = CARTESIAN_POINT ( 'NONE',  ( -196.7000000000000171, -124.9999999999999574, 6.000000000000000000 ) ) ;
#1247 = DIRECTION ( 'NONE',  ( -0.000000000000000000, -0.000000000000000000, -1.000000000000000000 ) ) ;
#1248 = LINE ( 'NONE', #8252, #8321 ) ;
#1249 = EDGE_LOOP ( 'NONE', ( #352, #1987, #3162 ) ) ;
#1250 = VERTEX_POINT ( 'NONE', #3576 ) ;
#1251 = EDGE_CURVE ( 'NONE', #672, #7506, #6541, .T. ) ;
#1252 = AXIS2_PLACEMENT_3D ( 'NONE', #2014, #7934, #2235 ) ;
#1253 = CARTESIAN_POINT ( 'NONE',  ( -25.07448596317426492, 114.9255140368258594, 4.499999999999929834 ) ) ;
#1254 = EDGE_CURVE ( 'NONE', #3320, #3740, #8362, .T. ) ;
#1255 = EDGE_CURVE ( 'NONE', #1588, #857, #943, .T. ) ;
#1256 = AXIS2_PLACEMENT_3D ( 'NONE', #5827, #7935, #263 ) ;
#1257 = ORIENTED_EDGE ( 'NONE', *, *, #6783, .F. ) ;
#1258 = CIRCLE ( 'NONE', #4664, 10.00000000000000888 ) ;
#1259 = EDGE_LOOP ( 'NONE', ( #3982, #4240, #7575, #5006 ) ) ;
#1260 = CARTESIAN_POINT ( 'NONE',  ( -76.69328098979205777, -116.6932809897921857, 4.500000000000033751 ) ) ;
#1261 = FACE_OUTER_BOUND ( 'NONE', #6, .T. ) ;
#1262 = ORIENTED_EDGE ( 'NONE', *, *, #4205, .F. ) ;
#1263 = AXIS2_PLACEMENT_3D ( 'NONE', #3698, #3793, #4482 ) ;
#1264 = ORIENTED_EDGE ( 'NONE', *, *, #3646, .F. ) ;
#1265 = EDGE_CURVE ( 'NONE', #4406, #6791, #4319, .T. ) ;
#1266 = CARTESIAN_POINT ( 'NONE',  ( -135.2499999999999716, 0.000000000000000000, 2.000000000000000000 ) ) ;
#1267 = CARTESIAN_POINT ( 'NONE',  ( 84.66662096138776405, -71.59380834828999696, 4.499999999999929834 ) ) ;
#1268 = AXIS2_PLACEMENT_3D ( 'NONE', #1663, #1010, #332 ) ;
#1269 = ADVANCED_FACE ( 'NONE', ( #3628 ), #2239, .F. ) ;
#1270 = EDGE_LOOP ( 'NONE', ( #1015, #2012, #8990, #8178, #8606 ) ) ;
#1271 = DIRECTION ( 'NONE',  ( 0.000000000000000000, 0.000000000000000000, 1.000000000000000000 ) ) ;
#1272 = AXIS2_PLACEMENT_3D ( 'NONE', #7280, #8822, #5153 ) ;
#1273 = CARTESIAN_POINT ( 'NONE',  ( -117.2499999999999432, -90.00000000000002842, 4.499999999999950262 ) ) ;
#1274 = VERTEX_POINT ( 'NONE', #6440 ) ;
#1275 = ORIENTED_EDGE ( 'NONE', *, *, #4426, .T. ) ;
#1276 = CARTESIAN_POINT ( 'NONE',  ( -23.30671901020783920, -63.30671901020773618, 4.500000000000033751 ) ) ;
#1277 = CARTESIAN_POINT ( 'NONE',  ( 23.30671901020797065, -116.6932809897921857, 6.000000000000000000 ) ) ;
#1278 = DIRECTION ( 'NONE',  ( 0.000000000000000000, -0.000000000000000000, -1.000000000000000000 ) ) ;
#1279 = DIRECTION ( 'NONE',  ( 1.000000000000000000, 0.000000000000000000, 0.000000000000000000 ) ) ;
#1280 = DIRECTION ( 'NONE',  ( -1.000000000000000000, 0.000000000000000000, 0.000000000000000000 ) ) ;
#1281 = DIRECTION ( 'NONE',  ( 0.000000000000000000, -0.000000000000000000, -1.000000000000000000 ) ) ;
#1282 = ORIENTED_EDGE ( 'NONE', *, *, #9044, .T. ) ;
#1283 = DIRECTION ( 'NONE',  ( -0.000000000000000000, 0.000000000000000000, 1.000000000000000000 ) ) ;
#1284 = DIRECTION ( 'NONE',  ( -0.000000000000000000, -0.000000000000000000, -1.000000000000000000 ) ) ;
#1285 = ORIENTED_EDGE ( 'NONE', *, *, #2941, .T. ) ;
#1286 = ADVANCED_FACE ( 'NONE', ( #7858 ), #1354, .F. ) ;
#1287 = DIRECTION ( 'NONE',  ( -0.000000000000000000, 0.000000000000000000, 1.000000000000000000 ) ) ;
#1288 = VERTEX_POINT ( 'NONE', #623 ) ;
#1289 = DIRECTION ( 'NONE',  ( -0.000000000000000000, -0.000000000000000000, 1.000000000000000000 ) ) ;
#1290 = DIRECTION ( 'NONE',  ( -0.000000000000000000, 0.000000000000000000, 1.000000000000000000 ) ) ;
#1291 = DIRECTION ( 'NONE',  ( -0.000000000000000000, 0.000000000000000000, 1.000000000000000000 ) ) ;
#1292 = ORIENTED_EDGE ( 'NONE', *, *, #4205, .T. ) ;
#1293 = FACE_OUTER_BOUND ( 'NONE', #3676, .T. ) ;
#1294 = CYLINDRICAL_SURFACE ( 'NONE', #4069, 1.500000000000001332 ) ;
#1295 = ORIENTED_EDGE ( 'NONE', *, *, #5826, .F. ) ;
#1296 = CARTESIAN_POINT ( 'NONE',  ( 120.0755197280080893, -105.7949132570896609, 6.000000000000000000 ) ) ;
#1297 = ORIENTED_EDGE ( 'NONE', *, *, #3460, .F. ) ;
#1298 = EDGE_CURVE ( 'NONE', #2041, #4138, #1982, .T. ) ;
#1299 = EDGE_LOOP ( 'NONE', ( #7054, #4786, #6391 ) ) ;
#1300 = DIRECTION ( 'NONE',  ( -0.000000000000000000, -0.000000000000000000, 1.000000000000000000 ) ) ;
#1301 = ADVANCED_FACE ( 'NONE', ( #2103 ), #7584, .F. ) ;
#1302 = FACE_OUTER_BOUND ( 'NONE', #8122, .T. ) ;
#1303 = VERTEX_POINT ( 'NONE', #2973 ) ;
#1304 = VERTEX_POINT ( 'NONE', #5181 ) ;
#1305 = CYLINDRICAL_SURFACE ( 'NONE', #365, 1.500000000000001332 ) ;
#1306 = DIRECTION ( 'NONE',  ( 0.000000000000000000, -0.000000000000000000, -1.000000000000000000 ) ) ;
#1307 = ORIENTED_EDGE ( 'NONE', *, *, #1141, .F. ) ;
#1308 = EDGE_CURVE ( 'NONE', #8960, #137, #6700, .T. ) ;
#1309 = ADVANCED_FACE ( 'NONE', ( #7903 ), #3066, .T. ) ;
#1310 = CARTESIAN_POINT ( 'NONE',  ( 200.0000000000000000, 125.0000000000000568, 6.000000000000000000 ) ) ;
#1311 = ADVANCED_FACE ( 'NONE', ( #3672 ), #6551, .F. ) ;
#1312 = FACE_OUTER_BOUND ( 'NONE', #3420, .T. ) ;
#1313 = EDGE_CURVE ( 'NONE', #6849, #3920, #2367, .T. ) ;
#1314 = ORIENTED_EDGE ( 'NONE', *, *, #1209, .T. ) ;
#1315 = EDGE_LOOP ( 'NONE', ( #1138, #3943, #8794, #1257 ) ) ;
#1316 = VERTEX_POINT ( 'NONE', #267 ) ;
#1317 = CARTESIAN_POINT ( 'NONE',  ( 84.66662096138776405, -71.59380834828999696, 2.000000000000000000 ) ) ;
#1318 =( LENGTH_UNIT ( ) NAMED_UNIT ( * ) SI_UNIT ( .MILLI., .METRE. ) );
#1319 = AXIS2_PLACEMENT_3D ( 'NONE', #8001, #1085, #6058 ) ;
#1320 = EDGE_LOOP ( 'NONE', ( #3847, #6843, #7696, #9009 ) ) ;
#1321 = CARTESIAN_POINT ( 'NONE',  ( 50.00000000000007105, -89.99999999999995737, 0.000000000000000000 ) ) ;
#1322 = EDGE_CURVE ( 'NONE', #1964, #2277, #7260, .T. ) ;
#1323 = LINE ( 'NONE', #4150, #8609 ) ;
#1324 = DIRECTION ( 'NONE',  ( 1.000000000000000000, 0.000000000000000000, 0.000000000000000000 ) ) ;
#1325 = CARTESIAN_POINT ( 'NONE',  ( 32.81037903847208526, 16.55419968925686547, 6.000000000000000000 ) ) ;
#1326 = ORIENTED_EDGE ( 'NONE', *, *, #6498, .F. ) ;
#1327 = CONICAL_SURFACE ( 'NONE', #601, 1.499999999999890310, 0.7853981633974507215 ) ;
#1328 = LINE ( 'NONE', #8438, #5631 ) ;
#1329 = CARTESIAN_POINT ( 'NONE',  ( 205.5000000000000284, 125.0000000000000568, 6.000000000000000000 ) ) ;
#1330 = ORIENTED_EDGE ( 'NONE', *, *, #8220, .T. ) ;
#1331 = CONICAL_SURFACE ( 'NONE', #6201, 34.25000000000002842, 0.7853981633974391752 ) ;
#1332 = VECTOR ( 'NONE', #3800, 1000.000000000000114 ) ;
#1333 = CARTESIAN_POINT ( 'NONE',  ( 165.7949132570897177, -60.07551972800793294, 4.499999999999929834 ) ) ;
#1334 = DIRECTION ( 'NONE',  ( -0.000000000000000000, -0.000000000000000000, -1.000000000000000000 ) ) ;
#1335 = CARTESIAN_POINT ( 'NONE',  ( 180.2500000000000568, 90.00000000000007105, 2.000000000000000000 ) ) ;
#1336 = CARTESIAN_POINT ( 'NONE',  ( 194.5000000000000000, -124.9999999999999574, 6.000000000000000000 ) ) ;
#1337 = CARTESIAN_POINT ( 'NONE',  ( 81.31037903847203552, 106.5541996892568903, 2.000000000000000000 ) ) ;
#1338 = VERTEX_POINT ( 'NONE', #940 ) ;
#1339 = DIRECTION ( 'NONE',  ( 0.000000000000000000, -0.000000000000000000, -1.000000000000000000 ) ) ;
#1340 = AXIS2_PLACEMENT_3D ( 'NONE', #4399, #6515, #3017 ) ;
#1341 = EDGE_CURVE ( 'NONE', #8406, #5136, #5957, .T. ) ;
#1342 = CARTESIAN_POINT ( 'NONE',  ( -17.24999999999997513, 90.00000000000000000, 2.000000000000000000 ) ) ;
#1343 = AXIS2_PLACEMENT_3D ( 'NONE', #2625, #3267, #3318 ) ;
#1344 = ORIENTED_EDGE ( 'NONE', *, *, #710, .T. ) ;
#1345 = CIRCLE ( 'NONE', #6357, 36.75000000000005684 ) ;
#1346 = ORIENTED_EDGE ( 'NONE', *, *, #8758, .F. ) ;
#1347 = CARTESIAN_POINT ( 'NONE',  ( -100.0000000000000000, 0.000000000000000000, 6.000000000000000000 ) ) ;
#1348 = CIRCLE ( 'NONE', #7531, 35.25000000000000000 ) ;
#1349 = CARTESIAN_POINT ( 'NONE',  ( 180.9394902502119180, 104.6904881830743363, 4.500000000000130562 ) ) ;
#1350 = CIRCLE ( 'NONE', #1052, 3.299999999999997158 ) ;
#1351 = DIRECTION ( 'NONE',  ( 0.000000000000000000, 0.000000000000000000, 1.000000000000000000 ) ) ;
#1352 = EDGE_LOOP ( 'NONE', ( #7061, #2930, #447 ) ) ;
#1353 = ORIENTED_EDGE ( 'NONE', *, *, #8972, .F. ) ;
#1354 = CYLINDRICAL_SURFACE ( 'NONE', #7138, 3.299999999999998934 ) ;
#1355 = CYLINDRICAL_SURFACE ( 'NONE', #38, 1.500000000000001332 ) ;
#1356 = CONICAL_SURFACE ( 'NONE', #2381, 1.500000000000053291, 0.7853981633974426169 ) ;
#1357 = ADVANCED_FACE ( 'NONE', ( #890 ), #2331, .F. ) ;
#1358 = EDGE_LOOP ( 'NONE', ( #7306, #180 ) ) ;
#1359 = AXIS2_PLACEMENT_3D ( 'NONE', #4054, #1917, #2614 ) ;
#1360 = LINE ( 'NONE', #2063, #8858 ) ;
#1361 = VERTEX_POINT ( 'NONE', #4362 ) ;
#1362 = CARTESIAN_POINT ( 'NONE',  ( -119.0605097497879399, 104.6904881830740379, 4.500000000000054179 ) ) ;
#1363 = ORIENTED_EDGE ( 'NONE', *, *, #6732, .F. ) ;
#1364 = ORIENTED_EDGE ( 'NONE', *, *, #4993, .T. ) ;
#1365 = CIRCLE ( 'NONE', #5794, 10.00000000000000888 ) ;
#1366 = VERTEX_POINT ( 'NONE', #5866 ) ;
#1367 = VECTOR ( 'NONE', #3070, 1000.000000000000000 ) ;
#1368 = LINE ( 'NONE', #2249, #8281 ) ;
#1369 = CIRCLE ( 'NONE', #5907, 10.00000000000000888 ) ;
#1370 = EDGE_CURVE ( 'NONE', #2082, #5828, #5908, .T. ) ;
#1371 = EDGE_CURVE ( 'NONE', #307, #9046, #3619, .T. ) ;
#1372 = EDGE_CURVE ( 'NONE', #2425, #3484, #3464, .T. ) ;
#1373 = CIRCLE ( 'NONE', #924, 5.500000000000000000 ) ;
#1374 = ADVANCED_FACE ( 'NONE', ( #1728 ), #236, .T. ) ;
#1375 = AXIS2_PLACEMENT_3D ( 'NONE', #6472, #6517, #4312 ) ;
#1376 = DIRECTION ( 'NONE',  ( 1.000000000000000000, 0.000000000000000000, 0.000000000000000000 ) ) ;
#1377 = LINE ( 'NONE', #3683, #3606 ) ;
#1378 = DIRECTION ( 'NONE',  ( -0.000000000000000000, -0.000000000000000000, -1.000000000000000000 ) ) ;
#1379 = DIRECTION ( 'NONE',  ( 0.000000000000000000, -0.000000000000000000, -1.000000000000000000 ) ) ;
#1380 = VERTEX_POINT ( 'NONE', #7937 ) ;
#1381 = CIRCLE ( 'NONE', #929, 1.500000000000001332 ) ;
#1382 = ADVANCED_FACE ( 'NONE', ( #7211 ), #666, .T. ) ;
#1383 = AXIS2_PLACEMENT_3D ( 'NONE', #3555, #6370, #5077 ) ;
#1384 = DIRECTION ( 'NONE',  ( -1.000000000000000000, 0.000000000000000000, 0.000000000000000000 ) ) ;
#1385 = DIRECTION ( 'NONE',  ( 1.000000000000000000, 0.000000000000000000, -0.000000000000000000 ) ) ;
#1386 = EDGE_CURVE ( 'NONE', #4409, #809, #3309, .T. ) ;
#1387 = CIRCLE ( 'NONE', #7278, 1.500000000000001332 ) ;
#1388 = CYLINDRICAL_SURFACE ( 'NONE', #8119, 9.999999999999994671 ) ;
#1389 = AXIS2_PLACEMENT_3D ( 'NONE', #3051, #5162, #2446 ) ;
#1390 = LINE ( 'NONE', #700, #6211 ) ;
#1391 = FACE_BOUND ( 'NONE', #6155, .T. ) ;
#1392 = DIRECTION ( 'NONE',  ( 1.000000000000000000, -4.163336342344333240E-14, 0.000000000000000000 ) ) ;
#1393 = ORIENTED_EDGE ( 'NONE', *, *, #4320, .T. ) ;
#1394 = DIRECTION ( 'NONE',  ( 0.000000000000000000, -0.000000000000000000, -1.000000000000000000 ) ) ;
#1395 = DIRECTION ( 'NONE',  ( 1.000000000000000000, 0.000000000000000000, 0.000000000000000000 ) ) ;
#1396 = VERTEX_POINT ( 'NONE', #7344 ) ;
#1397 = ORIENTED_EDGE ( 'NONE', *, *, #7687, .F. ) ;
#1398 = DIRECTION ( 'NONE',  ( -0.4784802923808631481, 0.5206309727658527953, -0.7071067811865514585 ) ) ;
#1399 = DIRECTION ( 'NONE',  ( 0.000000000000000000, 0.000000000000000000, 1.000000000000000000 ) ) ;
#1400 = AXIS2_PLACEMENT_3D ( 'NONE', #6623, #6670, #3781 ) ;
#1401 = ORIENTED_EDGE ( 'NONE', *, *, #3965, .F. ) ;
#1402 = AXIS2_PLACEMENT_3D ( 'NONE', #3154, #2465, #1023 ) ;
#1403 = ORIENTED_EDGE ( 'NONE', *, *, #6455, .F. ) ;
#1404 = CARTESIAN_POINT ( 'NONE',  ( 150.0000000000000568, 90.00000000000007105, 4.500000000000130562 ) ) ;
#1405 = DIRECTION ( 'NONE',  ( 1.000000000000000000, 2.312964634635740689E-14, 0.000000000000000000 ) ) ;
#1406 = AXIS2_PLACEMENT_3D ( 'NONE', #4495, #170, #6473 ) ;
#1407 = DIRECTION ( 'NONE',  ( 1.000000000000000000, 0.000000000000000000, 0.000000000000000000 ) ) ;
#1408 = ORIENTED_EDGE ( 'NONE', *, *, #376, .T. ) ;
#1409 = ORIENTED_EDGE ( 'NONE', *, *, #2241, .F. ) ;
#1410 = VERTEX_POINT ( 'NONE', #7173 ) ;
#1411 = DIRECTION ( 'NONE',  ( 1.000000000000000000, 0.000000000000000000, 0.000000000000000000 ) ) ;
#1412 = CARTESIAN_POINT ( 'NONE',  ( -13.30671901020783210, -63.30671901020773618, 4.500000000000033751 ) ) ;
#1413 = ORIENTED_EDGE ( 'NONE', *, *, #1035, .F. ) ;
#1414 = VECTOR ( 'NONE', #7708, 1000.000000000000000 ) ;
#1415 = CIRCLE ( 'NONE', #1567, 35.24999999999997868 ) ;
#1416 = CARTESIAN_POINT ( 'NONE',  ( -16.83337903861229634, -71.59380834828998275, 4.500000000000033751 ) ) ;
#1417 = ADVANCED_FACE ( 'NONE', ( #3024 ), #985, .T. ) ;
#1418 = ADVANCED_FACE ( 'NONE', ( #173 ), #1695, .F. ) ;
#1419 = LINE ( 'NONE', #7632, #5645 ) ;
#1420 = VERTEX_POINT ( 'NONE', #6831 ) ;
#1421 = ORIENTED_EDGE ( 'NONE', *, *, #7788, .F. ) ;
#1422 = VERTEX_POINT ( 'NONE', #8852 ) ;
#1423 = CARTESIAN_POINT ( 'NONE',  ( -49.99999999999993605, -89.99999999999997158, 2.000000000000000000 ) ) ;
#1424 = DIRECTION ( 'NONE',  ( -1.000000000000000000, 0.000000000000000000, 0.000000000000000000 ) ) ;
#1425 = EDGE_CURVE ( 'NONE', #5010, #6805, #3026, .T. ) ;
#1426 = ORIENTED_EDGE ( 'NONE', *, *, #3808, .T. ) ;
#1427 = DIRECTION ( 'NONE',  ( -1.000000000000000000, 0.000000000000000000, 0.000000000000000000 ) ) ;
#1428 = CARTESIAN_POINT ( 'NONE',  ( -82.29722968529817706, 33.34178194375506621, 6.000000000000000000 ) ) ;
#1429 = DIRECTION ( 'NONE',  ( 1.000000000000000000, 0.000000000000000000, 0.000000000000000000 ) ) ;
#1430 = EDGE_CURVE ( 'NONE', #4545, #8642, #4726, .T. ) ;
#1431 = DIRECTION ( 'NONE',  ( -0.000000000000000000, -0.000000000000000000, -1.000000000000000000 ) ) ;
#1432 = ORIENTED_EDGE ( 'NONE', *, *, #9026, .F. ) ;
#1433 = CARTESIAN_POINT ( 'NONE',  ( -149.9999999999999432, -90.00000000000002842, 6.000000000000000000 ) ) ;
#1434 = DIRECTION ( 'NONE',  ( 0.000000000000000000, 0.000000000000000000, 1.000000000000000000 ) ) ;
#1435 = EDGE_CURVE ( 'NONE', #5267, #1012, #6780, .T. ) ;
#1436 = DIRECTION ( 'NONE',  ( -0.3032917901662131044, -0.6387598062008628119, -0.7071067811865546782 ) ) ;
#1437 = CARTESIAN_POINT ( 'NONE',  ( 65.87851806928715348, 121.4711798940446670, 4.499999999999936051 ) ) ;
#1438 = EDGE_CURVE ( 'NONE', #1396, #3999, #7521, .T. ) ;
#1439 = VERTEX_POINT ( 'NONE', #6741 ) ;
#1440 = DIRECTION ( 'NONE',  ( -0.000000000000000000, -0.000000000000000000, -1.000000000000000000 ) ) ;
#1441 = EDGE_CURVE ( 'NONE', #7029, #6507, #8171, .T. ) ;
#1442 = DIRECTION ( 'NONE',  ( -1.000000000000000000, 0.000000000000000000, 0.000000000000000000 ) ) ;
#1443 = VERTEX_POINT ( 'NONE', #8950 ) ;
#1444 = CARTESIAN_POINT ( 'NONE',  ( 134.6666209613877925, 18.40619165170996041, 2.000000000000000000 ) ) ;
#1445 = DIRECTION ( 'NONE',  ( 1.000000000000000000, 7.552537582484043803E-16, 0.000000000000000000 ) ) ;
#1446 = ORIENTED_EDGE ( 'NONE', *, *, #6031, .T. ) ;
#1447 = ORIENTED_EDGE ( 'NONE', *, *, #5829, .T. ) ;
#1448 = LINE ( 'NONE', #1537, #4587 ) ;
#1449 = DIRECTION ( 'NONE',  ( -1.000000000000000000, 0.000000000000000000, 0.000000000000000000 ) ) ;
#1450 = DIRECTION ( 'NONE',  ( -0.000000000000000000, 0.000000000000000000, 1.000000000000000000 ) ) ;
#1451 = ORIENTED_EDGE ( 'NONE', *, *, #6276, .T. ) ;
#1452 = VERTEX_POINT ( 'NONE', #5408 ) ;
#1453 = ORIENTED_EDGE ( 'NONE', *, *, #6044, .T. ) ;
#1454 = DIRECTION ( 'NONE',  ( -0.000000000000000000, -0.000000000000000000, 1.000000000000000000 ) ) ;
#1455 = DIRECTION ( 'NONE',  ( 0.000000000000000000, -0.000000000000000000, -1.000000000000000000 ) ) ;
#1456 = ORIENTED_EDGE ( 'NONE', *, *, #8241, .T. ) ;
#1457 = DIRECTION ( 'NONE',  ( 1.000000000000000000, 0.000000000000000000, 0.000000000000000000 ) ) ;
#1458 = EDGE_LOOP ( 'NONE', ( #6226, #3084, #5451, #4790 ) ) ;
#1459 = DIRECTION ( 'NONE',  ( -0.000000000000000000, -0.000000000000000000, -1.000000000000000000 ) ) ;
#1460 = ORIENTED_EDGE ( 'NONE', *, *, #5098, .T. ) ;
#1461 = VERTEX_POINT ( 'NONE', #3284 ) ;
#1462 = FACE_OUTER_BOUND ( 'NONE', #2789, .T. ) ;
#1463 = DIRECTION ( 'NONE',  ( 0.000000000000000000, 0.000000000000000000, -1.000000000000000000 ) ) ;
#1464 = EDGE_CURVE ( 'NONE', #4173, #1338, #3399, .T. ) ;
#1465 = LINE ( 'NONE', #4284, #7983 ) ;
#1466 = CARTESIAN_POINT ( 'NONE',  ( -117.7027703147018372, -33.34178194375506621, 4.500000000000019540 ) ) ;
#1467 = DIRECTION ( 'NONE',  ( 0.000000000000000000, -0.000000000000000000, -1.000000000000000000 ) ) ;
#1468 = DIRECTION ( 'NONE',  ( 0.000000000000000000, 0.000000000000000000, 1.000000000000000000 ) ) ;
#1469 = ORIENTED_EDGE ( 'NONE', *, *, #1255, .T. ) ;
#1470 = CIRCLE ( 'NONE', #2500, 9.999999999999994671 ) ;
#1471 = DIRECTION ( 'NONE',  ( -1.000000000000000000, 0.000000000000000000, 0.000000000000000000 ) ) ;
#1472 = DIRECTION ( 'NONE',  ( -0.000000000000000000, -0.000000000000000000, -1.000000000000000000 ) ) ;
#1473 = EDGE_CURVE ( 'NONE', #6639, #8936, #5022, .T. ) ;
#1474 = CARTESIAN_POINT ( 'NONE',  ( 205.0000000000000000, -130.0000000000000000, 6.000000000000000000 ) ) ;
#1475 = CARTESIAN_POINT ( 'NONE',  ( -69.48711634798137027, -123.6266200955274144, 4.500000000000033751 ) ) ;
#1476 = PRODUCT_CONTEXT ( 'NONE', #9065, 'mechanical' ) ;
#1477 = EDGE_LOOP ( 'NONE', ( #6048, #7688, #3591, #8437, #4619 ) ) ;
#1478 = DIRECTION ( 'NONE',  ( -1.000000000000000000, 0.000000000000000000, 0.000000000000000000 ) ) ;
#1479 = CARTESIAN_POINT ( 'NONE',  ( -18.52882010595539342, 105.8785180692872814, 4.499999999999929834 ) ) ;
#1480 = EDGE_LOOP ( 'NONE', ( #2758, #3427 ) ) ;
#1481 = DIRECTION ( 'NONE',  ( 1.000000000000000000, 0.000000000000000000, 0.000000000000000000 ) ) ;
#1482 = CIRCLE ( 'NONE', #1922, 30.25000000000001421 ) ;
#1483 = AXIS2_PLACEMENT_3D ( 'NONE', #7023, #4351, #2780 ) ;
#1484 = EDGE_CURVE ( 'NONE', #3715, #1420, #3552, .T. ) ;
#1485 = CARTESIAN_POINT ( 'NONE',  ( -200.0000000000000000, -124.9999999999999574, 4.000000000000000000 ) ) ;
#1486 = ORIENTED_EDGE ( 'NONE', *, *, #5078, .F. ) ;
#1487 = CIRCLE ( 'NONE', #6631, 3.299999999999997158 ) ;
#1488 = ADVANCED_FACE ( 'NONE', ( #6699 ), #3942, .F. ) ;
#1489 = VERTEX_POINT ( 'NONE', #5362 ) ;
#1490 = CARTESIAN_POINT ( 'NONE',  ( 164.6904881830742795, -59.06050974978806067, 6.000000000000000000 ) ) ;
#1491 = VECTOR ( 'NONE', #2689, 1000.000000000000000 ) ;
#1492 = DIRECTION ( 'NONE',  ( 1.000000000000000000, 0.000000000000000000, 0.000000000000000000 ) ) ;
#1493 = CARTESIAN_POINT ( 'NONE',  ( 16.65821805624505814, -107.7027703147018940, 4.499999999999929834 ) ) ;
#1494 = ORIENTED_EDGE ( 'NONE', *, *, #580, .T. ) ;
#1495 = EDGE_LOOP ( 'NONE', ( #7220, #6976, #3637, #7165 ) ) ;
#1496 = VERTEX_POINT ( 'NONE', #6147 ) ;
#1497 = DIRECTION ( 'NONE',  ( 0.000000000000000000, -0.000000000000000000, -1.000000000000000000 ) ) ;
#1498 = EDGE_CURVE ( 'NONE', #2549, #8977, #7568, .T. ) ;
#1499 = EDGE_LOOP ( 'NONE', ( #5819, #5505, #5601, #4642 ) ) ;
#1500 = AXIS2_PLACEMENT_3D ( 'NONE', #5945, #1798, #1933 ) ;
#1501 = EDGE_CURVE ( 'NONE', #2082, #1410, #4584, .T. ) ;
#1502 = AXIS2_PLACEMENT_3D ( 'NONE', #8029, #2459, #5269 ) ;
#1503 = DIRECTION ( 'NONE',  ( 1.000000000000000000, 0.000000000000000000, 0.000000000000000000 ) ) ;
#1504 = CYLINDRICAL_SURFACE ( 'NONE', #6973, 30.25000000000001421 ) ;
#1505 = ORIENTED_EDGE ( 'NONE', *, *, #3691, .T. ) ;
#1506 = AXIS2_PLACEMENT_3D ( 'NONE', #1150, #3930, #2584 ) ;
#1507 = DIRECTION ( 'NONE',  ( 1.000000000000000000, 0.000000000000000000, 0.000000000000000000 ) ) ;
#1508 = CONICAL_SURFACE ( 'NONE', #3867, 1.500000000000029088, 0.7853981633974397303 ) ;
#1509 = AXIS2_PLACEMENT_3D ( 'NONE', #4381, #5196, #6450 ) ;
#1510 = DIRECTION ( 'NONE',  ( 1.000000000000000000, 0.000000000000000000, 0.000000000000000000 ) ) ;
#1511 = CIRCLE ( 'NONE', #8273, 10.00000000000000888 ) ;
#1512 = AXIS2_PLACEMENT_3D ( 'NONE', #2804, #7741, #3597 ) ;
#1513 = AXIS2_PLACEMENT_3D ( 'NONE', #2840, #5660, #8464 ) ;
#1514 = FACE_OUTER_BOUND ( 'NONE', #7723, .T. ) ;
#1515 = AXIS2_PLACEMENT_3D ( 'NONE', #8229, #8193, #1179 ) ;
#1516 = DIRECTION ( 'NONE',  ( -0.000000000000000000, 0.000000000000000000, 1.000000000000000000 ) ) ;
#1517 = LINE ( 'NONE', #4385, #7315 ) ;
#1518 = ORIENTED_EDGE ( 'NONE', *, *, #216, .T. ) ;
#1519 = LINE ( 'NONE', #3688, #472 ) ;
#1520 = CIRCLE ( 'NONE', #8587, 39.24999999999995026 ) ;
#1521 = CARTESIAN_POINT ( 'NONE',  ( 126.8422529161406800, -113.1577470838594195, 2.000000000000000000 ) ) ;
#1522 = AXIS2_PLACEMENT_3D ( 'NONE', #6297, #2099, #2828 ) ;
#1523 = ORIENTED_EDGE ( 'NONE', *, *, #301, .T. ) ;
#1524 = DIRECTION ( 'NONE',  ( 1.000000000000000000, 0.000000000000000000, 0.000000000000000000 ) ) ;
#1525 = CIRCLE ( 'NONE', #8873, 39.25000000000009237 ) ;
#1526 = CARTESIAN_POINT ( 'NONE',  ( 66.65821805624510432, -17.70277031470191531, 4.499999999999922728 ) ) ;
#1527 = VECTOR ( 'NONE', #5951, 1000.000000000000000 ) ;
#1528 = ORIENTED_EDGE ( 'NONE', *, *, #6006, .F. ) ;
#1529 = DIRECTION ( 'NONE',  ( -1.000000000000000000, 0.000000000000000000, -0.000000000000000000 ) ) ;
#1530 = DIRECTION ( 'NONE',  ( 1.000000000000000000, 0.000000000000000000, 0.000000000000000000 ) ) ;
#1531 = ORIENTED_EDGE ( 'NONE', *, *, #7002, .T. ) ;
#1532 = FACE_OUTER_BOUND ( 'NONE', #5433, .T. ) ;
#1533 = DIRECTION ( 'NONE',  ( -0.4902611097931272033, 0.5095527884571084964, 0.7071067811865450192 ) ) ;
#1534 = EDGE_LOOP ( 'NONE', ( #3005, #2229, #2607 ) ) ;
#1535 = ORIENTED_EDGE ( 'NONE', *, *, #2781, .T. ) ;
#1536 = EDGE_LOOP ( 'NONE', ( #2739, #9074, #3086, #1915 ) ) ;
#1537 = CARTESIAN_POINT ( 'NONE',  ( 180.9394902502118327, 104.6904881830742795, 6.000000000000000000 ) ) ;
#1538 = AXIS2_PLACEMENT_3D ( 'NONE', #5458, #6055, #1872 ) ;
#1539 = FACE_BOUND ( 'NONE', #5024, .T. ) ;
#1540 = EDGE_CURVE ( 'NONE', #8977, #959, #4292, .T. ) ;
#1541 = CYLINDRICAL_SURFACE ( 'NONE', #5682, 35.25000000000002842 ) ;
#1542 = LINE ( 'NONE', #3101, #7739 ) ;
#1543 = ORIENTED_EDGE ( 'NONE', *, *, #3919, .F. ) ;
#1544 = VECTOR ( 'NONE', #8234, 1000.000000000000000 ) ;
#1545 = DIRECTION ( 'NONE',  ( -0.000000000000000000, -0.000000000000000000, 1.000000000000000000 ) ) ;
#1546 = EDGE_CURVE ( 'NONE', #4763, #567, #6778, .T. ) ;
#1547 = ADVANCED_FACE ( 'NONE', ( #3202 ), #6875, .F. ) ;
#1548 = EDGE_LOOP ( 'NONE', ( #2567, #1555, #7402 ) ) ;
#1549 = CIRCLE ( 'NONE', #8891, 3.299999999999999822 ) ;
#1550 = CARTESIAN_POINT ( 'NONE',  ( -66.55419968925680507, 57.18962096152788632, 6.000000000000000000 ) ) ;
#1551 = EDGE_CURVE ( 'NONE', #4966, #2369, #1163, .T. ) ;
#1552 = CYLINDRICAL_SURFACE ( 'NONE', #647, 1.500000000000001332 ) ;
#1553 = ORIENTED_EDGE ( 'NONE', *, *, #1151, .F. ) ;
#1554 = EDGE_LOOP ( 'NONE', ( #8118, #1818, #8503 ) ) ;
#1555 = ORIENTED_EDGE ( 'NONE', *, *, #1313, .T. ) ;
#1556 = EDGE_CURVE ( 'NONE', #1380, #5438, #6637, .T. ) ;
#1557 = CARTESIAN_POINT ( 'NONE',  ( -24.92551403682574573, -24.92551403682584876, 4.499999999999929834 ) ) ;
#1558 = EDGE_CURVE ( 'NONE', #2808, #3957, #7384, .T. ) ;
#1559 = CIRCLE ( 'NONE', #3911, 9.999999999999994671 ) ;
#1560 = DIRECTION ( 'NONE',  ( -1.000000000000000000, 0.000000000000000000, 0.000000000000000000 ) ) ;
#1561 = CIRCLE ( 'NONE', #3770, 39.25000000000009237 ) ;
#1562 = CARTESIAN_POINT ( 'NONE',  ( -164.6904881830743363, 59.06050974978818857, 6.000000000000000000 ) ) ;
#1563 = VECTOR ( 'NONE', #7055, 1000.000000000000000 ) ;
#1564 = CARTESIAN_POINT ( 'NONE',  ( 150.0000000000000568, 90.00000000000007105, 2.000000000000000000 ) ) ;
#1565 = DIRECTION ( 'NONE',  ( -0.000000000000000000, -0.000000000000000000, 1.000000000000000000 ) ) ;
#1566 = DIRECTION ( 'NONE',  ( -0.4784802923808532116, 0.5206309727658555708, 0.7071067811865561215 ) ) ;
#1567 = AXIS2_PLACEMENT_3D ( 'NONE', #75, #6237, #4077 ) ;
#1568 = ORIENTED_EDGE ( 'NONE', *, *, #5770, .F. ) ;
#1569 = CARTESIAN_POINT ( 'NONE',  ( 32.81037903847210657, 16.55419968925693297, 6.000000000000000000 ) ) ;
#1570 = CARTESIAN_POINT ( 'NONE',  ( 164.6904881830742227, 120.9394902502120033, 6.000000000000000000 ) ) ;
#1571 = CIRCLE ( 'NONE', #7895, 34.24999999999989342 ) ;
#1572 = LINE ( 'NONE', #1612, #5043 ) ;
#1573 = CYLINDRICAL_SURFACE ( 'NONE', #1230, 30.25000000000002842 ) ;
#1574 = AXIS2_PLACEMENT_3D ( 'NONE', #7092, #5805, #782 ) ;
#1575 = ORIENTED_EDGE ( 'NONE', *, *, #1657, .T. ) ;
#1576 = CARTESIAN_POINT ( 'NONE',  ( 150.0000000000000568, 90.00000000000007105, 4.500000000000130562 ) ) ;
#1577 = CARTESIAN_POINT ( 'NONE',  ( 200.0000000000000000, -124.9999999999999574, 4.000000000000000000 ) ) ;
#1578 = VERTEX_POINT ( 'NONE', #4636 ) ;
#1579 = DIRECTION ( 'NONE',  ( 0.7071067811865425767, 0.000000000000000000, 0.7071067811865525687 ) ) ;
#1580 = DIRECTION ( 'NONE',  ( 1.000000000000000000, 0.000000000000000000, 0.000000000000000000 ) ) ;
#1581 = ADVANCED_FACE ( 'NONE', ( #7109, #4169 ), #7022, .T. ) ;
#1582 = ORIENTED_EDGE ( 'NONE', *, *, #6940, .F. ) ;
#1583 = FACE_OUTER_BOUND ( 'NONE', #7855, .T. ) ;
#1584 = VERTEX_POINT ( 'NONE', #8392 ) ;
#1585 = FACE_BOUND ( 'NONE', #9032, .T. ) ;
#1586 = DIRECTION ( 'NONE',  ( -0.000000000000000000, -0.000000000000000000, -1.000000000000000000 ) ) ;
#1587 = DIRECTION ( 'NONE',  ( 0.000000000000000000, -0.000000000000000000, -1.000000000000000000 ) ) ;
#1588 = VERTEX_POINT ( 'NONE', #661 ) ;
#1589 = DIRECTION ( 'NONE',  ( 0.000000000000000000, 0.000000000000000000, 1.000000000000000000 ) ) ;
#1590 = ORIENTED_EDGE ( 'NONE', *, *, #2617, .F. ) ;
#1591 = EDGE_CURVE ( 'NONE', #7678, #561, #453, .T. ) ;
#1592 = DIRECTION ( 'NONE',  ( 0.000000000000000000, -0.000000000000000000, -1.000000000000000000 ) ) ;
#1593 = CARTESIAN_POINT ( 'NONE',  ( -34.92551403682574573, -24.92551403682584876, 2.000000000000000000 ) ) ;
#1594 = ORIENTED_EDGE ( 'NONE', *, *, #1894, .T. ) ;
#1595 = ORIENTED_EDGE ( 'NONE', *, *, #8586, .T. ) ;
#1596 = ORIENTED_EDGE ( 'NONE', *, *, #1032, .T. ) ;
#1597 = CARTESIAN_POINT ( 'NONE',  ( -30.51288365201853026, -56.37337990447250036, 4.500000000000033751 ) ) ;
#1598 = CYLINDRICAL_SURFACE ( 'NONE', #1024, 1.500000000000001332 ) ;
#1599 = ADVANCED_FACE ( 'NONE', ( #4816 ), #2966, .T. ) ;
#1600 = EDGE_CURVE ( 'NONE', #3171, #3305, #2919, .T. ) ;
#1601 = EDGE_CURVE ( 'NONE', #6557, #2385, #5640, .T. ) ;
#1602 = DIRECTION ( 'NONE',  ( 1.000000000000000000, 0.000000000000000000, 0.000000000000000000 ) ) ;
#1603 = DIRECTION ( 'NONE',  ( -0.000000000000000000, -0.000000000000000000, 1.000000000000000000 ) ) ;
#1604 = CARTESIAN_POINT ( 'NONE',  ( -64.75000000000001421, 4.316879966994418706E-15, 2.000000000000000000 ) ) ;
#1605 = DIRECTION ( 'NONE',  ( 0.000000000000000000, 0.000000000000000000, 1.000000000000000000 ) ) ;
#1606 = VERTEX_POINT ( 'NONE', #4906 ) ;
#1607 = DIRECTION ( 'NONE',  ( -0.6313045309225718826, -0.3185193702691090367, -0.7071067811865487940 ) ) ;
#1608 = EDGE_CURVE ( 'NONE', #5170, #4825, #8107, .T. ) ;
#1609 = DIRECTION ( 'NONE',  ( -0.000000000000000000, -0.000000000000000000, -1.000000000000000000 ) ) ;
#1610 = EDGE_CURVE ( 'NONE', #5030, #1361, #6495, .T. ) ;
#1611 = EDGE_CURVE ( 'NONE', #7201, #6821, #4880, .T. ) ;
#1612 = CARTESIAN_POINT ( 'NONE',  ( -205.0000000000000000, -140.0000000000000000, 6.000000000000000000 ) ) ;
#1613 = DIRECTION ( 'NONE',  ( -1.000000000000000000, 0.000000000000000000, 0.000000000000000000 ) ) ;
#1614 =( GEOMETRIC_REPRESENTATION_CONTEXT ( 3 ) GLOBAL_UNCERTAINTY_ASSIGNED_CONTEXT ( ( #1108 ) ) GLOBAL_UNIT_ASSIGNED_CONTEXT ( ( #1318, #4142, #2762 ) ) REPRESENTATION_CONTEXT ( 'NONE', 'WORKASPACE' ) );
#1615 = CARTESIAN_POINT ( 'NONE',  ( -74.92551403682574573, 65.07448596317415479, 2.000000000000000000 ) ) ;
#1616 = CARTESIAN_POINT ( 'NONE',  ( -85.24999999999998579, 90.00000000000000000, 2.000000000000000000 ) ) ;
#1617 = ORIENTED_EDGE ( 'NONE', *, *, #6611, .F. ) ;
#1618 = DIRECTION ( 'NONE',  ( -0.3315959982864528088, -0.6245351022323835100, 0.7071067811865454633 ) ) ;
#1619 = DIRECTION ( 'NONE',  ( -0.3032917901662162130, -0.6387598062008738031, 0.7071067811865433539 ) ) ;
#1620 = ORIENTED_EDGE ( 'NONE', *, *, #6194, .T. ) ;
#1621 = ORIENTED_EDGE ( 'NONE', *, *, #6830, .F. ) ;
#1622 = LINE ( 'NONE', #979, #1332 ) ;
#1623 = DIRECTION ( 'NONE',  ( -0.000000000000000000, -0.000000000000000000, -1.000000000000000000 ) ) ;
#1624 = CARTESIAN_POINT ( 'NONE',  ( -164.0471091385599038, -119.5844760786698089, 4.499999999999950262 ) ) ;
#1625 = DIRECTION ( 'NONE',  ( 1.000000000000000000, 0.000000000000000000, 0.000000000000000000 ) ) ;
#1626 = EDGE_LOOP ( 'NONE', ( #2832, #5916, #3246, #771 ) ) ;
#1627 = ORIENTED_EDGE ( 'NONE', *, *, #7353, .T. ) ;
#1628 = ADVANCED_FACE ( 'NONE', ( #2090 ), #611, .F. ) ;
#1629 = ADVANCED_FACE ( 'NONE', ( #7798 ), #3516, .F. ) ;
#1630 = CARTESIAN_POINT ( 'NONE',  ( 126.6932809897922425, 26.69328098979224251, 4.499999999999922728 ) ) ;
#1631 = VECTOR ( 'NONE', #7221, 1000.000000000000000 ) ;
#1632 = ORIENTED_EDGE ( 'NONE', *, *, #4496, .T. ) ;
#1633 = AXIS2_PLACEMENT_3D ( 'NONE', #8214, #1863, #7483 ) ;
#1634 = ORIENTED_EDGE ( 'NONE', *, *, #2, .F. ) ;
#1635 = CONICAL_SURFACE ( 'NONE', #2513, 32.75000000000000000, 0.7853981633974367327 ) ;
#1636 = DIRECTION ( 'NONE',  ( 0.7071067811865500152, 0.000000000000000000, 0.7071067811865450192 ) ) ;
#1637 = FACE_OUTER_BOUND ( 'NONE', #2324, .T. ) ;
#1638 = ORIENTED_EDGE ( 'NONE', *, *, #5762, .T. ) ;
#1639 = ORIENTED_EDGE ( 'NONE', *, *, #2044, .T. ) ;
#1640 = ORIENTED_EDGE ( 'NONE', *, *, #3915, .F. ) ;
#1641 = CARTESIAN_POINT ( 'NONE',  ( 179.4394902502119180, 104.6904881830743363, 2.000000000000000000 ) ) ;
#1642 = CARTESIAN_POINT ( 'NONE',  ( -24.92551403682574573, -24.92551403682584876, 6.000000000000000000 ) ) ;
#1643 = CARTESIAN_POINT ( 'NONE',  ( -17.24999999999997513, 90.00000000000000000, 2.000000000000000000 ) ) ;
#1644 = CIRCLE ( 'NONE', #3711, 32.75000000000002842 ) ;
#1645 = ORIENTED_EDGE ( 'NONE', *, *, #5371, .F. ) ;
#1646 = AXIS2_PLACEMENT_3D ( 'NONE', #7699, #6321, #4943 ) ;
#1647 = AXIS2_PLACEMENT_3D ( 'NONE', #244, #5073, #8520 ) ;
#1648 = DIRECTION ( 'NONE',  ( -0.000000000000000000, 0.000000000000000000, 1.000000000000000000 ) ) ;
#1649 = CARTESIAN_POINT ( 'NONE',  ( 18.21808161391660263, 72.35388974366885861, 6.000000000000000000 ) ) ;
#1650 = DIRECTION ( 'NONE',  ( 1.000000000000000000, 0.000000000000000000, 0.000000000000000000 ) ) ;
#1651 = AXIS2_PLACEMENT_3D ( 'NONE', #2814, #2183, #6280 ) ;
#1652 = EDGE_CURVE ( 'NONE', #4138, #6624, #614, .T. ) ;
#1653 = AXIS2_PLACEMENT_3D ( 'NONE', #5150, #1648, #866 ) ;
#1654 = CARTESIAN_POINT ( 'NONE',  ( 180.9394902502118327, 104.6904881830744216, 6.000000000000000000 ) ) ;
#1655 = EDGE_LOOP ( 'NONE', ( #5652, #8371, #378, #7863 ) ) ;
#1656 = LINE ( 'NONE', #833, #8567 ) ;
#1657 = EDGE_CURVE ( 'NONE', #1118, #8841, #5692, .T. ) ;
#1658 = CIRCLE ( 'NONE', #4907, 10.00000000000000888 ) ;
#1659 = ORIENTED_EDGE ( 'NONE', *, *, #3645, .T. ) ;
#1660 = DIRECTION ( 'NONE',  ( -0.3315959982864500333, -0.6245351022323881729, -0.7071067811865425767 ) ) ;
#1661 = CARTESIAN_POINT ( 'NONE',  ( -173.1577470838595048, 66.84225291614069420, 4.500000000000054179 ) ) ;
#1662 = EDGE_CURVE ( 'NONE', #7047, #4804, #6330, .T. ) ;
#1663 = CARTESIAN_POINT ( 'NONE',  ( 0.000000000000000000, 0.000000000000000000, 4.499999999999929834 ) ) ;
#1664 = CARTESIAN_POINT ( 'NONE',  ( 135.9528908614400393, 60.41552392133027638, 4.500000000000130562 ) ) ;
#1665 = ORIENTED_EDGE ( 'NONE', *, *, #4263, .T. ) ;
#1666 = AXIS2_PLACEMENT_3D ( 'NONE', #6160, #2162, #4097 ) ;
#1667 = AXIS2_PLACEMENT_3D ( 'NONE', #1126, #6744, #437 ) ;
#1668 = CARTESIAN_POINT ( 'NONE',  ( 50.00000000000007105, -89.99999999999995737, 6.000000000000000000 ) ) ;
#1669 = CIRCLE ( 'NONE', #7992, 10.00000000000000888 ) ;
#1670 = ADVANCED_FACE ( 'NONE', ( #2736 ), #5546, .F. ) ;
#1671 = CARTESIAN_POINT ( 'NONE',  ( 18.21808161391661329, 72.35388974366884440, 4.499999999999936051 ) ) ;
#1672 = ORIENTED_EDGE ( 'NONE', *, *, #2292, .F. ) ;
#1673 = AXIS2_PLACEMENT_3D ( 'NONE', #3276, #303, #8897 ) ;
#1674 = ORIENTED_EDGE ( 'NONE', *, *, #7500, .F. ) ;
#1675 = CARTESIAN_POINT ( 'NONE',  ( -182.7499999999999432, 90.00000000000002842, 2.000000000000000000 ) ) ;
#1676 = CARTESIAN_POINT ( 'NONE',  ( 67.70277031470187978, -56.65821805624486984, 6.000000000000000000 ) ) ;
#1677 = DIRECTION ( 'NONE',  ( 1.000000000000000000, 0.000000000000000000, 0.000000000000000000 ) ) ;
#1678 = ORIENTED_EDGE ( 'NONE', *, *, #2987, .F. ) ;
#1679 = ORIENTED_EDGE ( 'NONE', *, *, #7913, .T. ) ;
#1680 = EDGE_LOOP ( 'NONE', ( #425, #3331, #2426, #3531 ) ) ;
#1681 = DIRECTION ( 'NONE',  ( -0.000000000000000000, -0.000000000000000000, -1.000000000000000000 ) ) ;
#1682 = CIRCLE ( 'NONE', #2278, 1.500000000000001332 ) ;
#1683 = EDGE_LOOP ( 'NONE', ( #2589, #4956, #6045, #7633 ) ) ;
#1684 = AXIS2_PLACEMENT_3D ( 'NONE', #6195, #1170, #9005 ) ;
#1685 = ORIENTED_EDGE ( 'NONE', *, *, #3228, .F. ) ;
#1686 = FACE_OUTER_BOUND ( 'NONE', #4024, .T. ) ;
#1687 = CIRCLE ( 'NONE', #9048, 36.75000000000004974 ) ;
#1688 = CARTESIAN_POINT ( 'NONE',  ( 35.25000000000000000, 0.000000000000000000, 4.499999999999929834 ) ) ;
#1689 = ORIENTED_EDGE ( 'NONE', *, *, #1174, .T. ) ;
#1690 = DIRECTION ( 'NONE',  ( -0.6313045309225698842, -0.3185193702691095918, 0.7071067811865502373 ) ) ;
#1691 = FACE_OUTER_BOUND ( 'NONE', #3488, .T. ) ;
#1692 = CARTESIAN_POINT ( 'NONE',  ( 100.0000000000001137, 2.775557561562891351E-14, 0.000000000000000000 ) ) ;
#1693 = CONICAL_SURFACE ( 'NONE', #6698, 1.500000000000056843, 0.7853981633974457255 ) ;
#1694 = EDGE_CURVE ( 'NONE', #3897, #1578, #8448, .T. ) ;
#1695 = CONICAL_SURFACE ( 'NONE', #2432, 37.75000000000000711, 0.7853981633974644883 ) ;
#1696 = LINE ( 'NONE', #4465, #3718 ) ;
#1697 = CARTESIAN_POINT ( 'NONE',  ( -126.6932809897921572, -26.69328098979219632, 4.500000000000019540 ) ) ;
#1698 = LINE ( 'NONE', #411, #9053 ) ;
#1699 = ORIENTED_EDGE ( 'NONE', *, *, #2121, .F. ) ;
#1700 = CIRCLE ( 'NONE', #6994, 1.500000000000001332 ) ;
#1701 = FACE_OUTER_BOUND ( 'NONE', #1977, .T. ) ;
#1702 = ORIENTED_EDGE ( 'NONE', *, *, #6716, .T. ) ;
#1703 = LINE ( 'NONE', #8566, #2247 ) ;
#1704 = EDGE_CURVE ( 'NONE', #6821, #3201, #7523, .T. ) ;
#1705 = ORIENTED_EDGE ( 'NONE', *, *, #3532, .T. ) ;
#1706 = CARTESIAN_POINT ( 'NONE',  ( 66.55419968925681928, 122.8103790384720924, 4.499999999999936051 ) ) ;
#1707 = EDGE_CURVE ( 'NONE', #7576, #1908, #1345, .T. ) ;
#1708 = AXIS2_PLACEMENT_3D ( 'NONE', #9088, #8446, #7019 ) ;
#1709 = DIRECTION ( 'NONE',  ( 0.000000000000000000, 0.000000000000000000, 1.000000000000000000 ) ) ;
#1710 = CARTESIAN_POINT ( 'NONE',  ( -120.5605097497880820, -75.30951181692573471, 4.499999999999950262 ) ) ;
#1711 = CARTESIAN_POINT ( 'NONE',  ( -135.3095118169258342, -59.06050974978807488, 2.000000000000000000 ) ) ;
#1712 = VERTEX_POINT ( 'NONE', #336 ) ;
#1713 = AXIS2_PLACEMENT_3D ( 'NONE', #7465, #1146, #7421 ) ;
#1714 = DIRECTION ( 'NONE',  ( 1.000000000000000000, 0.000000000000000000, 0.000000000000000000 ) ) ;
#1715 = CARTESIAN_POINT ( 'NONE',  ( -100.0000000000000000, 0.000000000000000000, 6.000000000000000000 ) ) ;
#1716 = ORIENTED_EDGE ( 'NONE', *, *, #2527, .T. ) ;
#1717 = EDGE_CURVE ( 'NONE', #8175, #7707, #7086, .T. ) ;
#1718 = EDGE_CURVE ( 'NONE', #7711, #2093, #3259, .T. ) ;
#1719 = VECTOR ( 'NONE', #5292, 1000.000000000000114 ) ;
#1720 = EDGE_LOOP ( 'NONE', ( #6437, #4327, #306, #5059 ) ) ;
#1721 = EDGE_CURVE ( 'NONE', #561, #5398, #7928, .T. ) ;
#1722 = CARTESIAN_POINT ( 'NONE',  ( -17.18962096152796448, 106.5541996892569472, 4.499999999999929834 ) ) ;
#1723 = ADVANCED_FACE ( 'NONE', ( #7160 ), #6553, .F. ) ;
#1724 = CARTESIAN_POINT ( 'NONE',  ( 180.2500000000001137, -89.99999999999998579, 2.000000000000000000 ) ) ;
#1725 = DIRECTION ( 'NONE',  ( 1.000000000000000000, 0.000000000000000000, 0.000000000000000000 ) ) ;
#1726 = LINE ( 'NONE', #221, #8172 ) ;
#1727 = EDGE_LOOP ( 'NONE', ( #2673, #2152, #1057, #2788 ) ) ;
#1728 = FACE_OUTER_BOUND ( 'NONE', #257, .T. ) ;
#1729 = ORIENTED_EDGE ( 'NONE', *, *, #5838, .F. ) ;
#1730 = CARTESIAN_POINT ( 'NONE',  ( -135.3095118169258342, -59.06050974978807488, 4.499999999999950262 ) ) ;
#1731 = ORIENTED_EDGE ( 'NONE', *, *, #2550, .F. ) ;
#1732 = ORIENTED_EDGE ( 'NONE', *, *, #266, .T. ) ;
#1733 = DIRECTION ( 'NONE',  ( -0.000000000000000000, -0.000000000000000000, -1.000000000000000000 ) ) ;
#1734 = CARTESIAN_POINT ( 'NONE',  ( 134.6666209613877925, 18.40619165170996041, 6.000000000000000000 ) ) ;
#1735 = DIRECTION ( 'NONE',  ( -1.000000000000000000, 0.000000000000000000, 0.000000000000000000 ) ) ;
#1736 = CYLINDRICAL_SURFACE ( 'NONE', #2837, 32.75000000000000000 ) ;
#1737 = DIRECTION ( 'NONE',  ( 1.000000000000000000, -1.850371707708592551E-14, 0.000000000000000000 ) ) ;
#1738 = FACE_OUTER_BOUND ( 'NONE', #3207, .T. ) ;
#1739 = EDGE_LOOP ( 'NONE', ( #7656, #5983, #3353, #8787 ) ) ;
#1740 = VERTEX_POINT ( 'NONE', #3748 ) ;
#1741 = CARTESIAN_POINT ( 'NONE',  ( 150.0000000000000568, 90.00000000000007105, 4.500000000000130562 ) ) ;
#1742 = ORIENTED_EDGE ( 'NONE', *, *, #305, .T. ) ;
#1743 = EDGE_CURVE ( 'NONE', #4966, #1866, #3561, .T. ) ;
#1744 = ADVANCED_FACE ( 'NONE', ( #3056 ), #3092, .T. ) ;
#1745 = CARTESIAN_POINT ( 'NONE',  ( -164.6904881830740806, -120.9394902502119606, 6.000000000000000000 ) ) ;
#1746 = ORIENTED_EDGE ( 'NONE', *, *, #8413, .F. ) ;
#1747 = DIRECTION ( 'NONE',  ( 1.000000000000000000, 0.000000000000000000, 0.000000000000000000 ) ) ;
#1748 = LINE ( 'NONE', #7366, #2424 ) ;
#1749 = CARTESIAN_POINT ( 'NONE',  ( -149.9999999999999432, -90.00000000000002842, 2.000000000000000000 ) ) ;
#1750 = CARTESIAN_POINT ( 'NONE',  ( -100.0000000000000000, 0.000000000000000000, 6.000000000000000000 ) ) ;
#1751 = ORIENTED_EDGE ( 'NONE', *, *, #1611, .T. ) ;
#1752 = CARTESIAN_POINT ( 'NONE',  ( 84.66662096138776405, -71.59380834828999696, 4.499999999999929834 ) ) ;
#1753 = DIRECTION ( 'NONE',  ( 1.000000000000000000, 0.000000000000000000, 0.000000000000000000 ) ) ;
#1754 = ORIENTED_EDGE ( 'NONE', *, *, #2033, .F. ) ;
#1755 = ORIENTED_EDGE ( 'NONE', *, *, #8433, .F. ) ;
#1756 = DIRECTION ( 'NONE',  ( -1.000000000000000000, 0.000000000000000000, 0.000000000000000000 ) ) ;
#1757 = DIRECTION ( 'NONE',  ( -1.000000000000000000, 0.000000000000000000, 0.000000000000000000 ) ) ;
#1758 = LINE ( 'NONE', #3199, #962 ) ;
#1759 = LINE ( 'NONE', #6739, #5530 ) ;
#1760 = ORIENTED_EDGE ( 'NONE', *, *, #8432, .F. ) ;
#1761 = EDGE_CURVE ( 'NONE', #6624, #5267, #2406, .T. ) ;
#1762 = CARTESIAN_POINT ( 'NONE',  ( -32.81037903847204262, -16.55419968925691521, 4.499999999999929834 ) ) ;
#1763 = VECTOR ( 'NONE', #6447, 1000.000000000000000 ) ;
#1764 = ADVANCED_FACE ( 'NONE', ( #8534 ), #185, .F. ) ;
#1765 = ORIENTED_EDGE ( 'NONE', *, *, #6786, .F. ) ;
#1766 = ORIENTED_EDGE ( 'NONE', *, *, #1255, .F. ) ;
#1767 = DIRECTION ( 'NONE',  ( 0.000000000000000000, -0.000000000000000000, -1.000000000000000000 ) ) ;
#1768 = ORIENTED_EDGE ( 'NONE', *, *, #5887, .T. ) ;
#1769 = ORIENTED_EDGE ( 'NONE', *, *, #3631, .T. ) ;
#1770 = AXIS2_PLACEMENT_3D ( 'NONE', #1218, #576, #7490 ) ;
#1771 = EDGE_CURVE ( 'NONE', #4825, #6300, #3795, .T. ) ;
#1772 = DIRECTION ( 'NONE',  ( -0.000000000000000000, -0.000000000000000000, -1.000000000000000000 ) ) ;
#1773 = FACE_OUTER_BOUND ( 'NONE', #519, .T. ) ;
#1774 = CARTESIAN_POINT ( 'NONE',  ( 0.000000000000000000, -124.9999999999999574, 6.000000000000000000 ) ) ;
#1775 = EDGE_CURVE ( 'NONE', #2223, #3360, #6595, .T. ) ;
#1776 = AXIS2_PLACEMENT_3D ( 'NONE', #1715, #5946, #6638 ) ;
#1777 = EDGE_LOOP ( 'NONE', ( #1627, #4457, #2907, #3126 ) ) ;
#1778 = AXIS2_PLACEMENT_3D ( 'NONE', #7161, #6290, #3297 ) ;
#1779 = CIRCLE ( 'NONE', #6198, 5.500000000000005329 ) ;
#1780 = CYLINDRICAL_SURFACE ( 'NONE', #8570, 3.299999999999997158 ) ;
#1781 = DIRECTION ( 'NONE',  ( 1.000000000000000000, 1.776356839400250465E-15, 0.000000000000000000 ) ) ;
#1782 = CARTESIAN_POINT ( 'NONE',  ( -25.07448596317426492, 114.9255140368258594, 6.000000000000000000 ) ) ;
#1783 = ORIENTED_EDGE ( 'NONE', *, *, #4582, .F. ) ;
#1784 = AXIS2_PLACEMENT_3D ( 'NONE', #1762, #4581, #8808 ) ;
#1785 = VERTEX_POINT ( 'NONE', #290 ) ;
#1786 = CYLINDRICAL_SURFACE ( 'NONE', #8490, 10.00000000000000888 ) ;
#1787 = AXIS2_PLACEMENT_3D ( 'NONE', #2156, #41, #675 ) ;
#1788 = DIRECTION ( 'NONE',  ( 0.000000000000000000, -0.000000000000000000, -1.000000000000000000 ) ) ;
#1789 = CIRCLE ( 'NONE', #8420, 34.25000000000001421 ) ;
#1790 = ORIENTED_EDGE ( 'NONE', *, *, #452, .T. ) ;
#1791 = CIRCLE ( 'NONE', #4892, 34.24999999999997158 ) ;
#1792 = CARTESIAN_POINT ( 'NONE',  ( -73.30671901020787118, 26.69328098979220343, 4.500000000000019540 ) ) ;
#1793 = LINE ( 'NONE', #3221, #4044 ) ;
#1794 = FACE_OUTER_BOUND ( 'NONE', #2476, .T. ) ;
#1795 = DIRECTION ( 'NONE',  ( -0.000000000000000000, -0.000000000000000000, -1.000000000000000000 ) ) ;
#1796 = ORIENTED_EDGE ( 'NONE', *, *, #3190, .F. ) ;
#1797 = VECTOR ( 'NONE', #2262, 1000.000000000000000 ) ;
#1798 = DIRECTION ( 'NONE',  ( 0.000000000000000000, -0.000000000000000000, -1.000000000000000000 ) ) ;
#1799 = VECTOR ( 'NONE', #6230, 1000.000000000000114 ) ;
#1800 = CARTESIAN_POINT ( 'NONE',  ( 23.30671901020797065, -116.6932809897921857, 6.000000000000000000 ) ) ;
#1801 = AXIS2_PLACEMENT_3D ( 'NONE', #7588, #6889, #4186 ) ;
#1802 = EDGE_LOOP ( 'NONE', ( #1991, #923, #6016, #2399 ) ) ;
#1803 = ADVANCED_FACE ( 'NONE', ( #6508 ), #845, .F. ) ;
#1804 = EDGE_LOOP ( 'NONE', ( #7388, #2334, #4854, #2825 ) ) ;
#1805 = CARTESIAN_POINT ( 'NONE',  ( 165.7949132570896893, 119.9244802719921097, 2.000000000000000000 ) ) ;
#1806 = AXIS2_PLACEMENT_3D ( 'NONE', #8430, #5574, #3504 ) ;
#1807 = DIRECTION ( 'NONE',  ( -0.000000000000000000, 0.000000000000000000, 1.000000000000000000 ) ) ;
#1808 = AXIS2_PLACEMENT_3D ( 'NONE', #3205, #6005, #4640 ) ;
#1810 = LINE ( 'NONE', #2496, #3310 ) ;
#1809 = VECTOR ( 'NONE', #2983, 1000.000000000000114 ) ;
#1811 = CARTESIAN_POINT ( 'NONE',  ( 89.25000000000015632, -89.99999999999995737, 6.000000000000000000 ) ) ;
#1812 = ORIENTED_EDGE ( 'NONE', *, *, #468, .F. ) ;
#1813 = DIRECTION ( 'NONE',  ( -0.000000000000000000, -0.000000000000000000, -1.000000000000000000 ) ) ;
#1814 = VECTOR ( 'NONE', #5928, 1000.000000000000000 ) ;
#1815 = ORIENTED_EDGE ( 'NONE', *, *, #7871, .T. ) ;
#1816 = CONICAL_SURFACE ( 'NONE', #500, 10.00000000000000888, 0.7853981633974385090 ) ;
#1817 = ADVANCED_FACE ( 'NONE', ( #5896 ), #162, .F. ) ;
#1818 = ORIENTED_EDGE ( 'NONE', *, *, #1761, .T. ) ;
#1819 = DIRECTION ( 'NONE',  ( 0.000000000000000000, -0.000000000000000000, -1.000000000000000000 ) ) ;
#1820 = ORIENTED_EDGE ( 'NONE', *, *, #5932, .F. ) ;
#1821 = EDGE_CURVE ( 'NONE', #8041, #5438, #8628, .T. ) ;
#1822 = EDGE_CURVE ( 'NONE', #1118, #4625, #1789, .T. ) ;
#1823 = ORIENTED_EDGE ( 'NONE', *, *, #2645, .T. ) ;
#1824 = AXIS2_PLACEMENT_3D ( 'NONE', #5009, #7178, #7814 ) ;
#1825 = EDGE_LOOP ( 'NONE', ( #4239, #3582 ) ) ;
#1826 = DIRECTION ( 'NONE',  ( 1.000000000000000000, 0.000000000000000000, 0.000000000000000000 ) ) ;
#1827 = DIRECTION ( 'NONE',  ( 0.000000000000000000, -0.000000000000000000, -1.000000000000000000 ) ) ;
#1828 = DIRECTION ( 'NONE',  ( -0.000000000000000000, -0.000000000000000000, -1.000000000000000000 ) ) ;
#1829 = CIRCLE ( 'NONE', #4192, 1.500000000000001332 ) ;
#1830 = ADVANCED_FACE ( 'NONE', ( #1532 ), #4597, .F. ) ;
#1831 = CIRCLE ( 'NONE', #7282, 32.75000000000000000 ) ;
#1832 = DIRECTION ( 'NONE',  ( -0.000000000000000000, -0.000000000000000000, 1.000000000000000000 ) ) ;
#1833 = EDGE_CURVE ( 'NONE', #4820, #7162, #6936, .T. ) ;
#1834 = DIRECTION ( 'NONE',  ( 1.000000000000000000, 0.000000000000000000, 0.000000000000000000 ) ) ;
#1835 = EDGE_CURVE ( 'NONE', #6921, #4042, #4448, .T. ) ;
#1836 = ORIENTED_EDGE ( 'NONE', *, *, #5644, .F. ) ;
#1837 = VERTEX_POINT ( 'NONE', #6731 ) ;
#1838 = DIRECTION ( 'NONE',  ( 1.000000000000000000, 0.000000000000000000, 0.000000000000000000 ) ) ;
#1839 = AXIS2_PLACEMENT_3D ( 'NONE', #8403, #7769, #7663 ) ;
#1840 = DIRECTION ( 'NONE',  ( -0.000000000000000000, -0.000000000000000000, -1.000000000000000000 ) ) ;
#1841 = AXIS2_PLACEMENT_3D ( 'NONE', #3841, #6775, #3236 ) ;
#1842 = CYLINDRICAL_SURFACE ( 'NONE', #633, 1.500000000000001332 ) ;
#1843 = CARTESIAN_POINT ( 'NONE',  ( -86.69328098979205777, -116.6932809897921857, 4.500000000000033751 ) ) ;
#1844 = DIRECTION ( 'NONE',  ( -1.000000000000000000, 0.000000000000000000, 0.000000000000000000 ) ) ;
#1845 = CARTESIAN_POINT ( 'NONE',  ( 0.000000000000000000, 0.000000000000000000, 2.000000000000000000 ) ) ;
#1846 = CIRCLE ( 'NONE', #6113, 3.299999999999997158 ) ;
#1847 = ORIENTED_EDGE ( 'NONE', *, *, #1035, .T. ) ;
#1848 = FACE_BOUND ( 'NONE', #6797, .T. ) ;
#1849 = DIRECTION ( 'NONE',  ( 0.000000000000000000, -0.000000000000000000, -1.000000000000000000 ) ) ;
#1850 = CONICAL_SURFACE ( 'NONE', #8618, 9.999999999999994671, 0.7853981633974396193 ) ;
#1851 = ORIENTED_EDGE ( 'NONE', *, *, #5108, .T. ) ;
#1852 = CIRCLE ( 'NONE', #7004, 1.500000000000001332 ) ;
#1853 = CARTESIAN_POINT ( 'NONE',  ( -3.299999999999998934, 125.0000000000000568, 6.000000000000000000 ) ) ;
#1854 = ORIENTED_EDGE ( 'NONE', *, *, #13, .F. ) ;
#1855 = DIRECTION ( 'NONE',  ( -0.6387598062008659205, -0.3032917901662065541, -0.7071067811865545671 ) ) ;
#1856 = DIRECTION ( 'NONE',  ( 0.000000000000000000, -0.000000000000000000, -1.000000000000000000 ) ) ;
#1857 = CARTESIAN_POINT ( 'NONE',  ( -119.0605097497879541, 104.6904881830740663, 6.000000000000000000 ) ) ;
#1858 = AXIS2_PLACEMENT_3D ( 'NONE', #3558, #7241, #7925 ) ;
#1859 = DIRECTION ( 'NONE',  ( 0.000000000000000000, 0.000000000000000000, 1.000000000000000000 ) ) ;
#1860 = FACE_OUTER_BOUND ( 'NONE', #1655, .T. ) ;
#1861 = ORIENTED_EDGE ( 'NONE', *, *, #485, .T. ) ;
#1862 = ORIENTED_EDGE ( 'NONE', *, *, #8019, .T. ) ;
#1863 = DIRECTION ( 'NONE',  ( -0.000000000000000000, 0.000000000000000000, 1.000000000000000000 ) ) ;
#1864 = VECTOR ( 'NONE', #7003, 1000.000000000000000 ) ;
#1865 = ADVANCED_FACE ( 'NONE', ( #5301 ), #5174, .F. ) ;
#1866 = VERTEX_POINT ( 'NONE', #8203 ) ;
#1867 = ORIENTED_EDGE ( 'NONE', *, *, #1341, .F. ) ;
#1868 = VECTOR ( 'NONE', #7946, 1000.000000000000000 ) ;
#1869 = DIRECTION ( 'NONE',  ( 1.000000000000000000, 0.000000000000000000, 0.000000000000000000 ) ) ;
#1870 = ORIENTED_EDGE ( 'NONE', *, *, #6786, .T. ) ;
#1871 = ORIENTED_EDGE ( 'NONE', *, *, #7511, .F. ) ;
#1872 = DIRECTION ( 'NONE',  ( 1.000000000000000000, 1.850371707708592551E-14, 0.000000000000000000 ) ) ;
#1873 = CARTESIAN_POINT ( 'NONE',  ( 62.25000000000012079, 2.775557561562891351E-14, 2.000000000000000000 ) ) ;
#1874 = LINE ( 'NONE', #1172, #3386 ) ;
#1875 = ORIENTED_EDGE ( 'NONE', *, *, #1835, .F. ) ;
#1876 = DIRECTION ( 'NONE',  ( -1.000000000000000000, 0.000000000000000000, 0.000000000000000000 ) ) ;
#1877 = LINE ( 'NONE', #6064, #4911 ) ;
#1878 = ORIENTED_EDGE ( 'NONE', *, *, #184, .T. ) ;
#1879 = ORIENTED_EDGE ( 'NONE', *, *, #6877, .F. ) ;
#1880 = LINE ( 'NONE', #6852, #6379 ) ;
#1881 = EDGE_CURVE ( 'NONE', #2332, #8360, #8106, .T. ) ;
#1882 = DIRECTION ( 'NONE',  ( 0.5206309727658579023, -0.4784802923808590958, -0.7071067811865504593 ) ) ;
#1883 = EDGE_CURVE ( 'NONE', #5828, #2359, #3855, .T. ) ;
#1884 = CARTESIAN_POINT ( 'NONE',  ( -179.5844760786696952, -104.0471091385600886, 6.000000000000000000 ) ) ;
#1885 = DIRECTION ( 'NONE',  ( -1.000000000000000000, 0.000000000000000000, 0.000000000000000000 ) ) ;
#1886 = CYLINDRICAL_SURFACE ( 'NONE', #8771, 1.500000000000001332 ) ;
#1887 = CARTESIAN_POINT ( 'NONE',  ( -31.59380834829013551, -55.33337903861221463, 4.500000000000033751 ) ) ;
#1888 = ORIENTED_EDGE ( 'NONE', *, *, #7302, .F. ) ;
#1889 = EDGE_CURVE ( 'NONE', #4853, #672, #514, .T. ) ;
#1890 = DIRECTION ( 'NONE',  ( 1.000000000000000000, 0.000000000000000000, 0.000000000000000000 ) ) ;
#1891 = DIRECTION ( 'NONE',  ( 1.000000000000000000, 0.000000000000000000, 0.000000000000000000 ) ) ;
#1892 = EDGE_LOOP ( 'NONE', ( #4671, #1216, #6065, #578 ) ) ;
#1893 = ADVANCED_FACE ( 'NONE', ( #4713 ), #8997, .F. ) ;
#1894 = EDGE_CURVE ( 'NONE', #2369, #4310, #8410, .T. ) ;
#1895 = CARTESIAN_POINT ( 'NONE',  ( 0.000000000000000000, 0.000000000000000000, 6.000000000000000000 ) ) ;
#1896 = VERTEX_POINT ( 'NONE', #5262 ) ;
#1897 = ORIENTED_EDGE ( 'NONE', *, *, #6078, .T. ) ;
#1898 = CARTESIAN_POINT ( 'NONE',  ( 74.92551403682575994, 114.9255140368258310, 4.499999999999936051 ) ) ;
#1899 = CYLINDRICAL_SURFACE ( 'NONE', #4926, 5.500000000000000000 ) ;
#1900 = DIRECTION ( 'NONE',  ( -1.000000000000000000, 0.000000000000000000, 0.000000000000000000 ) ) ;
#1901 = DIRECTION ( 'NONE',  ( -0.000000000000000000, -0.000000000000000000, 1.000000000000000000 ) ) ;
#1902 = CARTESIAN_POINT ( 'NONE',  ( 179.5844760786698089, 104.0471091385601312, 4.500000000000130562 ) ) ;
#1903 = ORIENTED_EDGE ( 'NONE', *, *, #4542, .F. ) ;
#1904 = CARTESIAN_POINT ( 'NONE',  ( 215.0000000000000000, 0.000000000000000000, 6.000000000000000000 ) ) ;
#1905 = ORIENTED_EDGE ( 'NONE', *, *, #2094, .T. ) ;
#1906 = ORIENTED_EDGE ( 'NONE', *, *, #8074, .F. ) ;
#1907 = DIRECTION ( 'NONE',  ( -0.4902611097931310336, 0.5095527884571058319, 0.7071067811865444641 ) ) ;
#1908 = VERTEX_POINT ( 'NONE', #423 ) ;
#1909 = ORIENTED_EDGE ( 'NONE', *, *, #2723, .T. ) ;
#1910 = CARTESIAN_POINT ( 'NONE',  ( 50.00000000000000000, 90.00000000000000000, 2.000000000000000000 ) ) ;
#1911 = DIRECTION ( 'NONE',  ( 1.000000000000000000, 0.000000000000000000, 0.000000000000000000 ) ) ;
#1912 = ORIENTED_EDGE ( 'NONE', *, *, #3851, .F. ) ;
#1913 = DIRECTION ( 'NONE',  ( -0.4784802923808680331, 0.5206309727658621211, 0.7071067811865412445 ) ) ;
#1914 = CARTESIAN_POINT ( 'NONE',  ( 117.7027703147019224, 33.34178194375511595, 4.499999999999922728 ) ) ;
#1915 = ORIENTED_EDGE ( 'NONE', *, *, #7627, .F. ) ;
#1916 = ORIENTED_EDGE ( 'NONE', *, *, #2191, .F. ) ;
#1917 = DIRECTION ( 'NONE',  ( 0.000000000000000000, -0.000000000000000000, -1.000000000000000000 ) ) ;
#1918 = CONICAL_SURFACE ( 'NONE', #2074, 37.75000000000000000, 0.7853981633974412846 ) ;
#1919 = FILL_AREA_STYLE ('',( #5667 ) ) ;
#1920 = CONICAL_SURFACE ( 'NONE', #8688, 1.500000000000015099, 0.7853981633974640442 ) ;
#1921 = VERTEX_POINT ( 'NONE', #6764 ) ;
#1922 = AXIS2_PLACEMENT_3D ( 'NONE', #846, #6510, #4531 ) ;
#1923 = VECTOR ( 'NONE', #3333, 1000.000000000000000 ) ;
#1924 = ADVANCED_FACE ( 'NONE', ( #1848, #461 ), #4673, .T. ) ;
#1925 = DIRECTION ( 'NONE',  ( -1.000000000000000000, 0.000000000000000000, 0.000000000000000000 ) ) ;
#1926 = CYLINDRICAL_SURFACE ( 'NONE', #8459, 1.500000000000001332 ) ;
#1927 = AXIS2_PLACEMENT_3D ( 'NONE', #2059, #4232, #4920 ) ;
#1928 = DIRECTION ( 'NONE',  ( 1.000000000000000000, 0.000000000000000000, 0.000000000000000000 ) ) ;
#1929 = ADVANCED_FACE ( 'NONE', ( #4016 ), #5901, .T. ) ;
#1930 = EDGE_CURVE ( 'NONE', #4753, #8511, #4302, .T. ) ;
#1931 = CARTESIAN_POINT ( 'NONE',  ( 120.4155239213303474, -104.0471091385599891, 2.000000000000000000 ) ) ;
#1932 = ORIENTED_EDGE ( 'NONE', *, *, #2488, .F. ) ;
#1933 = DIRECTION ( 'NONE',  ( -1.000000000000000000, 0.000000000000000000, 0.000000000000000000 ) ) ;
#1934 = AXIS2_PLACEMENT_3D ( 'NONE', #6863, #3143, #6084 ) ;
#1935 = DIRECTION ( 'NONE',  ( -1.000000000000000000, 0.000000000000000000, 0.000000000000000000 ) ) ;
#1936 = ORIENTED_EDGE ( 'NONE', *, *, #6722, .F. ) ;
#1937 = VECTOR ( 'NONE', #6035, 1000.000000000000000 ) ;
#1938 = VECTOR ( 'NONE', #2038, 1000.000000000000114 ) ;
#1939 = EDGE_CURVE ( 'NONE', #2549, #503, #8795, .T. ) ;
#1940 = DIRECTION ( 'NONE',  ( -0.000000000000000000, -0.000000000000000000, -1.000000000000000000 ) ) ;
#1941 = ORIENTED_EDGE ( 'NONE', *, *, #6888, .F. ) ;
#1942 = DIRECTION ( 'NONE',  ( 1.000000000000000000, 0.000000000000000000, 0.000000000000000000 ) ) ;
#1943 = CIRCLE ( 'NONE', #7096, 39.25000000000009237 ) ;
#1944 = LINE ( 'NONE', #1335, #362 ) ;
#1945 = CARTESIAN_POINT ( 'NONE',  ( 84.66662096138776405, -71.59380834828999696, 6.000000000000000000 ) ) ;
#1946 = CYLINDRICAL_SURFACE ( 'NONE', #8325, 37.75000000000000711 ) ;
#1947 = EDGE_CURVE ( 'NONE', #300, #2277, #5466, .T. ) ;
#1948 = CARTESIAN_POINT ( 'NONE',  ( -76.69328098979205777, -116.6932809897921857, 6.000000000000000000 ) ) ;
#1949 = VERTEX_POINT ( 'NONE', #8061 ) ;
#1950 = CIRCLE ( 'NONE', #4747, 10.00000000000000888 ) ;
#1951 = ORIENTED_EDGE ( 'NONE', *, *, #426, .F. ) ;
#1952 = CIRCLE ( 'NONE', #7683, 1.499999999999999556 ) ;
#1953 = DIRECTION ( 'NONE',  ( -0.000000000000000000, -0.000000000000000000, -1.000000000000000000 ) ) ;
#1954 = ORIENTED_EDGE ( 'NONE', *, *, #6194, .F. ) ;
#1955 = CIRCLE ( 'NONE', #1208, 1.500000000000001332 ) ;
#1956 = EDGE_CURVE ( 'NONE', #4945, #3936, #7686, .T. ) ;
#1957 = ORIENTED_EDGE ( 'NONE', *, *, #2154, .F. ) ;
#1958 = VECTOR ( 'NONE', #4050, 1000.000000000000000 ) ;
#1959 = ORIENTED_EDGE ( 'NONE', *, *, #6166, .F. ) ;
#1960 = AXIS2_PLACEMENT_3D ( 'NONE', #7081, #6445, #8554 ) ;
#1961 = CARTESIAN_POINT ( 'NONE',  ( -164.6904881830743363, 59.06050974978818857, 4.500000000000054179 ) ) ;
#1962 = FACE_OUTER_BOUND ( 'NONE', #2145, .T. ) ;
#1963 = EDGE_LOOP ( 'NONE', ( #6101, #8800, #6249, #3638, #4190 ) ) ;
#1964 = VERTEX_POINT ( 'NONE', #4567 ) ;
#1965 = VERTEX_POINT ( 'NONE', #5396 ) ;
#1966 = VERTEX_POINT ( 'NONE', #6026 ) ;
#1967 = CARTESIAN_POINT ( 'NONE',  ( -65.33337903861232121, 18.40619165170993199, 6.000000000000000000 ) ) ;
#1968 = FACE_OUTER_BOUND ( 'NONE', #1124, .T. ) ;
#1969 = VECTOR ( 'NONE', #8560, 1000.000000000000000 ) ;
#1970 = ORIENTED_EDGE ( 'NONE', *, *, #4868, .T. ) ;
#1971 = VERTEX_POINT ( 'NONE', #384 ) ;
#1972 = AXIS2_PLACEMENT_3D ( 'NONE', #2797, #5609, #3536 ) ;
#1973 = DIRECTION ( 'NONE',  ( -0.7071067811865586750, 0.000000000000000000, -0.7071067811865363595 ) ) ;
#1974 = AXIS2_PLACEMENT_3D ( 'NONE', #4631, #5308, #8765 ) ;
#1975 = DIRECTION ( 'NONE',  ( -0.000000000000000000, -0.000000000000000000, 1.000000000000000000 ) ) ;
#1976 = ORIENTED_EDGE ( 'NONE', *, *, #4318, .F. ) ;
#1977 = EDGE_LOOP ( 'NONE', ( #1903, #7900, #5105, #1031 ) ) ;
#1978 = CARTESIAN_POINT ( 'NONE',  ( -179.5844760786697805, 75.95289086144016721, 2.000000000000000000 ) ) ;
#1979 = DIRECTION ( 'NONE',  ( 1.000000000000000000, 0.000000000000000000, 0.000000000000000000 ) ) ;
#1980 = EDGE_CURVE ( 'NONE', #8940, #6544, #5328, .T. ) ;
#1981 = AXIS2_PLACEMENT_3D ( 'NONE', #738, #6502, #2953 ) ;
#1982 = CIRCLE ( 'NONE', #3157, 11.49999999999987210 ) ;
#1983 = CARTESIAN_POINT ( 'NONE',  ( 150.0000000000000568, 90.00000000000007105, 0.000000000000000000 ) ) ;
#1984 = CARTESIAN_POINT ( 'NONE',  ( 68.40619165170990357, -55.33337903861222884, 4.499999999999929834 ) ) ;
#1985 = CARTESIAN_POINT ( 'NONE',  ( 150.0000000000000568, 90.00000000000007105, 6.000000000000000000 ) ) ;
#1986 = CARTESIAN_POINT ( 'NONE',  ( 164.0471091385600175, 119.5844760786698657, 2.000000000000000000 ) ) ;
#1987 = ORIENTED_EDGE ( 'NONE', *, *, #8865, .T. ) ;
#1988 = DIRECTION ( 'NONE',  ( -1.000000000000000000, 0.000000000000000000, 0.000000000000000000 ) ) ;
#1989 = ADVANCED_FACE ( 'NONE', ( #2624 ), #5435, .F. ) ;
#1990 = DIRECTION ( 'NONE',  ( 1.000000000000000000, 0.000000000000000000, 0.000000000000000000 ) ) ;
#1991 = ORIENTED_EDGE ( 'NONE', *, *, #6680, .T. ) ;
#1992 = CIRCLE ( 'NONE', #6413, 11.50000000000003730 ) ;
#1993 = EDGE_CURVE ( 'NONE', #2296, #387, #6688, .T. ) ;
#1994 = LINE ( 'NONE', #9036, #909 ) ;
#1995 = ORIENTED_EDGE ( 'NONE', *, *, #1894, .F. ) ;
#1996 = CARTESIAN_POINT ( 'NONE',  ( -23.30671901020783920, -63.30671901020773618, 2.000000000000000000 ) ) ;
#1997 = AXIS2_PLACEMENT_3D ( 'NONE', #3714, #6651, #5135 ) ;
#1998 = DIRECTION ( 'NONE',  ( 0.000000000000000000, -0.000000000000000000, 1.000000000000000000 ) ) ;
#1999 = FACE_OUTER_BOUND ( 'NONE', #769, .T. ) ;
#2000 = DIRECTION ( 'NONE',  ( 0.000000000000000000, 0.000000000000000000, 1.000000000000000000 ) ) ;
#2001 = FACE_OUTER_BOUND ( 'NONE', #7728, .T. ) ;
#2002 = ORIENTED_EDGE ( 'NONE', *, *, #3579, .T. ) ;
#2003 = VECTOR ( 'NONE', #8721, 999.9999999999998863 ) ;
#2004 = CARTESIAN_POINT ( 'NONE',  ( -83.34178194375495252, -107.7027703147019082, 4.500000000000033751 ) ) ;
#2005 = ADVANCED_FACE ( 'NONE', ( #2487, #2131 ), #8482, .T. ) ;
#2006 = ADVANCED_FACE ( 'NONE', ( #7048 ), #4983, .F. ) ;
#2007 = CIRCLE ( 'NONE', #6559, 36.75000000000004974 ) ;
#2008 = ORIENTED_EDGE ( 'NONE', *, *, #5149, .F. ) ;
#2009 = ADVANCED_FACE ( 'NONE', ( #2078 ), #1356, .T. ) ;
#2010 = EDGE_CURVE ( 'NONE', #4310, #3812, #3567, .T. ) ;
#2011 = AXIS2_PLACEMENT_3D ( 'NONE', #3369, #6872, #4076 ) ;
#2012 = ORIENTED_EDGE ( 'NONE', *, *, #8912, .T. ) ;
#2013 = DIRECTION ( 'NONE',  ( 1.000000000000000000, 0.000000000000000000, 0.000000000000000000 ) ) ;
#2014 = CARTESIAN_POINT ( 'NONE',  ( 205.0000000000000000, -130.0000000000000000, 0.000000000000000000 ) ) ;
#2015 = ORIENTED_EDGE ( 'NONE', *, *, #5843, .T. ) ;
#2016 = CIRCLE ( 'NONE', #7595, 10.00000000000000178 ) ;
#2017 = ORIENTED_EDGE ( 'NONE', *, *, #1822, .F. ) ;
#2018 = CARTESIAN_POINT ( 'NONE',  ( 3.299999999999998934, -124.9999999999999574, 6.000000000000000000 ) ) ;
#2019 = CARTESIAN_POINT ( 'NONE',  ( 133.3417819437551373, 17.70277031470194018, 2.000000000000000000 ) ) ;
#2020 = CONICAL_SURFACE ( 'NONE', #7164, 34.24999999999998579, 0.7853981633974574939 ) ;
#2021 = ORIENTED_EDGE ( 'NONE', *, *, #2124, .T. ) ;
#2022 = ADVANCED_FACE ( 'NONE', ( #8382 ), #7605, .F. ) ;
#2023 = AXIS2_PLACEMENT_3D ( 'NONE', #995, #7396, #2341 ) ;
#2024 = CARTESIAN_POINT ( 'NONE',  ( -180.9394902502118612, -104.6904881830743079, 6.000000000000000000 ) ) ;
#2025 = CIRCLE ( 'NONE', #1574, 5.500000000000005329 ) ;
#2026 = DIRECTION ( 'NONE',  ( -0.000000000000000000, 0.000000000000000000, 1.000000000000000000 ) ) ;
#2027 = ORIENTED_EDGE ( 'NONE', *, *, #6767, .T. ) ;
#2028 = VERTEX_POINT ( 'NONE', #4843 ) ;
#2029 = CARTESIAN_POINT ( 'NONE',  ( 50.00000000000007105, -89.99999999999995737, 6.000000000000000000 ) ) ;
#2030 = CARTESIAN_POINT ( 'NONE',  ( -203.3000000000000114, 125.0000000000000568, 8.673617379884035472E-16 ) ) ;
#2031 = CARTESIAN_POINT ( 'NONE',  ( 134.6666209613877925, 18.40619165170996041, 4.499999999999922728 ) ) ;
#2032 = CARTESIAN_POINT ( 'NONE',  ( 215.0000000000000000, 0.000000000000000000, 6.000000000000000000 ) ) ;
#2033 = EDGE_CURVE ( 'NONE', #6624, #2114, #2037, .T. ) ;
#2034 = CARTESIAN_POINT ( 'NONE',  ( -16.55419968925679086, -32.81037903847211368, 6.000000000000000000 ) ) ;
#2035 = LINE ( 'NONE', #2807, #8773 ) ;
#2036 = ORIENTED_EDGE ( 'NONE', *, *, #1883, .T. ) ;
#2037 = LINE ( 'NONE', #4290, #4896 ) ;
#2038 = DIRECTION ( 'NONE',  ( -0.6245351022323835100, -0.3315959982864528088, -0.7071067811865454633 ) ) ;
#2039 = ORIENTED_EDGE ( 'NONE', *, *, #9027, .F. ) ;
#2040 = CARTESIAN_POINT ( 'NONE',  ( 126.6932809897922425, 26.69328098979224251, 4.499999999999922728 ) ) ;
#2041 = VERTEX_POINT ( 'NONE', #6903 ) ;
#2042 = FACE_OUTER_BOUND ( 'NONE', #5414, .T. ) ;
#2043 = CARTESIAN_POINT ( 'NONE',  ( -135.9528908614400109, -60.41552392133019111, 4.499999999999950262 ) ) ;
#2044 = EDGE_CURVE ( 'NONE', #5560, #9038, #3463, .T. ) ;
#2045 = LINE ( 'NONE', #4851, #7304 ) ;
#2046 = FACE_OUTER_BOUND ( 'NONE', #7664, .T. ) ;
#2047 = EDGE_LOOP ( 'NONE', ( #7550, #6608, #3302, #7373 ) ) ;
#2048 = DIRECTION ( 'NONE',  ( 0.000000000000000000, -0.000000000000000000, -1.000000000000000000 ) ) ;
#2049 = DIRECTION ( 'NONE',  ( -0.000000000000000000, -0.000000000000000000, 1.000000000000000000 ) ) ;
#2050 = ORIENTED_EDGE ( 'NONE', *, *, #2422, .T. ) ;
#2051 = ORIENTED_EDGE ( 'NONE', *, *, #6459, .T. ) ;
#2052 = CARTESIAN_POINT ( 'NONE',  ( -200.0000000000000000, 125.0000000000000568, 4.000000000000000000 ) ) ;
#2053 = LINE ( 'NONE', #4861, #7998 ) ;
#2054 = ADVANCED_FACE ( 'NONE', ( #6320 ), #7643, .F. ) ;
#2055 = CARTESIAN_POINT ( 'NONE',  ( 0.000000000000000000, 139.9999999999999716, 6.000000000000000000 ) ) ;
#2056 = ORIENTED_EDGE ( 'NONE', *, *, #5776, .F. ) ;
#2057 = ORIENTED_EDGE ( 'NONE', *, *, #5724, .F. ) ;
#2058 = DIRECTION ( 'NONE',  ( 0.000000000000000000, 0.000000000000000000, 1.000000000000000000 ) ) ;
#2059 = CARTESIAN_POINT ( 'NONE',  ( 74.92551403682575994, 114.9255140368258310, 6.000000000000000000 ) ) ;
#2060 = ADVANCED_FACE ( 'NONE', ( #597 ), #4889, .T. ) ;
#2061 = ORIENTED_EDGE ( 'NONE', *, *, #6292, .T. ) ;
#2062 = VECTOR ( 'NONE', #5522, 999.9999999999998863 ) ;
#2063 = CARTESIAN_POINT ( 'NONE',  ( 30.51288365201865460, -123.6266200955274286, 6.000000000000000000 ) ) ;
#2064 = ADVANCED_FACE ( 'NONE', ( #6172 ), #8979, .T. ) ;
#2065 = DIRECTION ( 'NONE',  ( 1.000000000000000000, 0.000000000000000000, 0.000000000000000000 ) ) ;
#2066 = EDGE_LOOP ( 'NONE', ( #1195, #1128, #3956, #5223 ) ) ;
#2067 = ORIENTED_EDGE ( 'NONE', *, *, #1372, .F. ) ;
#2068 = EDGE_LOOP ( 'NONE', ( #2691, #2067, #5610 ) ) ;
#2069 = DIRECTION ( 'NONE',  ( -1.000000000000000000, 0.000000000000000000, -0.000000000000000000 ) ) ;
#2070 = EDGE_CURVE ( 'NONE', #8128, #5482, #8856, .T. ) ;
#2071 = DIRECTION ( 'NONE',  ( -0.000000000000000000, -0.000000000000000000, -1.000000000000000000 ) ) ;
#2072 = CARTESIAN_POINT ( 'NONE',  ( 183.1577470838594479, 113.1577470838595332, 4.500000000000130562 ) ) ;
#2073 = FACE_OUTER_BOUND ( 'NONE', #4271, .T. ) ;
#2074 = AXIS2_PLACEMENT_3D ( 'NONE', #973, #337, #3144 ) ;
#2075 = FACE_OUTER_BOUND ( 'NONE', #2047, .T. ) ;
#2076 = CARTESIAN_POINT ( 'NONE',  ( -126.6932809897921572, -26.69328098979219632, 4.500000000000019540 ) ) ;
#2077 = EDGE_LOOP ( 'NONE', ( #3635, #942, #7488, #5041 ) ) ;
#2078 = FACE_OUTER_BOUND ( 'NONE', #4107, .T. ) ;
#2079 = CARTESIAN_POINT ( 'NONE',  ( 133.6266200955274996, 19.48711634798157277, 2.000000000000000000 ) ) ;
#2080 = VECTOR ( 'NONE', #5818, 1000.000000000000227 ) ;
#2081 = DIRECTION ( 'NONE',  ( 1.000000000000000000, 0.000000000000000000, 0.000000000000000000 ) ) ;
#2082 = VERTEX_POINT ( 'NONE', #5679 ) ;
#2083 = CARTESIAN_POINT ( 'NONE',  ( 100.0000000000001137, 2.775557561562891351E-14, 4.499999999999922728 ) ) ;
#2084 = DIRECTION ( 'NONE',  ( 1.000000000000000000, 0.000000000000000000, 0.000000000000000000 ) ) ;
#2085 = CARTESIAN_POINT ( 'NONE',  ( 62.25000000000012079, 2.775557561562891351E-14, 6.000000000000000000 ) ) ;
#2086 = DIRECTION ( 'NONE',  ( -0.000000000000000000, -0.000000000000000000, -1.000000000000000000 ) ) ;
#2087 = ORIENTED_EDGE ( 'NONE', *, *, #2368, .F. ) ;
#2088 = AXIS2_PLACEMENT_3D ( 'NONE', #3894, #434, #4773 ) ;
#2089 = ORIENTED_EDGE ( 'NONE', *, *, #426, .T. ) ;
#2090 = FACE_OUTER_BOUND ( 'NONE', #6861, .T. ) ;
#2091 = DIRECTION ( 'NONE',  ( 0.000000000000000000, -0.000000000000000000, -1.000000000000000000 ) ) ;
#2092 = CIRCLE ( 'NONE', #1343, 1.500000000000001332 ) ;
#2093 = VERTEX_POINT ( 'NONE', #4204 ) ;
#2094 = EDGE_CURVE ( 'NONE', #709, #2536, #1328, .T. ) ;
#2095 = AXIS2_PLACEMENT_3D ( 'NONE', #5590, #1339, #4260 ) ;
#2096 = ORIENTED_EDGE ( 'NONE', *, *, #3521, .T. ) ;
#2097 = DIRECTION ( 'NONE',  ( 1.000000000000000000, 0.000000000000000000, 0.000000000000000000 ) ) ;
#2098 = AXIS2_PLACEMENT_3D ( 'NONE', #6021, #5257, #3261 ) ;
#2099 = DIRECTION ( 'NONE',  ( -0.000000000000000000, -0.000000000000000000, -1.000000000000000000 ) ) ;
#2100 = DIRECTION ( 'NONE',  ( 1.000000000000000000, 0.000000000000000000, 0.000000000000000000 ) ) ;
#2101 = ORIENTED_EDGE ( 'NONE', *, *, #5553, .T. ) ;
#2102 = ORIENTED_EDGE ( 'NONE', *, *, #4303, .T. ) ;
#2103 = FACE_OUTER_BOUND ( 'NONE', #3769, .T. ) ;
#2104 = CYLINDRICAL_SURFACE ( 'NONE', #2664, 35.24999999999997868 ) ;
#2105 = AXIS2_PLACEMENT_3D ( 'NONE', #649, #9081, #7748 ) ;
#2106 = ORIENTED_EDGE ( 'NONE', *, *, #1213, .T. ) ;
#2107 = EDGE_CURVE ( 'NONE', #4243, #4684, #5183, .T. ) ;
#2108 = AXIS2_PLACEMENT_3D ( 'NONE', #3634, #1592, #1503 ) ;
#2109 = AXIS2_PLACEMENT_3D ( 'NONE', #2848, #4931, #7869 ) ;
#2110 = ADVANCED_FACE ( 'NONE', ( #2720 ), #7973, .F. ) ;
#2111 = CYLINDRICAL_SURFACE ( 'NONE', #1801, 37.75000000000000000 ) ;
#2112 = LINE ( 'NONE', #4927, #6538 ) ;
#2113 = ORIENTED_EDGE ( 'NONE', *, *, #6027, .T. ) ;
#2114 = VERTEX_POINT ( 'NONE', #4942 ) ;
#2115 = CIRCLE ( 'NONE', #6231, 1.500000000000001332 ) ;
#2116 = ORIENTED_EDGE ( 'NONE', *, *, #1029, .F. ) ;
#2117 = AXIS2_PLACEMENT_3D ( 'NONE', #2294, #6442, #7129 ) ;
#2118 = CARTESIAN_POINT ( 'NONE',  ( 120.4155239213303474, -104.0471091385599891, 4.499999999999929834 ) ) ;
#2119 = AXIS2_PLACEMENT_3D ( 'NONE', #1189, #4624, #1891 ) ;
#2120 = PLANE ( 'NONE',  #5148 ) ;
#2121 = EDGE_CURVE ( 'NONE', #3804, #8940, #913, .T. ) ;
#2122 = CIRCLE ( 'NONE', #1974, 35.24999999999999289 ) ;
#2123 = EDGE_CURVE ( 'NONE', #7047, #8060, #4007, .T. ) ;
#2124 = EDGE_CURVE ( 'NONE', #844, #4280, #5155, .T. ) ;
#2125 = DIRECTION ( 'NONE',  ( 1.000000000000000000, 0.000000000000000000, 0.000000000000000000 ) ) ;
#2126 = DIRECTION ( 'NONE',  ( 0.000000000000000000, -0.000000000000000000, -1.000000000000000000 ) ) ;
#2127 = CARTESIAN_POINT ( 'NONE',  ( -69.48711634798137027, -123.6266200955274144, 2.000000000000000000 ) ) ;
#2128 = DIRECTION ( 'NONE',  ( 1.000000000000000000, 0.000000000000000000, 0.000000000000000000 ) ) ;
#2129 = EDGE_LOOP ( 'NONE', ( #2544, #6272 ) ) ;
#2130 = VECTOR ( 'NONE', #7924, 1000.000000000000114 ) ;
#2131 = FACE_BOUND ( 'NONE', #6470, .T. ) ;
#2132 = DIRECTION ( 'NONE',  ( 1.000000000000000000, 0.000000000000000000, 0.000000000000000000 ) ) ;
#2133 = AXIS2_PLACEMENT_3D ( 'NONE', #2557, #7529, #7582 ) ;
#2134 = CIRCLE ( 'NONE', #4342, 10.00000000000000888 ) ;
#2135 = ORIENTED_EDGE ( 'NONE', *, *, #42, .T. ) ;
#2136 = DIRECTION ( 'NONE',  ( 0.000000000000000000, 0.000000000000000000, -1.000000000000000000 ) ) ;
#2137 = CARTESIAN_POINT ( 'NONE',  ( 50.00000000000007105, -89.99999999999995737, 2.000000000000000000 ) ) ;
#2138 = ORIENTED_EDGE ( 'NONE', *, *, #1142, .F. ) ;
#2139 = CYLINDRICAL_SURFACE ( 'NONE', #4365, 9.999999999999998224 ) ;
#2140 = FACE_OUTER_BOUND ( 'NONE', #4566, .T. ) ;
#2141 = EDGE_LOOP ( 'NONE', ( #3269, #2784, #2113, #646 ) ) ;
#2142 = DIRECTION ( 'NONE',  ( 1.000000000000000000, 0.000000000000000000, 0.000000000000000000 ) ) ;
#2143 = CARTESIAN_POINT ( 'NONE',  ( -149.9999999999999432, -90.00000000000002842, 2.000000000000000000 ) ) ;
#2144 = AXIS2_PLACEMENT_3D ( 'NONE', #4268, #6923, #4824 ) ;
#2145 = EDGE_LOOP ( 'NONE', ( #8294, #5514, #422, #3613 ) ) ;
#2146 = AXIS2_PLACEMENT_3D ( 'NONE', #7308, #2417, #8675 ) ;
#2147 = VERTEX_POINT ( 'NONE', #6417 ) ;
#2148 = DIRECTION ( 'NONE',  ( 1.000000000000000000, 0.000000000000000000, 0.000000000000000000 ) ) ;
#2149 = DIRECTION ( 'NONE',  ( -0.000000000000000000, -0.000000000000000000, -1.000000000000000000 ) ) ;
#2150 = VECTOR ( 'NONE', #2282, 1000.000000000000000 ) ;
#2151 = CYLINDRICAL_SURFACE ( 'NONE', #1839, 10.00000000000000888 ) ;
#2152 = ORIENTED_EDGE ( 'NONE', *, *, #6839, .T. ) ;
#2153 = ORIENTED_EDGE ( 'NONE', *, *, #7827, .F. ) ;
#2154 = EDGE_CURVE ( 'NONE', #8942, #6389, #7192, .T. ) ;
#2155 = DIRECTION ( 'NONE',  ( 1.000000000000000000, 0.000000000000000000, 0.000000000000000000 ) ) ;
#2156 = CARTESIAN_POINT ( 'NONE',  ( -65.33337903861232121, 18.40619165170993199, 2.000000000000000000 ) ) ;
#2157 = AXIS2_PLACEMENT_3D ( 'NONE', #4360, #5864, #6474 ) ;
#2158 = ORIENTED_EDGE ( 'NONE', *, *, #5829, .F. ) ;
#2159 = CIRCLE ( 'NONE', #5240, 3.299999999999997158 ) ;
#2160 = CIRCLE ( 'NONE', #7309, 1.500000000000001332 ) ;
#2161 = DIRECTION ( 'NONE',  ( 1.000000000000000000, 1.206764157201253199E-15, 0.000000000000000000 ) ) ;
#2162 = DIRECTION ( 'NONE',  ( -0.000000000000000000, -0.000000000000000000, -1.000000000000000000 ) ) ;
#2163 = ORIENTED_EDGE ( 'NONE', *, *, #388, .F. ) ;
#2164 = AXIS2_PLACEMENT_3D ( 'NONE', #3089, #8754, #3878 ) ;
#2165 = ORIENTED_EDGE ( 'NONE', *, *, #9042, .T. ) ;
#2166 = DIRECTION ( 'NONE',  ( 0.000000000000000000, 0.000000000000000000, 1.000000000000000000 ) ) ;
#2167 = DIRECTION ( 'NONE',  ( 1.000000000000000000, 0.000000000000000000, 0.000000000000000000 ) ) ;
#2168 = EDGE_CURVE ( 'NONE', #7392, #7803, #6456, .T. ) ;
#2169 = AXIS2_PLACEMENT_3D ( 'NONE', #1845, #7332, #4565 ) ;
#2170 = AXIS2_PLACEMENT_3D ( 'NONE', #2944, #149, #731 ) ;
#2171 = EDGE_LOOP ( 'NONE', ( #4079, #8907, #1167, #2639 ) ) ;
#2172 = CARTESIAN_POINT ( 'NONE',  ( -15.07448596317426492, 114.9255140368258594, 4.499999999999929834 ) ) ;
#2173 = CIRCLE ( 'NONE', #4967, 30.25000000000000000 ) ;
#2174 = CARTESIAN_POINT ( 'NONE',  ( -179.9244802719919392, -105.7949132570897461, 4.499999999999950262 ) ) ;
#2175 = EDGE_CURVE ( 'NONE', #4545, #3287, #7961, .T. ) ;
#2176 = CARTESIAN_POINT ( 'NONE',  ( -126.8422529161405663, -66.84225291614050946, 4.499999999999950262 ) ) ;
#2177 = FACE_OUTER_BOUND ( 'NONE', #7846, .T. ) ;
#2178 = ORIENTED_EDGE ( 'NONE', *, *, #6768, .F. ) ;
#2179 = CARTESIAN_POINT ( 'NONE',  ( 0.000000000000000000, 0.000000000000000000, 2.000000000000000000 ) ) ;
#2180 = EDGE_CURVE ( 'NONE', #3106, #7392, #1058, .T. ) ;
#2181 = CARTESIAN_POINT ( 'NONE',  ( 150.0000000000001137, -89.99999999999998579, 0.000000000000000000 ) ) ;
#2182 = ORIENTED_EDGE ( 'NONE', *, *, #8233, .F. ) ;
#2183 = DIRECTION ( 'NONE',  ( -0.000000000000000000, 0.000000000000000000, 1.000000000000000000 ) ) ;
#2184 = CARTESIAN_POINT ( 'NONE',  ( -134.2050867429103391, -60.07551972800796136, 4.499999999999950262 ) ) ;
#2185 = EDGE_CURVE ( 'NONE', #794, #6557, #625, .T. ) ;
#2186 = ORIENTED_EDGE ( 'NONE', *, *, #3385, .F. ) ;
#2187 = FACE_OUTER_BOUND ( 'NONE', #8021, .T. ) ;
#2188 = DIRECTION ( 'NONE',  ( -0.000000000000000000, -0.000000000000000000, 1.000000000000000000 ) ) ;
#2189 = EDGE_LOOP ( 'NONE', ( #7778, #1861, #6469, #4972 ) ) ;
#2190 = DIRECTION ( 'NONE',  ( 1.000000000000000000, 1.850371707708592551E-14, 0.000000000000000000 ) ) ;
#2191 = EDGE_CURVE ( 'NONE', #4118, #4572, #1519, .T. ) ;
#2192 = CARTESIAN_POINT ( 'NONE',  ( 50.00000000000000000, 90.00000000000000000, 6.000000000000000000 ) ) ;
#2193 = ORIENTED_EDGE ( 'NONE', *, *, #1558, .T. ) ;
#2194 = ORIENTED_EDGE ( 'NONE', *, *, #7403, .T. ) ;
#2195 = DIRECTION ( 'NONE',  ( 0.000000000000000000, -0.000000000000000000, -1.000000000000000000 ) ) ;
#2196 = FACE_BOUND ( 'NONE', #83, .T. ) ;
#2197 = CARTESIAN_POINT ( 'NONE',  ( 200.0000000000000000, -124.9999999999999574, 4.000000000000000000 ) ) ;
#2198 = VERTEX_POINT ( 'NONE', #7231 ) ;
#2199 = ORIENTED_EDGE ( 'NONE', *, *, #4093, .F. ) ;
#2200 = CARTESIAN_POINT ( 'NONE',  ( -66.37337990447259983, 19.48711634798153369, 4.500000000000019540 ) ) ;
#2201 = VERTEX_POINT ( 'NONE', #8615 ) ;
#2202 = CARTESIAN_POINT ( 'NONE',  ( 66.37337990447274194, -19.48711634798153725, 4.499999999999922728 ) ) ;
#2203 = LINE ( 'NONE', #7907, #2555 ) ;
#2204 = VERTEX_POINT ( 'NONE', #7920 ) ;
#2205 = VERTEX_POINT ( 'NONE', #115 ) ;
#2206 = DIRECTION ( 'NONE',  ( 0.000000000000000000, -0.000000000000000000, -1.000000000000000000 ) ) ;
#2207 = DIRECTION ( 'NONE',  ( -0.000000000000000000, 0.000000000000000000, 1.000000000000000000 ) ) ;
#2208 = CARTESIAN_POINT ( 'NONE',  ( 81.47117989404462435, 105.8785180692872387, 6.000000000000000000 ) ) ;
#2209 = CYLINDRICAL_SURFACE ( 'NONE', #8745, 32.75000000000000000 ) ;
#2210 = CARTESIAN_POINT ( 'NONE',  ( -119.0605097497880678, -75.30951181692573471, 4.499999999999950262 ) ) ;
#2211 = EDGE_LOOP ( 'NONE', ( #3661, #4189, #1596, #7785 ) ) ;
#2212 = CIRCLE ( 'NONE', #6906, 3.299999999999997158 ) ;
#2213 = CARTESIAN_POINT ( 'NONE',  ( 215.0000000000000000, -130.0000000000000000, 6.000000000000000000 ) ) ;
#2214 = LINE ( 'NONE', #2264, #8414 ) ;
#2215 = EDGE_CURVE ( 'NONE', #7524, #2082, #9007, .T. ) ;
#2216 = CARTESIAN_POINT ( 'NONE',  ( -25.07448596317426492, 114.9255140368258594, 4.499999999999929834 ) ) ;
#2217 = ADVANCED_FACE ( 'NONE', ( #284 ), #6493, .T. ) ;
#2218 = EDGE_CURVE ( 'NONE', #8967, #6849, #484, .T. ) ;
#2219 = CARTESIAN_POINT ( 'NONE',  ( 50.00000000000007105, -89.99999999999995737, 4.499999999999929834 ) ) ;
#2220 = ORIENTED_EDGE ( 'NONE', *, *, #5110, .F. ) ;
#2221 = FACE_BOUND ( 'NONE', #2586, .T. ) ;
#2222 = CARTESIAN_POINT ( 'NONE',  ( 205.0000000000000000, 139.9999999999999716, 0.000000000000000000 ) ) ;
#2223 = VERTEX_POINT ( 'NONE', #2213 ) ;
#2224 = CARTESIAN_POINT ( 'NONE',  ( 215.0000000000000000, -130.0000000000000000, 6.000000000000000000 ) ) ;
#2225 = DIRECTION ( 'NONE',  ( 1.000000000000000000, 0.000000000000000000, 0.000000000000000000 ) ) ;
#2226 = ORIENTED_EDGE ( 'NONE', *, *, #266, .F. ) ;
#2227 = CIRCLE ( 'NONE', #8245, 11.49999999999987210 ) ;
#2228 = EDGE_CURVE ( 'NONE', #6567, #5394, #1943, .T. ) ;
#2229 = ORIENTED_EDGE ( 'NONE', *, *, #3806, .T. ) ;
#2230 = EDGE_CURVE ( 'NONE', #3920, #3091, #335, .T. ) ;
#2231 = DIRECTION ( 'NONE',  ( -1.000000000000000000, 0.000000000000000000, 0.000000000000000000 ) ) ;
#2232 = EDGE_CURVE ( 'NONE', #5455, #7481, #1703, .T. ) ;
#2233 = VECTOR ( 'NONE', #1073, 1000.000000000000000 ) ;
#2234 = FACE_BOUND ( 'NONE', #6034, .T. ) ;
#2235 = DIRECTION ( 'NONE',  ( 1.000000000000000000, 0.000000000000000000, 0.000000000000000000 ) ) ;
#2236 = DIRECTION ( 'NONE',  ( 1.000000000000000000, -3.398641912117821733E-15, 0.000000000000000000 ) ) ;
#2237 = AXIS2_PLACEMENT_3D ( 'NONE', #4964, #3577, #7773 ) ;
#2238 = ORIENTED_EDGE ( 'NONE', *, *, #96, .T. ) ;
#2239 = CYLINDRICAL_SURFACE ( 'NONE', #805, 9.999999999999994671 ) ;
#2240 = EDGE_LOOP ( 'NONE', ( #1916, #9013, #2831, #8418 ) ) ;
#2241 = EDGE_CURVE ( 'NONE', #1496, #3227, #1656, .T. ) ;
#2242 = CIRCLE ( 'NONE', #3413, 9.999999999999994671 ) ;
#2243 = CARTESIAN_POINT ( 'NONE',  ( 150.0000000000000568, 90.00000000000007105, 6.000000000000000000 ) ) ;
#2244 = CARTESIAN_POINT ( 'NONE',  ( 24.92551403682575284, 24.92551403682584166, 4.499999999999929834 ) ) ;
#2245 = ORIENTED_EDGE ( 'NONE', *, *, #8542, .T. ) ;
#2246 = ORIENTED_EDGE ( 'NONE', *, *, #5872, .T. ) ;
#2247 = VECTOR ( 'NONE', #5851, 1000.000000000000000 ) ;
#2248 = ORIENTED_EDGE ( 'NONE', *, *, #5962, .F. ) ;
#2249 = CARTESIAN_POINT ( 'NONE',  ( -116.8422529161403816, 113.1577470838592916, 4.500000000000054179 ) ) ;
#2250 = CONICAL_SURFACE ( 'NONE', #6509, 9.999999999999994671, 0.7853981633974396193 ) ;
#2251 = AXIS2_PLACEMENT_3D ( 'NONE', #680, #7630, #8367 ) ;
#2252 = FACE_BOUND ( 'NONE', #8207, .T. ) ;
#2253 = CONICAL_SURFACE ( 'NONE', #2532, 10.00000000000000888, 0.7853981633974419507 ) ;
#2254 = DIRECTION ( 'NONE',  ( -0.000000000000000000, -0.000000000000000000, 1.000000000000000000 ) ) ;
#2255 = CIRCLE ( 'NONE', #3592, 9.999999999999994671 ) ;
#2256 = CARTESIAN_POINT ( 'NONE',  ( 17.24999999999998224, 90.00000000000000000, 0.000000000000000000 ) ) ;
#2257 = CIRCLE ( 'NONE', #61, 1.500000000000001332 ) ;
#2258 = CARTESIAN_POINT ( 'NONE',  ( -33.44580031074323045, 122.8103790384721208, 4.499999999999929834 ) ) ;
#2259 = LINE ( 'NONE', #2307, #2756 ) ;
#2260 = ORIENTED_EDGE ( 'NONE', *, *, #4869, .T. ) ;
#2261 = ADVANCED_FACE ( 'NONE', ( #7095 ), #2351, .F. ) ;
#2262 = DIRECTION ( 'NONE',  ( 0.5206309727658654518, -0.4784802923808704755, 0.7071067811865372477 ) ) ;
#2263 = AXIS2_PLACEMENT_3D ( 'NONE', #7226, #2383, #5802 ) ;
#2264 = CARTESIAN_POINT ( 'NONE',  ( -33.44580031074326598, 122.8103790384721492, 6.000000000000000000 ) ) ;
#2265 = AXIS2_PLACEMENT_3D ( 'NONE', #714, #6337, #7620 ) ;
#2266 = ORIENTED_EDGE ( 'NONE', *, *, #3015, .T. ) ;
#2267 = CARTESIAN_POINT ( 'NONE',  ( 24.92551403682575284, 24.92551403682584166, 6.000000000000000000 ) ) ;
#2268 = CYLINDRICAL_SURFACE ( 'NONE', #7275, 35.24999999999997158 ) ;
#2269 = CIRCLE ( 'NONE', #7406, 1.500000000000001332 ) ;
#2270 = ORIENTED_EDGE ( 'NONE', *, *, #4582, .T. ) ;
#2271 = DIRECTION ( 'NONE',  ( 1.000000000000000000, 0.000000000000000000, 0.000000000000000000 ) ) ;
#2272 = CARTESIAN_POINT ( 'NONE',  ( 66.55419968925681928, 122.8103790384720924, 2.000000000000000000 ) ) ;
#2273 = ORIENTED_EDGE ( 'NONE', *, *, #2228, .F. ) ;
#2274 = DIRECTION ( 'NONE',  ( 1.000000000000000000, 9.251858538542962756E-15, 0.000000000000000000 ) ) ;
#2275 = DIRECTION ( 'NONE',  ( 1.000000000000000000, 0.000000000000000000, 0.000000000000000000 ) ) ;
#2276 = PRODUCT_DEFINITION ( 'æœ', '', #5363, #2583 ) ;
#2277 = VERTEX_POINT ( 'NONE', #785 ) ;
#2278 = AXIS2_PLACEMENT_3D ( 'NONE', #4988, #3512, #7792 ) ;
#2279 = VERTEX_POINT ( 'NONE', #152 ) ;
#2280 = FACE_OUTER_BOUND ( 'NONE', #2760, .T. ) ;
#2281 = FACE_BOUND ( 'NONE', #1825, .T. ) ;
#2282 = DIRECTION ( 'NONE',  ( -0.3032917901662005589, -0.6387598062008671418, 0.7071067811865560104 ) ) ;
#2283 = EDGE_CURVE ( 'NONE', #6641, #2425, #3417, .T. ) ;
#2284 = LINE ( 'NONE', #8672, #7298 ) ;
#2285 = VERTEX_POINT ( 'NONE', #3603 ) ;
#2286 = EDGE_CURVE ( 'NONE', #3542, #5993, #7414, .T. ) ;
#2287 = AXIS2_PLACEMENT_3D ( 'NONE', #3456, #2578, #5527 ) ;
#2288 = CARTESIAN_POINT ( 'NONE',  ( -49.99999999999993605, -89.99999999999997158, 4.500000000000033751 ) ) ;
#2289 = EDGE_CURVE ( 'NONE', #809, #7585, #8788, .T. ) ;
#2290 = ADVANCED_FACE ( 'NONE', ( #8094 ), #2615, .F. ) ;
#2291 = VERTEX_POINT ( 'NONE', #5426 ) ;
#2292 = EDGE_CURVE ( 'NONE', #6746, #6921, #7534, .T. ) ;
#2293 = AXIS2_PLACEMENT_3D ( 'NONE', #7028, #715, #7622 ) ;
#2294 = CARTESIAN_POINT ( 'NONE',  ( -50.00000000000000000, 90.00000000000000000, 4.499999999999929834 ) ) ;
#2295 = CYLINDRICAL_SURFACE ( 'NONE', #4921, 32.75000000000000000 ) ;
#2296 = VERTEX_POINT ( 'NONE', #6124 ) ;
#2297 = EDGE_CURVE ( 'NONE', #3091, #3389, #325, .T. ) ;
#2298 = ORIENTED_EDGE ( 'NONE', *, *, #1694, .F. ) ;
#2299 = CARTESIAN_POINT ( 'NONE',  ( 67.70277031470187978, -56.65821805624486984, 4.499999999999929834 ) ) ;
#2300 = DIRECTION ( 'NONE',  ( 0.000000000000000000, -0.000000000000000000, -1.000000000000000000 ) ) ;
#2301 = EDGE_CURVE ( 'NONE', #5154, #9089, #5980, .T. ) ;
#2302 = VECTOR ( 'NONE', #7291, 1000.000000000000114 ) ;
#2303 = DIRECTION ( 'NONE',  ( 1.000000000000000000, 0.000000000000000000, 0.000000000000000000 ) ) ;
#2304 = AXIS2_PLACEMENT_3D ( 'NONE', #6968, #4949, #7017 ) ;
#2305 = DIRECTION ( 'NONE',  ( -0.000000000000000000, 0.000000000000000000, 1.000000000000000000 ) ) ;
#2306 = CARTESIAN_POINT ( 'NONE',  ( -215.0000000000000000, -130.0000000000000000, 6.000000000000000000 ) ) ;
#2307 = CARTESIAN_POINT ( 'NONE',  ( 120.0755197280080893, -105.7949132570896609, 4.499999999999929834 ) ) ;
#2308 = VECTOR ( 'NONE', #6762, 1000.000000000000000 ) ;
#2309 = ORIENTED_EDGE ( 'NONE', *, *, #5994, .T. ) ;
#2310 = CARTESIAN_POINT ( 'NONE',  ( 180.9394902502120033, -75.30951181692573471, 2.000000000000000000 ) ) ;
#2311 = CARTESIAN_POINT ( 'NONE',  ( 180.9394902502120033, -75.30951181692573471, 6.000000000000000000 ) ) ;
#2312 = AXIS2_PLACEMENT_3D ( 'NONE', #8237, #3902, #4458 ) ;
#2313 = EDGE_CURVE ( 'NONE', #3316, #4118, #8714, .T. ) ;
#2314 = DIRECTION ( 'NONE',  ( 1.000000000000000000, 0.000000000000000000, 0.000000000000000000 ) ) ;
#2315 = CARTESIAN_POINT ( 'NONE',  ( -81.47117989404462435, 74.12148193071273283, 4.499999999999929834 ) ) ;
#2316 = CIRCLE ( 'NONE', #7985, 32.75000000000002842 ) ;
#2317 = DIRECTION ( 'NONE',  ( 0.000000000000000000, 0.000000000000000000, 1.000000000000000000 ) ) ;
#2318 = DIRECTION ( 'NONE',  ( 1.000000000000000000, 4.625929269271481378E-15, 0.000000000000000000 ) ) ;
#2319 = ORIENTED_EDGE ( 'NONE', *, *, #3078, .T. ) ;
#2320 = CARTESIAN_POINT ( 'NONE',  ( 173.1577470838594479, 113.1577470838595332, 2.000000000000000000 ) ) ;
#2321 = FACE_OUTER_BOUND ( 'NONE', #1892, .T. ) ;
#2322 = ORIENTED_EDGE ( 'NONE', *, *, #4145, .F. ) ;
#2323 = EDGE_CURVE ( 'NONE', #2844, #6603, #2392, .T. ) ;
#2324 = EDGE_LOOP ( 'NONE', ( #1568, #660, #2051, #4089 ) ) ;
#2325 = DIRECTION ( 'NONE',  ( 1.000000000000000000, 0.000000000000000000, 0.000000000000000000 ) ) ;
#2326 = FACE_OUTER_BOUND ( 'NONE', #5272, .T. ) ;
#2327 = CARTESIAN_POINT ( 'NONE',  ( 139.2500000000001990, 2.775557561562891351E-14, 6.000000000000000000 ) ) ;
#2328 = CARTESIAN_POINT ( 'NONE',  ( 200.0000000000000000, 125.0000000000000568, 6.000000000000000000 ) ) ;
#2329 = ORIENTED_EDGE ( 'NONE', *, *, #5831, .F. ) ;
#2330 = VERTEX_POINT ( 'NONE', #8146 ) ;
#2331 = CYLINDRICAL_SURFACE ( 'NONE', #7148, 35.25000000000000000 ) ;
#2332 = VERTEX_POINT ( 'NONE', #1005 ) ;
#2333 = ADVANCED_FACE ( 'NONE', ( #5337 ), #8746, .F. ) ;
#2334 = ORIENTED_EDGE ( 'NONE', *, *, #713, .T. ) ;
#2335 = CARTESIAN_POINT ( 'NONE',  ( 119.0605097497881815, -104.6904881830742085, 6.000000000000000000 ) ) ;
#2336 = LINE ( 'NONE', #767, #3286 ) ;
#2337 = EDGE_CURVE ( 'NONE', #4294, #3153, #1955, .T. ) ;
#2338 = EDGE_LOOP ( 'NONE', ( #3948, #4158, #2017, #5551 ) ) ;
#2339 = ORIENTED_EDGE ( 'NONE', *, *, #4776, .F. ) ;
#2340 = VERTEX_POINT ( 'NONE', #1745 ) ;
#2341 = DIRECTION ( 'NONE',  ( -1.000000000000000000, 0.000000000000000000, 0.000000000000000000 ) ) ;
#2342 = DIRECTION ( 'NONE',  ( 1.000000000000000000, 0.000000000000000000, 0.000000000000000000 ) ) ;
#2343 = DIRECTION ( 'NONE',  ( -0.000000000000000000, -0.000000000000000000, 1.000000000000000000 ) ) ;
#2344 = EDGE_CURVE ( 'NONE', #2935, #4966, #3960, .T. ) ;
#2345 = DIRECTION ( 'NONE',  ( 1.000000000000000000, 0.000000000000000000, 0.000000000000000000 ) ) ;
#2346 = CARTESIAN_POINT ( 'NONE',  ( -49.99999999999993605, -89.99999999999997158, 4.500000000000033751 ) ) ;
#2347 = ADVANCED_FACE ( 'NONE', ( #6809 ), #8195, .F. ) ;
#2348 = LINE ( 'NONE', #239, #5675 ) ;
#2349 = CARTESIAN_POINT ( 'NONE',  ( -83.62662009552730069, -109.4871163479815408, 4.500000000000033751 ) ) ;
#2350 = VERTEX_POINT ( 'NONE', #8880 ) ;
#2351 = CYLINDRICAL_SURFACE ( 'NONE', #7386, 32.75000000000002842 ) ;
#2352 = LINE ( 'NONE', #6501, #7098 ) ;
#2353 = DIRECTION ( 'NONE',  ( -0.000000000000000000, 0.000000000000000000, 1.000000000000000000 ) ) ;
#2354 = DIRECTION ( 'NONE',  ( 1.000000000000000000, 0.000000000000000000, 0.000000000000000000 ) ) ;
#2355 = DIRECTION ( 'NONE',  ( 1.000000000000000000, 0.000000000000000000, 0.000000000000000000 ) ) ;
#2356 = ORIENTED_EDGE ( 'NONE', *, *, #1372, .T. ) ;
#2357 = DIRECTION ( 'NONE',  ( -1.000000000000000000, 0.000000000000000000, 0.000000000000000000 ) ) ;
#2358 = CARTESIAN_POINT ( 'NONE',  ( 34.12148193071288915, 58.52882010595531881, 6.000000000000000000 ) ) ;
#2359 = VERTEX_POINT ( 'NONE', #6018 ) ;
#2360 = EDGE_LOOP ( 'NONE', ( #8590, #3194, #5588, #3494, #1699 ) ) ;
#2361 = CARTESIAN_POINT ( 'NONE',  ( -179.5844760786697805, 75.95289086144016721, 6.000000000000000000 ) ) ;
#2362 = CARTESIAN_POINT ( 'NONE',  ( 25.07448596317426137, 65.07448596317414058, 6.000000000000000000 ) ) ;
#2363 = DIRECTION ( 'NONE',  ( 1.000000000000000000, 0.000000000000000000, 0.000000000000000000 ) ) ;
#2364 = CARTESIAN_POINT ( 'NONE',  ( 200.0000000000000000, -124.9999999999999574, 8.673617379884035472E-16 ) ) ;
#2365 = AXIS2_PLACEMENT_3D ( 'NONE', #7655, #2823, #799 ) ;
#2366 = ORIENTED_EDGE ( 'NONE', *, *, #1430, .T. ) ;
#2367 = LINE ( 'NONE', #8639, #7430 ) ;
#2368 = EDGE_CURVE ( 'NONE', #5448, #8859, #449, .T. ) ;
#2369 = VERTEX_POINT ( 'NONE', #1180 ) ;
#2370 = ORIENTED_EDGE ( 'NONE', *, *, #541, .F. ) ;
#2371 = CIRCLE ( 'NONE', #4436, 9.999999999999994671 ) ;
#2372 = CARTESIAN_POINT ( 'NONE',  ( -183.1577470838595048, 66.84225291614069420, 2.000000000000000000 ) ) ;
#2373 = FACE_OUTER_BOUND ( 'NONE', #994, .T. ) ;
#2374 = ORIENTED_EDGE ( 'NONE', *, *, #3586, .T. ) ;
#2375 = CARTESIAN_POINT ( 'NONE',  ( 150.0000000000000568, 90.00000000000007105, 2.000000000000000000 ) ) ;
#2376 = CARTESIAN_POINT ( 'NONE',  ( -65.87851806928712506, 58.52882010595531170, 2.000000000000000000 ) ) ;
#2377 = EDGE_CURVE ( 'NONE', #860, #8963, #1511, .T. ) ;
#2378 = CARTESIAN_POINT ( 'NONE',  ( 50.00000000000000000, 90.00000000000000000, 0.000000000000000000 ) ) ;
#2379 = CIRCLE ( 'NONE', #6049, 37.75000000000000711 ) ;
#2380 = ADVANCED_FACE ( 'NONE', ( #2481 ), #4611, .F. ) ;
#2381 = AXIS2_PLACEMENT_3D ( 'NONE', #3509, #2670, #5532 ) ;
#2382 = CARTESIAN_POINT ( 'NONE',  ( 173.1577470838594479, 113.1577470838595332, 4.500000000000130562 ) ) ;
#2383 = DIRECTION ( 'NONE',  ( 0.000000000000000000, -0.000000000000000000, -1.000000000000000000 ) ) ;
#2384 = DIRECTION ( 'NONE',  ( 1.000000000000000000, 0.000000000000000000, 0.000000000000000000 ) ) ;
#2385 = VERTEX_POINT ( 'NONE', #8824 ) ;
#2386 = CIRCLE ( 'NONE', #2098, 5.500000000000005329 ) ;
#2387 = DIRECTION ( 'NONE',  ( -1.000000000000000000, 0.000000000000000000, 0.000000000000000000 ) ) ;
#2388 = ADVANCED_FACE ( 'NONE', ( #6720 ), #415, .F. ) ;
#2389 = VERTEX_POINT ( 'NONE', #8328 ) ;
#2390 = EDGE_CURVE ( 'NONE', #8594, #6444, #2643, .T. ) ;
#2391 = DIRECTION ( 'NONE',  ( 0.000000000000000000, 0.000000000000000000, 1.000000000000000000 ) ) ;
#2392 = CIRCLE ( 'NONE', #56, 39.25000000000000711 ) ;
#2393 = EDGE_CURVE ( 'NONE', #5455, #1422, #8817, .T. ) ;
#2394 = EDGE_CURVE ( 'NONE', #2350, #5099, #2657, .T. ) ;
#2395 = CIRCLE ( 'NONE', #777, 35.24999999999997868 ) ;
#2396 = ORIENTED_EDGE ( 'NONE', *, *, #2950, .F. ) ;
#2397 = VECTOR ( 'NONE', #1973, 1000.000000000000000 ) ;
#2398 = CIRCLE ( 'NONE', #199, 32.75000000000001421 ) ;
#2399 = ORIENTED_EDGE ( 'NONE', *, *, #4975, .T. ) ;
#2400 = DIRECTION ( 'NONE',  ( 0.000000000000000000, 0.000000000000000000, 1.000000000000000000 ) ) ;
#2401 = LINE ( 'NONE', #8017, #2716 ) ;
#2402 = DIRECTION ( 'NONE',  ( -1.000000000000000000, 0.000000000000000000, 0.000000000000000000 ) ) ;
#2403 = LINE ( 'NONE', #3090, #5242 ) ;
#2404 = VERTEX_POINT ( 'NONE', #5615 ) ;
#2405 = CIRCLE ( 'NONE', #5925, 35.24999999999997868 ) ;
#2406 = LINE ( 'NONE', #5857, #6643 ) ;
#2407 = CARTESIAN_POINT ( 'NONE',  ( 180.9394902502120033, -75.30951181692573471, 2.000000000000000000 ) ) ;
#2408 = ORIENTED_EDGE ( 'NONE', *, *, #4712, .F. ) ;
#2409 = AXIS2_PLACEMENT_3D ( 'NONE', #9064, #8965, #7589 ) ;
#2410 = CIRCLE ( 'NONE', #9030, 1.500000000000001332 ) ;
#2411 = ORIENTED_EDGE ( 'NONE', *, *, #7118, .F. ) ;
#2412 = DIRECTION ( 'NONE',  ( 1.000000000000000000, 0.000000000000000000, 0.000000000000000000 ) ) ;
#2413 = CARTESIAN_POINT ( 'NONE',  ( -173.1577470838593342, -113.1577470838594905, 6.000000000000000000 ) ) ;
#2414 = CARTESIAN_POINT ( 'NONE',  ( 25.07448596317426137, 65.07448596317414058, 6.000000000000000000 ) ) ;
#2415 = CARTESIAN_POINT ( 'NONE',  ( -149.9999999999999432, 90.00000000000002842, 2.000000000000000000 ) ) ;
#2416 = ORIENTED_EDGE ( 'NONE', *, *, #1717, .F. ) ;
#2417 = DIRECTION ( 'NONE',  ( 0.000000000000000000, -0.000000000000000000, -1.000000000000000000 ) ) ;
#2418 = AXIS2_PLACEMENT_3D ( 'NONE', #8896, #1290, #6965 ) ;
#2419 = EDGE_LOOP ( 'NONE', ( #2644, #403, #7979, #2600, #5765, #2260 ) ) ;
#2420 = AXIS2_PLACEMENT_3D ( 'NONE', #6792, #1217, #493 ) ;
#2421 = CARTESIAN_POINT ( 'NONE',  ( -66.83337903861232121, 18.40619165170993199, 4.500000000000019540 ) ) ;
#2422 = EDGE_CURVE ( 'NONE', #7382, #3910, #727, .T. ) ;
#2423 = ADVANCED_FACE ( 'NONE', ( #6853, #6355 ), #8375, .T. ) ;
#2424 = VECTOR ( 'NONE', #6725, 1000.000000000000000 ) ;
#2425 = VERTEX_POINT ( 'NONE', #4878 ) ;
#2426 = ORIENTED_EDGE ( 'NONE', *, *, #4131, .T. ) ;
#2427 = ORIENTED_EDGE ( 'NONE', *, *, #591, .F. ) ;
#2428 = DIRECTION ( 'NONE',  ( 1.000000000000000000, 0.000000000000000000, 0.000000000000000000 ) ) ;
#2429 = DIRECTION ( 'NONE',  ( 0.000000000000000000, 0.000000000000000000, 1.000000000000000000 ) ) ;
#2430 = FACE_OUTER_BOUND ( 'NONE', #5837, .T. ) ;
#2431 = CIRCLE ( 'NONE', #7435, 35.24999999999999289 ) ;
#2432 = AXIS2_PLACEMENT_3D ( 'NONE', #2288, #5096, #8724 ) ;
#2433 = FACE_OUTER_BOUND ( 'NONE', #6145, .T. ) ;
#2434 = ORIENTED_EDGE ( 'NONE', *, *, #6368, .F. ) ;
#2435 = DIRECTION ( 'NONE',  ( 0.000000000000000000, -0.000000000000000000, -1.000000000000000000 ) ) ;
#2436 = CARTESIAN_POINT ( 'NONE',  ( -203.3000000000000114, -124.9999999999999574, 4.000000000000000000 ) ) ;
#2437 = ORIENTED_EDGE ( 'NONE', *, *, #3915, .T. ) ;
#2438 = AXIS2_PLACEMENT_3D ( 'NONE', #3278, #1070, #5309 ) ;
#2439 = ORIENTED_EDGE ( 'NONE', *, *, #1551, .F. ) ;
#2440 = DIRECTION ( 'NONE',  ( -0.000000000000000000, -0.000000000000000000, 1.000000000000000000 ) ) ;
#2441 = ORIENTED_EDGE ( 'NONE', *, *, #46, .F. ) ;
#2442 = DIRECTION ( 'NONE',  ( -0.000000000000000000, -0.000000000000000000, -1.000000000000000000 ) ) ;
#2443 = EDGE_CURVE ( 'NONE', #2582, #4781, #4242, .T. ) ;
#2444 = CARTESIAN_POINT ( 'NONE',  ( 73.30671901020801329, -26.69328098979219988, 6.000000000000000000 ) ) ;
#2445 = AXIS2_PLACEMENT_3D ( 'NONE', #2684, #4950, #2733 ) ;
#2446 = DIRECTION ( 'NONE',  ( 1.000000000000000000, 0.000000000000000000, 0.000000000000000000 ) ) ;
#2447 = DIRECTION ( 'NONE',  ( -1.000000000000000000, 0.000000000000000000, 0.000000000000000000 ) ) ;
#2448 = EDGE_CURVE ( 'NONE', #9095, #9055, #55, .T. ) ;
#2449 = DIRECTION ( 'NONE',  ( 0.000000000000000000, -0.000000000000000000, -1.000000000000000000 ) ) ;
#2450 = ORIENTED_EDGE ( 'NONE', *, *, #6166, .T. ) ;
#2451 = AXIS2_PLACEMENT_3D ( 'NONE', #7970, #6727, #5986 ) ;
#2452 = DIRECTION ( 'NONE',  ( 1.000000000000000000, 0.000000000000000000, 0.000000000000000000 ) ) ;
#2453 = DIRECTION ( 'NONE',  ( -1.000000000000000000, 0.000000000000000000, 0.000000000000000000 ) ) ;
#2454 = EDGE_LOOP ( 'NONE', ( #4248, #4759, #161, #204 ) ) ;
#2455 = CIRCLE ( 'NONE', #118, 30.25000000000001421 ) ;
#2456 = ADVANCED_FACE ( 'NONE', ( #2849 ), #3379, .T. ) ;
#2457 = VECTOR ( 'NONE', #63, 1000.000000000000000 ) ;
#2458 = ORIENTED_EDGE ( 'NONE', *, *, #6554, .F. ) ;
#2459 = DIRECTION ( 'NONE',  ( 0.000000000000000000, 0.000000000000000000, 1.000000000000000000 ) ) ;
#2460 = FACE_OUTER_BOUND ( 'NONE', #7927, .T. ) ;
#2461 = DIRECTION ( 'NONE',  ( 1.000000000000000000, 0.000000000000000000, 0.000000000000000000 ) ) ;
#2462 = EDGE_CURVE ( 'NONE', #2359, #128, #587, .T. ) ;
#2463 = DIRECTION ( 'NONE',  ( 0.7071067811865410224, 0.000000000000000000, 0.7071067811865540120 ) ) ;
#2464 = ORIENTED_EDGE ( 'NONE', *, *, #4414, .T. ) ;
#2465 = DIRECTION ( 'NONE',  ( 0.000000000000000000, -0.000000000000000000, -1.000000000000000000 ) ) ;
#2466 = VERTEX_POINT ( 'NONE', #3355 ) ;
#2467 = VERTEX_POINT ( 'NONE', #2030 ) ;
#2468 = CARTESIAN_POINT ( 'NONE',  ( 180.2500000000001421, -89.99999999999998579, 0.000000000000000000 ) ) ;
#2469 = ORIENTED_EDGE ( 'NONE', *, *, #3947, .T. ) ;
#2470 = DIRECTION ( 'NONE',  ( 0.000000000000000000, 0.000000000000000000, 1.000000000000000000 ) ) ;
#2471 = CARTESIAN_POINT ( 'NONE',  ( 180.9394902502119180, 104.6904881830743363, 4.500000000000130562 ) ) ;
#2472 = DIRECTION ( 'NONE',  ( 1.000000000000000000, 0.000000000000000000, 0.000000000000000000 ) ) ;
#2473 = CARTESIAN_POINT ( 'NONE',  ( -119.7499999999999432, -90.00000000000002842, 0.000000000000000000 ) ) ;
#2474 = DIRECTION ( 'NONE',  ( 1.000000000000000000, 0.000000000000000000, 0.000000000000000000 ) ) ;
#2475 = DIRECTION ( 'NONE',  ( 1.000000000000000000, 1.206764157201253199E-15, 0.000000000000000000 ) ) ;
#2476 = EDGE_LOOP ( 'NONE', ( #2226, #1639, #2490 ) ) ;
#2477 = MANIFOLD_SOLID_BREP ( '\X2\501289d2\X0\1', #3629 ) ;
#2478 = ORIENTED_EDGE ( 'NONE', *, *, #7628, .F. ) ;
#2479 = DIRECTION ( 'NONE',  ( -0.000000000000000000, -0.000000000000000000, -1.000000000000000000 ) ) ;
#2480 = ORIENTED_EDGE ( 'NONE', *, *, #4941, .T. ) ;
#2481 = FACE_OUTER_BOUND ( 'NONE', #7475, .T. ) ;
#2482 = CYLINDRICAL_SURFACE ( 'NONE', #4460, 5.500000000000005329 ) ;
#2483 = FACE_OUTER_BOUND ( 'NONE', #7966, .T. ) ;
#2484 = DIRECTION ( 'NONE',  ( -1.000000000000000000, 0.000000000000000000, 0.000000000000000000 ) ) ;
#2485 = DIRECTION ( 'NONE',  ( -0.000000000000000000, 0.000000000000000000, 1.000000000000000000 ) ) ;
#2486 = ORIENTED_EDGE ( 'NONE', *, *, #2394, .F. ) ;
#2487 = FACE_OUTER_BOUND ( 'NONE', #4894, .T. ) ;
#2488 = EDGE_CURVE ( 'NONE', #6527, #2879, #2212, .T. ) ;
#2489 = CYLINDRICAL_SURFACE ( 'NONE', #2520, 32.75000000000001421 ) ;
#2490 = ORIENTED_EDGE ( 'NONE', *, *, #2911, .F. ) ;
#2491 = ADVANCED_FACE ( 'NONE', ( #687, #3502 ), #2120, .F. ) ;
#2492 = EDGE_CURVE ( 'NONE', #4499, #7997, #8813, .T. ) ;
#2493 = EDGE_LOOP ( 'NONE', ( #6151, #2027, #3537, #7033 ) ) ;
#2494 = DIRECTION ( 'NONE',  ( -0.000000000000000000, 0.000000000000000000, 1.000000000000000000 ) ) ;
#2495 = CYLINDRICAL_SURFACE ( 'NONE', #4621, 1.500000000000001332 ) ;
#2496 = CARTESIAN_POINT ( 'NONE',  ( 82.81037903847209236, 106.5541996892568335, 6.000000000000000000 ) ) ;
#2497 = LINE ( 'NONE', #8212, #2738 ) ;
#2498 = ORIENTED_EDGE ( 'NONE', *, *, #2898, .F. ) ;
#2499 = CARTESIAN_POINT ( 'NONE',  ( -17.18962096152791474, 106.5541996892569045, 6.000000000000000000 ) ) ;
#2500 = AXIS2_PLACEMENT_3D ( 'NONE', #6662, #360, #3165 ) ;
#2501 = EDGE_CURVE ( 'NONE', #2467, #947, #775, .T. ) ;
#2502 = EDGE_LOOP ( 'NONE', ( #2928, #8637, #1768, #140, #5643 ) ) ;
#2503 = ADVANCED_FACE ( 'NONE', ( #6581, #5111, #5144, #2939, #104, #277, #2252, #2986, #7181, #6536, #2899, #5798, #8471, #7912, #5713, #7780, #4331, #3595 ), #6407, .T. ) ;
#2504 = EDGE_CURVE ( 'NONE', #2915, #3627, #3037, .T. ) ;
#2505 = CARTESIAN_POINT ( 'NONE',  ( -149.9999999999999432, -90.00000000000002842, 6.000000000000000000 ) ) ;
#2506 = EDGE_LOOP ( 'NONE', ( #963, #3021 ) ) ;
#2507 = AXIS2_PLACEMENT_3D ( 'NONE', #1642, #5841, #8650 ) ;
#2508 = ORIENTED_EDGE ( 'NONE', *, *, #451, .T. ) ;
#2509 = DIRECTION ( 'NONE',  ( 1.000000000000000000, 0.000000000000000000, 0.000000000000000000 ) ) ;
#2510 = DIRECTION ( 'NONE',  ( -1.000000000000000000, 0.000000000000000000, 0.000000000000000000 ) ) ;
#2511 = FACE_OUTER_BOUND ( 'NONE', #892, .T. ) ;
#2512 = CIRCLE ( 'NONE', #1483, 37.75000000000000000 ) ;
#2513 = AXIS2_PLACEMENT_3D ( 'NONE', #849, #5556, #751 ) ;
#2514 = CARTESIAN_POINT ( 'NONE',  ( -200.0000000000000000, -124.9999999999999574, 6.000000000000000000 ) ) ;
#2515 = DIRECTION ( 'NONE',  ( -1.000000000000000000, 0.000000000000000000, 0.000000000000000000 ) ) ;
#2516 = EDGE_LOOP ( 'NONE', ( #3345, #899, #4696, #7849 ) ) ;
#2517 = ORIENTED_EDGE ( 'NONE', *, *, #9042, .F. ) ;
#2518 = CARTESIAN_POINT ( 'NONE',  ( 194.5000000000000000, -124.9999999999999574, 4.000000000000000000 ) ) ;
#2519 = CIRCLE ( 'NONE', #7089, 10.00000000000000533 ) ;
#2520 = AXIS2_PLACEMENT_3D ( 'NONE', #6864, #6028, #464 ) ;
#2521 = DIRECTION ( 'NONE',  ( 1.000000000000000000, 0.000000000000000000, 0.000000000000000000 ) ) ;
#2522 = AXIS2_PLACEMENT_3D ( 'NONE', #4755, #7553, #1890 ) ;
#2523 = VECTOR ( 'NONE', #7012, 1000.000000000000114 ) ;
#2524 = VECTOR ( 'NONE', #7474, 1000.000000000000000 ) ;
#2525 = DIRECTION ( 'NONE',  ( 1.000000000000000000, 0.000000000000000000, 0.000000000000000000 ) ) ;
#2526 = DIRECTION ( 'NONE',  ( 1.000000000000000000, 0.000000000000000000, 0.000000000000000000 ) ) ;
#2527 = EDGE_CURVE ( 'NONE', #7382, #4301, #4275, .T. ) ;
#2528 = DIRECTION ( 'NONE',  ( -0.000000000000000000, -0.000000000000000000, -1.000000000000000000 ) ) ;
#2529 = CARTESIAN_POINT ( 'NONE',  ( -164.6904881830741090, -120.9394902502119464, 4.499999999999950262 ) ) ;
#2530 = VERTEX_POINT ( 'NONE', #863 ) ;
#2531 = DIRECTION ( 'NONE',  ( 1.000000000000000000, 0.000000000000000000, 0.000000000000000000 ) ) ;
#2532 = AXIS2_PLACEMENT_3D ( 'NONE', #1792, #4010, #2618 ) ;
#2533 = CYLINDRICAL_SURFACE ( 'NONE', #765, 37.74999999999997868 ) ;
#2534 = EDGE_LOOP ( 'NONE', ( #5899, #158, #3901, #3539 ) ) ;
#2535 = AXIS2_PLACEMENT_3D ( 'NONE', #5571, #2710, #2761 ) ;
#2536 = VERTEX_POINT ( 'NONE', #3641 ) ;
#2537 = DIRECTION ( 'NONE',  ( 1.000000000000000000, 0.000000000000000000, 0.000000000000000000 ) ) ;
#2538 = LINE ( 'NONE', #1676, #1223 ) ;
#2539 = CARTESIAN_POINT ( 'NONE',  ( 0.000000000000000000, -124.9999999999999574, 4.000000000000000000 ) ) ;
#2541 = CIRCLE ( 'NONE', #4600, 1.500000000000001332 ) ;
#2540 = CARTESIAN_POINT ( 'NONE',  ( -67.70277031470175189, -123.3417819437550520, 6.000000000000000000 ) ) ;
#2542 = DIRECTION ( 'NONE',  ( 0.000000000000000000, -0.000000000000000000, -1.000000000000000000 ) ) ;
#2543 = ORIENTED_EDGE ( 'NONE', *, *, #7960, .F. ) ;
#2544 = ORIENTED_EDGE ( 'NONE', *, *, #8489, .T. ) ;
#2545 = DIRECTION ( 'NONE',  ( 0.000000000000000000, -0.000000000000000000, -1.000000000000000000 ) ) ;
#2546 = VERTEX_POINT ( 'NONE', #234 ) ;
#2547 = VECTOR ( 'NONE', #8114, 1000.000000000000114 ) ;
#2548 = ORIENTED_EDGE ( 'NONE', *, *, #6918, .F. ) ;
#2549 = VERTEX_POINT ( 'NONE', #4974 ) ;
#2550 = EDGE_CURVE ( 'NONE', #6893, #5573, #8608, .T. ) ;
#2551 = DIRECTION ( 'NONE',  ( -0.000000000000000000, -0.000000000000000000, 1.000000000000000000 ) ) ;
#2552 = EDGE_CURVE ( 'NONE', #2291, #5788, #5878, .T. ) ;
#2553 = ORIENTED_EDGE ( 'NONE', *, *, #6570, .T. ) ;
#2554 = EDGE_LOOP ( 'NONE', ( #6876, #3941, #4913, #4716, #1178, #7539, #3626, #2884, #4917, #1051, #2246 ) ) ;
#2555 = VECTOR ( 'NONE', #816, 1000.000000000000000 ) ;
#2556 = AXIS2_PLACEMENT_3D ( 'NONE', #4850, #6179, #2084 ) ;
#2557 = CARTESIAN_POINT ( 'NONE',  ( 3.081487911019577365E-30, 125.0000000000000568, 6.000000000000000000 ) ) ;
#2558 = CARTESIAN_POINT ( 'NONE',  ( -17.18962096152796448, 106.5541996892569472, 2.000000000000000000 ) ) ;
#2559 = EDGE_CURVE ( 'NONE', #1366, #9029, #2946, .T. ) ;
#2560 = DIRECTION ( 'NONE',  ( 1.000000000000000000, 0.000000000000000000, 0.000000000000000000 ) ) ;
#2561 = VECTOR ( 'NONE', #8460, 999.9999999999998863 ) ;
#2562 = ORIENTED_EDGE ( 'NONE', *, *, #2123, .T. ) ;
#2563 = AXIS2_PLACEMENT_3D ( 'NONE', #8974, #7599, #1279 ) ;
#2564 = CARTESIAN_POINT ( 'NONE',  ( -73.30671901020787118, 26.69328098979220343, 6.000000000000000000 ) ) ;
#2565 = ADVANCED_FACE ( 'NONE', ( #3726 ), #1598, .T. ) ;
#2566 = DIRECTION ( 'NONE',  ( -0.000000000000000000, -0.000000000000000000, -1.000000000000000000 ) ) ;
#2567 = ORIENTED_EDGE ( 'NONE', *, *, #4883, .F. ) ;
#2568 = VERTEX_POINT ( 'NONE', #4377 ) ;
#2569 = DIRECTION ( 'NONE',  ( -0.6387598062008790212, -0.3032917901662089966, -0.7071067811865416886 ) ) ;
#2570 = ADVANCED_FACE ( 'NONE', ( #4413 ), #6619, .F. ) ;
#2571 = EDGE_CURVE ( 'NONE', #2873, #3825, #7949, .T. ) ;
#2572 = CIRCLE ( 'NONE', #8161, 1.500000000000001332 ) ;
#2573 = CARTESIAN_POINT ( 'NONE',  ( 50.00000000000000000, 90.00000000000000000, 4.499999999999936051 ) ) ;
#2574 = ORIENTED_EDGE ( 'NONE', *, *, #4873, .T. ) ;
#2575 = CIRCLE ( 'NONE', #4057, 1.500000000000001332 ) ;
#2576 = VERTEX_POINT ( 'NONE', #4462 ) ;
#2577 = LINE ( 'NONE', #5341, #5326 ) ;
#2578 = DIRECTION ( 'NONE',  ( 0.000000000000000000, 0.000000000000000000, 1.000000000000000000 ) ) ;
#2579 = DIRECTION ( 'NONE',  ( -1.000000000000000000, 0.000000000000000000, 0.000000000000000000 ) ) ;
#2580 = LINE ( 'NONE', #3187, #5387 ) ;
#2581 = AXIS2_PLACEMENT_3D ( 'NONE', #1948, #7565, #3237 ) ;
#2582 = VERTEX_POINT ( 'NONE', #7273 ) ;
#2583 = PRODUCT_DEFINITION_CONTEXT ( 'detailed design', #8704, 'design' ) ;
#2584 = DIRECTION ( 'NONE',  ( 1.000000000000000000, 0.000000000000000000, 0.000000000000000000 ) ) ;
#2585 = DIRECTION ( 'NONE',  ( -0.000000000000000000, 0.000000000000000000, 1.000000000000000000 ) ) ;
#2586 = EDGE_LOOP ( 'NONE', ( #4698, #8265 ) ) ;
#2587 = CIRCLE ( 'NONE', #8329, 32.75000000000000000 ) ;
#2588 = CARTESIAN_POINT ( 'NONE',  ( -126.8422529161403816, 113.1577470838592916, 4.500000000000054179 ) ) ;
#2589 = ORIENTED_EDGE ( 'NONE', *, *, #6397, .F. ) ;
#2590 = FACE_OUTER_BOUND ( 'NONE', #7497, .T. ) ;
#2591 = FACE_OUTER_BOUND ( 'NONE', #4021, .T. ) ;
#2592 = CARTESIAN_POINT ( 'NONE',  ( 117.2500000000000995, -89.99999999999998579, 4.499999999999929834 ) ) ;
#2593 = AXIS2_PLACEMENT_3D ( 'NONE', #4257, #879, #5726 ) ;
#2594 = ORIENTED_EDGE ( 'NONE', *, *, #5576, .F. ) ;
#2595 = CARTESIAN_POINT ( 'NONE',  ( -119.7499999999999432, -90.00000000000002842, 2.000000000000000000 ) ) ;
#2596 = DIRECTION ( 'NONE',  ( 1.000000000000000000, -2.775557561562888827E-14, 0.000000000000000000 ) ) ;
#2597 = ORIENTED_EDGE ( 'NONE', *, *, #2443, .T. ) ;
#2598 = DIRECTION ( 'NONE',  ( 0.000000000000000000, -0.000000000000000000, -1.000000000000000000 ) ) ;
#2599 = ORIENTED_EDGE ( 'NONE', *, *, #8585, .F. ) ;
#2600 = ORIENTED_EDGE ( 'NONE', *, *, #1707, .T. ) ;
#2601 = VECTOR ( 'NONE', #7350, 1000.000000000000000 ) ;
#2602 = CARTESIAN_POINT ( 'NONE',  ( 31.78191838608340092, 17.64611025633111652, 2.000000000000000000 ) ) ;
#2603 = ORIENTED_EDGE ( 'NONE', *, *, #2617, .T. ) ;
#2604 = EDGE_LOOP ( 'NONE', ( #6187, #4638, #3380, #8421, #665 ) ) ;
#2605 = DIRECTION ( 'NONE',  ( -0.000000000000000000, -0.000000000000000000, 1.000000000000000000 ) ) ;
#2606 = CARTESIAN_POINT ( 'NONE',  ( 100.0000000000001137, 2.775557561562891351E-14, 6.000000000000000000 ) ) ;
#2607 = ORIENTED_EDGE ( 'NONE', *, *, #2527, .F. ) ;
#2608 = EDGE_CURVE ( 'NONE', #3022, #7580, #7212, .T. ) ;
#2609 = ADVANCED_FACE ( 'NONE', ( #2511, #5286 ), #7352, .T. ) ;
#2610 = DIRECTION ( 'NONE',  ( -1.000000000000000000, 0.000000000000000000, 0.000000000000000000 ) ) ;
#2611 = DIRECTION ( 'NONE',  ( 0.000000000000000000, -0.000000000000000000, -1.000000000000000000 ) ) ;
#2612 = ORIENTED_EDGE ( 'NONE', *, *, #3578, .F. ) ;
#2613 = EDGE_LOOP ( 'NONE', ( #7629, #7668, #427, #8335 ) ) ;
#2614 = DIRECTION ( 'NONE',  ( 1.000000000000000000, 4.625929269271481378E-15, 0.000000000000000000 ) ) ;
#2615 = CYLINDRICAL_SURFACE ( 'NONE', #5915, 35.24999999999997868 ) ;
#2616 = ADVANCED_FACE ( 'NONE', ( #6618 ), #3905, .F. ) ;
#2617 = EDGE_CURVE ( 'NONE', #2935, #1866, #3818, .T. ) ;
#2618 = DIRECTION ( 'NONE',  ( 1.000000000000000000, 0.000000000000000000, 0.000000000000000000 ) ) ;
#2619 = PRODUCT ( '\X2\5b544f4d677f\X0\_JXDZ26-KWB-001', '\X2\5b544f4d677f\X0\_JXDZ26-KWB-001', '', ( #1476 ) ) ;
#2620 = CARTESIAN_POINT ( 'NONE',  ( 3.299999999999999822, 125.0000000000000568, 4.000000000000000000 ) ) ;
#2621 = DIRECTION ( 'NONE',  ( 1.000000000000000000, 0.000000000000000000, 0.000000000000000000 ) ) ;
#2622 = DIRECTION ( 'NONE',  ( 1.000000000000000000, 0.000000000000000000, 0.000000000000000000 ) ) ;
#2623 = EDGE_LOOP ( 'NONE', ( #1812, #1638, #5503, #983 ) ) ;
#2624 = FACE_OUTER_BOUND ( 'NONE', #5793, .T. ) ;
#2625 = CARTESIAN_POINT ( 'NONE',  ( 119.0605097497881530, 75.30951181692583418, 4.500000000000130562 ) ) ;
#2626 = ORIENTED_EDGE ( 'NONE', *, *, #2010, .T. ) ;
#2627 = LINE ( 'NONE', #6583, #7249 ) ;
#2628 = ORIENTED_EDGE ( 'NONE', *, *, #6496, .F. ) ;
#2629 = CARTESIAN_POINT ( 'NONE',  ( 0.000000000000000000, -124.9999999999999574, 6.000000000000000000 ) ) ;
#2630 = DIRECTION ( 'NONE',  ( -0.000000000000000000, -0.000000000000000000, 1.000000000000000000 ) ) ;
#2631 = CARTESIAN_POINT ( 'NONE',  ( -18.21808161391660974, 107.6461102563311414, 4.499999999999929834 ) ) ;
#2632 = CARTESIAN_POINT ( 'NONE',  ( -194.5000000000000000, 125.0000000000000568, 6.000000000000000000 ) ) ;
#2633 = LINE ( 'NONE', #5447, #7153 ) ;
#2634 = EDGE_LOOP ( 'NONE', ( #6837, #1862, #2153 ) ) ;
#2635 = EDGE_LOOP ( 'NONE', ( #5333, #2089, #3803 ) ) ;
#2636 = DIRECTION ( 'NONE',  ( 0.000000000000000000, -0.000000000000000000, -1.000000000000000000 ) ) ;
#2637 = ORIENTED_EDGE ( 'NONE', *, *, #789, .T. ) ;
#2638 = EDGE_LOOP ( 'NONE', ( #4435, #6235 ) ) ;
#2639 = ORIENTED_EDGE ( 'NONE', *, *, #2168, .F. ) ;
#2640 = CARTESIAN_POINT ( 'NONE',  ( 165.7949132570897177, -60.07551972800793294, 6.000000000000000000 ) ) ;
#2641 = LINE ( 'NONE', #5454, #5092 ) ;
#2642 = ORIENTED_EDGE ( 'NONE', *, *, #5214, .T. ) ;
#2643 = CIRCLE ( 'NONE', #5741, 3.299999999999998490 ) ;
#2644 = ORIENTED_EDGE ( 'NONE', *, *, #4018, .T. ) ;
#2645 = EDGE_CURVE ( 'NONE', #4280, #1164, #5324, .T. ) ;
#2646 = FACE_OUTER_BOUND ( 'NONE', #1548, .T. ) ;
#2647 = DIRECTION ( 'NONE',  ( -0.000000000000000000, -0.000000000000000000, 1.000000000000000000 ) ) ;
#2648 = ORIENTED_EDGE ( 'NONE', *, *, #7232, .T. ) ;
#2649 = ORIENTED_EDGE ( 'NONE', *, *, #509, .T. ) ;
#2650 = VECTOR ( 'NONE', #8182, 1000.000000000000000 ) ;
#2651 = CARTESIAN_POINT ( 'NONE',  ( 86.69328098979218566, -63.30671901020773618, 4.499999999999929834 ) ) ;
#2652 = DIRECTION ( 'NONE',  ( 1.000000000000000000, 0.000000000000000000, 0.000000000000000000 ) ) ;
#2653 = ORIENTED_EDGE ( 'NONE', *, *, #7504, .T. ) ;
#2654 = ADVANCED_FACE ( 'NONE', ( #997 ), #4550, .F. ) ;
#2655 = ORIENTED_EDGE ( 'NONE', *, *, #5103, .T. ) ;
#2656 = CARTESIAN_POINT ( 'NONE',  ( 118.4061916517098751, 34.66662096138782800, 6.000000000000000000 ) ) ;
#2657 = LINE ( 'NONE', #5572, #3534 ) ;
#2658 = ADVANCED_FACE ( 'NONE', ( #5922 ), #166, .T. ) ;
#2659 = CIRCLE ( 'NONE', #8548, 10.00000000000000888 ) ;
#2660 = AXIS2_PLACEMENT_3D ( 'NONE', #707, #8495, #8306 ) ;
#2661 = DIRECTION ( 'NONE',  ( -0.000000000000000000, -0.000000000000000000, -1.000000000000000000 ) ) ;
#2662 = ADVANCED_FACE ( 'NONE', ( #2430 ), #496, .T. ) ;
#2663 = CARTESIAN_POINT ( 'NONE',  ( 68.40619165170990357, -55.33337903861222884, 6.000000000000000000 ) ) ;
#2664 = AXIS2_PLACEMENT_3D ( 'NONE', #2751, #5655, #760 ) ;
#2665 = ADVANCED_FACE ( 'NONE', ( #5241 ), #8870, .T. ) ;
#2666 = CARTESIAN_POINT ( 'NONE',  ( -118.4061916517098609, -34.66662096138771432, 4.500000000000019540 ) ) ;
#2667 = DIRECTION ( 'NONE',  ( -0.000000000000000000, -0.000000000000000000, -1.000000000000000000 ) ) ;
#2668 = ORIENTED_EDGE ( 'NONE', *, *, #8027, .T. ) ;
#2669 = EDGE_CURVE ( 'NONE', #5264, #6952, #5297, .T. ) ;
#2670 = DIRECTION ( 'NONE',  ( 0.000000000000000000, -0.000000000000000000, -1.000000000000000000 ) ) ;
#2671 = EDGE_CURVE ( 'NONE', #6503, #8458, #3856, .T. ) ;
#2672 = FACE_OUTER_BOUND ( 'NONE', #1203, .T. ) ;
#2673 = ORIENTED_EDGE ( 'NONE', *, *, #6560, .F. ) ;
#2674 = CONICAL_SURFACE ( 'NONE', #7381, 10.00000000000000533, 0.7853981633974644883 ) ;
#2675 = AXIS2_PLACEMENT_3D ( 'NONE', #998, #7225, #5066 ) ;
#2676 = DIRECTION ( 'NONE',  ( 0.000000000000000000, 0.000000000000000000, 1.000000000000000000 ) ) ;
#2677 = ORIENTED_EDGE ( 'NONE', *, *, #35, .F. ) ;
#2678 = LINE ( 'NONE', #8943, #2976 ) ;
#2679 = AXIS2_PLACEMENT_3D ( 'NONE', #8240, #1059, #3883 ) ;
#2680 = CARTESIAN_POINT ( 'NONE',  ( -31.59380834829013907, -55.33337903861220752, 6.000000000000000000 ) ) ;
#2681 = FACE_OUTER_BOUND ( 'NONE', #242, .T. ) ;
#2682 = VERTEX_POINT ( 'NONE', #7449 ) ;
#2683 = DIRECTION ( 'NONE',  ( -0.000000000000000000, -0.000000000000000000, 1.000000000000000000 ) ) ;
#2684 = CARTESIAN_POINT ( 'NONE',  ( 150.0000000000000568, 90.00000000000007105, 2.000000000000000000 ) ) ;
#2685 = ORIENTED_EDGE ( 'NONE', *, *, #6344, .T. ) ;
#2686 = VECTOR ( 'NONE', #1007, 1000.000000000000114 ) ;
#2687 = ORIENTED_EDGE ( 'NONE', *, *, #8972, .T. ) ;
#2688 = AXIS2_PLACEMENT_3D ( 'NONE', #518, #6867, #6176 ) ;
#2689 = DIRECTION ( 'NONE',  ( -0.000000000000000000, -0.000000000000000000, -1.000000000000000000 ) ) ;
#2690 = EDGE_CURVE ( 'NONE', #470, #4865, #1470, .T. ) ;
#2691 = ORIENTED_EDGE ( 'NONE', *, *, #8748, .T. ) ;
#2692 = AXIS2_PLACEMENT_3D ( 'NONE', #8376, #6999, #2125 ) ;
#2693 = VECTOR ( 'NONE', #1636, 1000.000000000000000 ) ;
#2694 = ORIENTED_EDGE ( 'NONE', *, *, #1775, .T. ) ;
#2695 = CIRCLE ( 'NONE', #6227, 32.75000000000000000 ) ;
#2696 = DIRECTION ( 'NONE',  ( 0.000000000000000000, -0.000000000000000000, -1.000000000000000000 ) ) ;
#2697 = DIRECTION ( 'NONE',  ( -1.000000000000000000, 0.000000000000000000, 0.000000000000000000 ) ) ;
#2698 = ORIENTED_EDGE ( 'NONE', *, *, #8033, .F. ) ;
#2699 = EDGE_LOOP ( 'NONE', ( #5657, #29, #340, #525 ) ) ;
#2700 = LINE ( 'NONE', #5511, #4634 ) ;
#2701 = CARTESIAN_POINT ( 'NONE',  ( -49.99999999999993605, -89.99999999999997158, 0.000000000000000000 ) ) ;
#2702 = AXIS2_PLACEMENT_3D ( 'NONE', #5235, #8811, #1028 ) ;
#2703 = ADVANCED_FACE ( 'NONE', ( #5969 ), #6709, .F. ) ;
#2704 = VECTOR ( 'NONE', #8551, 1000.000000000000114 ) ;
#2705 = CARTESIAN_POINT ( 'NONE',  ( -64.75000000000001421, 4.316879966994418706E-15, 0.000000000000000000 ) ) ;
#2706 = AXIS2_PLACEMENT_3D ( 'NONE', #8844, #8670, #392 ) ;
#2707 = DIRECTION ( 'NONE',  ( -0.6313045309225739921, -0.3185193702691149764, -0.7071067811865441310 ) ) ;
#2708 = ORIENTED_EDGE ( 'NONE', *, *, #9073, .T. ) ;
#2709 = EDGE_LOOP ( 'NONE', ( #5245, #932, #8218, #2469 ) ) ;
#2710 = DIRECTION ( 'NONE',  ( 0.000000000000000000, -0.000000000000000000, -1.000000000000000000 ) ) ;
#2711 = CARTESIAN_POINT ( 'NONE',  ( 0.000000000000000000, 0.000000000000000000, 2.000000000000000000 ) ) ;
#2712 = AXIS2_PLACEMENT_3D ( 'NONE', #3791, #4668, #5853 ) ;
#2713 = ORIENTED_EDGE ( 'NONE', *, *, #4873, .F. ) ;
#2714 = CARTESIAN_POINT ( 'NONE',  ( 150.0000000000001137, -89.99999999999998579, 2.000000000000000000 ) ) ;
#2715 = CARTESIAN_POINT ( 'NONE',  ( 69.48711634798151238, -56.37337990447251457, 4.499999999999929834 ) ) ;
#2716 = VECTOR ( 'NONE', #1709, 1000.000000000000000 ) ;
#2717 = CARTESIAN_POINT ( 'NONE',  ( -149.9999999999999432, -90.00000000000002842, 4.499999999999950262 ) ) ;
#2718 = LINE ( 'NONE', #8436, #4378 ) ;
#2719 = EDGE_LOOP ( 'NONE', ( #5569, #1451, #6962, #2860, #3866 ) ) ;
#2720 = FACE_OUTER_BOUND ( 'NONE', #7292, .T. ) ;
#2721 = DIRECTION ( 'NONE',  ( -1.000000000000000000, 0.000000000000000000, 0.000000000000000000 ) ) ;
#2722 = ORIENTED_EDGE ( 'NONE', *, *, #1298, .T. ) ;
#2723 = EDGE_CURVE ( 'NONE', #626, #4154, #5304, .T. ) ;
#2724 = CIRCLE ( 'NONE', #8463, 1.500000000000001332 ) ;
#2725 = EDGE_CURVE ( 'NONE', #4775, #4781, #5375, .T. ) ;
#2726 = CARTESIAN_POINT ( 'NONE',  ( -196.7000000000000171, 125.0000000000000568, 4.000000000000000000 ) ) ;
#2727 = ORIENTED_EDGE ( 'NONE', *, *, #7288, .F. ) ;
#2728 = CARTESIAN_POINT ( 'NONE',  ( -65.33337903861232121, 18.40619165170993199, 4.500000000000019540 ) ) ;
#2729 = EDGE_CURVE ( 'NONE', #3304, #5201, #1874, .T. ) ;
#2730 = DIRECTION ( 'NONE',  ( -0.000000000000000000, -0.000000000000000000, 1.000000000000000000 ) ) ;
#2731 = CARTESIAN_POINT ( 'NONE',  ( -135.9528908614397551, 119.5844760786697094, 2.000000000000000000 ) ) ;
#2732 = DIRECTION ( 'NONE',  ( 0.000000000000000000, -0.000000000000000000, -1.000000000000000000 ) ) ;
#2733 = DIRECTION ( 'NONE',  ( -1.000000000000000000, 0.000000000000000000, 0.000000000000000000 ) ) ;
#2734 = ORIENTED_EDGE ( 'NONE', *, *, #318, .T. ) ;
#2735 = VECTOR ( 'NONE', #7721, 999.9999999999998863 ) ;
#2736 = FACE_OUTER_BOUND ( 'NONE', #6372, .T. ) ;
#2737 = CYLINDRICAL_SURFACE ( 'NONE', #1778, 1.500000000000001332 ) ;
#2738 = VECTOR ( 'NONE', #7380, 1000.000000000000114 ) ;
#2739 = ORIENTED_EDGE ( 'NONE', *, *, #8076, .F. ) ;
#2740 = EDGE_CURVE ( 'NONE', #4218, #8360, #4570, .T. ) ;
#2741 = CIRCLE ( 'NONE', #1858, 10.00000000000000888 ) ;
#2742 = ORIENTED_EDGE ( 'NONE', *, *, #1694, .T. ) ;
#2743 = DIRECTION ( 'NONE',  ( 1.000000000000000000, 0.000000000000000000, 0.000000000000000000 ) ) ;
#2744 = EDGE_CURVE ( 'NONE', #165, #3696, #4579, .T. ) ;
#2745 = DIRECTION ( 'NONE',  ( 1.000000000000000000, 0.000000000000000000, 0.000000000000000000 ) ) ;
#2746 = CARTESIAN_POINT ( 'NONE',  ( -149.9999999999999432, 90.00000000000002842, 2.000000000000000000 ) ) ;
#2747 = EDGE_LOOP ( 'NONE', ( #7890, #2096, #948 ) ) ;
#2748 = AXIS2_PLACEMENT_3D ( 'NONE', #3660, #5727, #5081 ) ;
#2749 = ORIENTED_EDGE ( 'NONE', *, *, #8235, .F. ) ;
#2750 = DIRECTION ( 'NONE',  ( 1.000000000000000000, 0.000000000000000000, 0.000000000000000000 ) ) ;
#2751 = CARTESIAN_POINT ( 'NONE',  ( 100.0000000000001137, 2.775557561562891351E-14, 2.000000000000000000 ) ) ;
#2752 = EDGE_LOOP ( 'NONE', ( #8183, #5594, #1112, #1528 ) ) ;
#2753 = CONICAL_SURFACE ( 'NONE', #8039, 1.499999999999890310, 0.7853981633974507215 ) ;
#2754 = CARTESIAN_POINT ( 'NONE',  ( 120.4155239213302906, 75.95289086144002511, 6.000000000000000000 ) ) ;
#2755 = ORIENTED_EDGE ( 'NONE', *, *, #486, .F. ) ;
#2756 = VECTOR ( 'NONE', #1566, 999.9999999999998863 ) ;
#2757 = CARTESIAN_POINT ( 'NONE',  ( -165.7949132570897746, 60.07551972800806794, 2.000000000000000000 ) ) ;
#2758 = ORIENTED_EDGE ( 'NONE', *, *, #2488, .T. ) ;
#2759 = ORIENTED_EDGE ( 'NONE', *, *, #4815, .T. ) ;
#2760 = EDGE_LOOP ( 'NONE', ( #6161, #4403, #8638, #8370 ) ) ;
#2761 = DIRECTION ( 'NONE',  ( -1.000000000000000000, 0.000000000000000000, 0.000000000000000000 ) ) ;
#2762 =( NAMED_UNIT ( * ) SI_UNIT ( $, .STERADIAN. ) SOLID_ANGLE_UNIT ( ) );
#2763 = CARTESIAN_POINT ( 'NONE',  ( -86.69328098979205777, -116.6932809897921857, 6.000000000000000000 ) ) ;
#2764 = DIRECTION ( 'NONE',  ( -1.000000000000000000, 0.000000000000000000, 0.000000000000000000 ) ) ;
#2765 = DIRECTION ( 'NONE',  ( -0.000000000000000000, -0.000000000000000000, -1.000000000000000000 ) ) ;
#2766 = LINE ( 'NONE', #64, #5834 ) ;
#2767 = ORIENTED_EDGE ( 'NONE', *, *, #817, .F. ) ;
#2768 = EDGE_CURVE ( 'NONE', #2879, #6527, #7950, .T. ) ;
#2769 = DIRECTION ( 'NONE',  ( -0.4784802923808595954, 0.5206309727658605668, -0.7071067811865481278 ) ) ;
#2770 = DIRECTION ( 'NONE',  ( 0.000000000000000000, 0.000000000000000000, 1.000000000000000000 ) ) ;
#2771 = DIRECTION ( 'NONE',  ( -0.3185193702691074269, -0.6313045309225719937, 0.7071067811865492381 ) ) ;
#2772 = ORIENTED_EDGE ( 'NONE', *, *, #1718, .F. ) ;
#2773 = LINE ( 'NONE', #8487, #4606 ) ;
#2774 = DIRECTION ( 'NONE',  ( 0.000000000000000000, -0.000000000000000000, -1.000000000000000000 ) ) ;
#2775 = CARTESIAN_POINT ( 'NONE',  ( -73.30671901020787118, 26.69328098979220343, 4.500000000000019540 ) ) ;
#2776 = CARTESIAN_POINT ( 'NONE',  ( -85.24999999999998579, 90.00000000000000000, 4.499999999999929834 ) ) ;
#2777 = EDGE_LOOP ( 'NONE', ( #2927, #8849, #6552, #2480, #8906, #7482 ) ) ;
#2778 = ADVANCED_FACE ( 'NONE', ( #4306 ), #6331, .F. ) ;
#2779 = DIRECTION ( 'NONE',  ( 0.000000000000000000, 0.000000000000000000, 1.000000000000000000 ) ) ;
#2780 = DIRECTION ( 'NONE',  ( 1.000000000000000000, 0.000000000000000000, 0.000000000000000000 ) ) ;
#2781 = EDGE_CURVE ( 'NONE', #8728, #6335, #7364, .T. ) ;
#2782 = EDGE_CURVE ( 'NONE', #1361, #6466, #4954, .T. ) ;
#2783 = EDGE_LOOP ( 'NONE', ( #2087, #6838, #4807, #538 ) ) ;
#2784 = ORIENTED_EDGE ( 'NONE', *, *, #8361, .T. ) ;
#2785 = FACE_OUTER_BOUND ( 'NONE', #1683, .T. ) ;
#2786 = CARTESIAN_POINT ( 'NONE',  ( 134.2050867429104528, -119.9244802719919960, 6.000000000000000000 ) ) ;
#2787 = CARTESIAN_POINT ( 'NONE',  ( 200.0000000000000000, -124.9999999999999574, 6.000000000000000000 ) ) ;
#2788 = ORIENTED_EDGE ( 'NONE', *, *, #1149, .F. ) ;
#2789 = EDGE_LOOP ( 'NONE', ( #8862, #536, #3852, #2677, #8663 ) ) ;
#2790 = EDGE_CURVE ( 'NONE', #1966, #4590, #2512, .T. ) ;
#2791 = DIRECTION ( 'NONE',  ( 1.000000000000000000, 2.775557561562888827E-14, 0.000000000000000000 ) ) ;
#2792 = FACE_OUTER_BOUND ( 'NONE', #5410, .T. ) ;
#2793 = EDGE_CURVE ( 'NONE', #2798, #5910, #708, .T. ) ;
#2794 = ADVANCED_FACE ( 'NONE', ( #4261, #4170 ), #5591, .T. ) ;
#2795 = ORIENTED_EDGE ( 'NONE', *, *, #5033, .T. ) ;
#2796 = CARTESIAN_POINT ( 'NONE',  ( -173.1577470838593342, -113.1577470838594905, 2.000000000000000000 ) ) ;
#2797 = CARTESIAN_POINT ( 'NONE',  ( 50.00000000000007105, -89.99999999999995737, 2.000000000000000000 ) ) ;
#2798 = VERTEX_POINT ( 'NONE', #8394 ) ;
#2799 = ORIENTED_EDGE ( 'NONE', *, *, #4829, .T. ) ;
#2800 = EDGE_LOOP ( 'NONE', ( #5895, #7441, #3784, #6687 ) ) ;
#2801 = DIRECTION ( 'NONE',  ( 1.000000000000000000, 0.000000000000000000, 0.000000000000000000 ) ) ;
#2802 = DIRECTION ( 'NONE',  ( 0.000000000000000000, -0.000000000000000000, -1.000000000000000000 ) ) ;
#2803 = ORIENTED_EDGE ( 'NONE', *, *, #5214, .F. ) ;
#2804 = CARTESIAN_POINT ( 'NONE',  ( 150.0000000000001137, -89.99999999999998579, 6.000000000000000000 ) ) ;
#2805 = CARTESIAN_POINT ( 'NONE',  ( -134.2050867429100549, 119.9244802719919392, 6.000000000000000000 ) ) ;
#2806 = CYLINDRICAL_SURFACE ( 'NONE', #4380, 32.75000000000002132 ) ;
#2807 = CARTESIAN_POINT ( 'NONE',  ( -134.2050867429103391, -60.07551972800796136, 6.000000000000000000 ) ) ;
#2808 = VERTEX_POINT ( 'NONE', #8496 ) ;
#2809 = CARTESIAN_POINT ( 'NONE',  ( 24.92551403682575284, 24.92551403682584166, 4.499999999999929834 ) ) ;
#2810 = FACE_OUTER_BOUND ( 'NONE', #3809, .T. ) ;
#2811 = AXIS2_PLACEMENT_3D ( 'NONE', #798, #3614, #126 ) ;
#2812 = AXIS2_PLACEMENT_3D ( 'NONE', #1347, #3621, #6434 ) ;
#2813 = EDGE_CURVE ( 'NONE', #9038, #4775, #5159, .T. ) ;
#2814 = CARTESIAN_POINT ( 'NONE',  ( -50.00000000000000000, 90.00000000000000000, 2.000000000000000000 ) ) ;
#2815 = LINE ( 'NONE', #7886, #7131 ) ;
#2816 = ORIENTED_EDGE ( 'NONE', *, *, #3701, .T. ) ;
#2817 = CARTESIAN_POINT ( 'NONE',  ( -100.0000000000000000, 0.000000000000000000, 6.000000000000000000 ) ) ;
#2818 = CARTESIAN_POINT ( 'NONE',  ( -205.5000000000000284, 125.0000000000000568, 6.000000000000000000 ) ) ;
#2819 = ORIENTED_EDGE ( 'NONE', *, *, #4815, .F. ) ;
#2820 = AXIS2_PLACEMENT_3D ( 'NONE', #209, #5219, #3009 ) ;
#2821 = DIRECTION ( 'NONE',  ( -0.000000000000000000, -0.000000000000000000, -1.000000000000000000 ) ) ;
#2822 = CONICAL_SURFACE ( 'NONE', #764, 1.500000000000084599, 0.7853981633974517207 ) ;
#2823 = DIRECTION ( 'NONE',  ( -0.000000000000000000, 0.000000000000000000, 1.000000000000000000 ) ) ;
#2824 = AXIS2_PLACEMENT_3D ( 'NONE', #1800, #5302, #5397 ) ;
#2825 = ORIENTED_EDGE ( 'NONE', *, *, #930, .F. ) ;
#2826 = ORIENTED_EDGE ( 'NONE', *, *, #8699, .F. ) ;
#2827 = DIRECTION ( 'NONE',  ( 1.000000000000000000, 0.000000000000000000, 0.000000000000000000 ) ) ;
#2828 = DIRECTION ( 'NONE',  ( -1.000000000000000000, 0.000000000000000000, 0.000000000000000000 ) ) ;
#2829 = AXIS2_PLACEMENT_3D ( 'NONE', #2040, #1194, #7608 ) ;
#2830 = DIRECTION ( 'NONE',  ( -0.000000000000000000, 0.000000000000000000, 1.000000000000000000 ) ) ;
#2831 = ORIENTED_EDGE ( 'NONE', *, *, #5317, .F. ) ;
#2832 = ORIENTED_EDGE ( 'NONE', *, *, #8823, .F. ) ;
#2833 = CARTESIAN_POINT ( 'NONE',  ( 32.81037903847204973, 16.55419968925690455, 2.000000000000000000 ) ) ;
#2834 = DIRECTION ( 'NONE',  ( 1.000000000000000000, 0.000000000000000000, 0.000000000000000000 ) ) ;
#2835 = CIRCLE ( 'NONE', #5192, 5.500000000000000000 ) ;
#2836 = EDGE_LOOP ( 'NONE', ( #848, #531, #5319, #2021 ) ) ;
#2837 = AXIS2_PLACEMENT_3D ( 'NONE', #499, #6800, #8224 ) ;
#2838 = CONICAL_SURFACE ( 'NONE', #915, 10.00000000000000178, 0.7853981633974466137 ) ;
#2839 = ADVANCED_FACE ( 'NONE', ( #5550 ), #2737, .T. ) ;
#2840 = CARTESIAN_POINT ( 'NONE',  ( 135.3095118169259194, -120.9394902502118896, 2.000000000000000000 ) ) ;
#2841 = DIRECTION ( 'NONE',  ( 0.000000000000000000, -0.000000000000000000, -1.000000000000000000 ) ) ;
#2842 = EDGE_CURVE ( 'NONE', #300, #4243, #4909, .T. ) ;
#2843 = VERTEX_POINT ( 'NONE', #4997 ) ;
#2844 = VERTEX_POINT ( 'NONE', #7799 ) ;
#2845 = AXIS2_PLACEMENT_3D ( 'NONE', #1091, #6622, #2474 ) ;
#2846 = ORIENTED_EDGE ( 'NONE', *, *, #7460, .T. ) ;
#2847 = VECTOR ( 'NONE', #7266, 1000.000000000000000 ) ;
#2848 = CARTESIAN_POINT ( 'NONE',  ( -65.33337903861232121, 18.40619165170993199, 2.000000000000000000 ) ) ;
#2849 = FACE_OUTER_BOUND ( 'NONE', #6672, .T. ) ;
#2850 = AXIS2_PLACEMENT_3D ( 'NONE', #8845, #8945, #7516 ) ;
#2851 = EDGE_CURVE ( 'NONE', #5995, #1971, #3244, .T. ) ;
#2852 = CIRCLE ( 'NONE', #8875, 35.24999999999999289 ) ;
#2853 = EDGE_CURVE ( 'NONE', #8011, #6657, #7075, .T. ) ;
#2854 = ORIENTED_EDGE ( 'NONE', *, *, #2232, .T. ) ;
#2855 = DIRECTION ( 'NONE',  ( -0.000000000000000000, 0.000000000000000000, 1.000000000000000000 ) ) ;
#2856 = EDGE_CURVE ( 'NONE', #3997, #844, #6188, .T. ) ;
#2857 = CARTESIAN_POINT ( 'NONE',  ( 119.4871163479815408, 33.62662009552747833, 2.000000000000000000 ) ) ;
#2858 = LINE ( 'NONE', #6453, #5981 ) ;
#2859 = CARTESIAN_POINT ( 'NONE',  ( -183.1577470838593342, -113.1577470838594905, 6.000000000000000000 ) ) ;
#2860 = ORIENTED_EDGE ( 'NONE', *, *, #930, .T. ) ;
#2861 = VECTOR ( 'NONE', #4810, 1000.000000000000000 ) ;
#2862 = AXIS2_PLACEMENT_3D ( 'NONE', #2913, #5723, #8526 ) ;
#2863 = DIRECTION ( 'NONE',  ( 1.000000000000000000, 0.000000000000000000, 0.000000000000000000 ) ) ;
#2864 = CARTESIAN_POINT ( 'NONE',  ( -49.99999999999993605, -89.99999999999997158, 6.000000000000000000 ) ) ;
#2865 = CONICAL_SURFACE ( 'NONE', #3299, 36.75000000000004974, 0.7853981633974460586 ) ;
#2866 = AXIS2_PLACEMENT_3D ( 'NONE', #1984, #6129, #4797 ) ;
#2867 = ORIENTED_EDGE ( 'NONE', *, *, #3347, .T. ) ;
#2868 = CARTESIAN_POINT ( 'NONE',  ( -126.8422529161405663, -66.84225291614050946, 4.499999999999950262 ) ) ;
#2869 = DIRECTION ( 'NONE',  ( 0.000000000000000000, 0.000000000000000000, 1.000000000000000000 ) ) ;
#2870 = ORIENTED_EDGE ( 'NONE', *, *, #7124, .T. ) ;
#2871 = DIRECTION ( 'NONE',  ( -1.000000000000000000, 0.000000000000000000, -0.000000000000000000 ) ) ;
#2872 = DIRECTION ( 'NONE',  ( -0.000000000000000000, 0.000000000000000000, 1.000000000000000000 ) ) ;
#2873 = VERTEX_POINT ( 'NONE', #1342 ) ;
#2874 = DIRECTION ( 'NONE',  ( 1.000000000000000000, 0.000000000000000000, 0.000000000000000000 ) ) ;
#2875 = CARTESIAN_POINT ( 'NONE',  ( 16.37337990447270286, -109.4871163479815266, 4.499999999999929834 ) ) ;
#2876 = CIRCLE ( 'NONE', #7877, 11.50000000000006040 ) ;
#2877 = EDGE_LOOP ( 'NONE', ( #629, #8775, #1237, #1353 ) ) ;
#2878 = AXIS2_PLACEMENT_3D ( 'NONE', #5449, #2636, #4080 ) ;
#2879 = VERTEX_POINT ( 'NONE', #7764 ) ;
#2880 = DIRECTION ( 'NONE',  ( -0.000000000000000000, -0.000000000000000000, -1.000000000000000000 ) ) ;
#2881 = FACE_BOUND ( 'NONE', #1480, .T. ) ;
#2882 = CIRCLE ( 'NONE', #1252, 10.00000000000000888 ) ;
#2883 = PLANE ( 'NONE',  #6556 ) ;
#2884 = ORIENTED_EDGE ( 'NONE', *, *, #7407, .T. ) ;
#2885 = ORIENTED_EDGE ( 'NONE', *, *, #1174, .F. ) ;
#2886 = CARTESIAN_POINT ( 'NONE',  ( 119.7500000000000568, 90.00000000000007105, 2.000000000000000000 ) ) ;
#2887 = FACE_OUTER_BOUND ( 'NONE', #26, .T. ) ;
#2888 = CIRCLE ( 'NONE', #5965, 3.299999999999997158 ) ;
#2889 = VERTEX_POINT ( 'NONE', #6429 ) ;
#2890 = AXIS2_PLACEMENT_3D ( 'NONE', #6549, #6373, #4992 ) ;
#2891 = AXIS2_PLACEMENT_3D ( 'NONE', #124, #2917, #7926 ) ;
#2892 = FACE_OUTER_BOUND ( 'NONE', #1495, .T. ) ;
#2893 = CARTESIAN_POINT ( 'NONE',  ( -81.59380834829016749, 34.66662096138772142, 4.500000000000019540 ) ) ;
#2894 = ORIENTED_EDGE ( 'NONE', *, *, #864, .F. ) ;
#2895 = ORIENTED_EDGE ( 'NONE', *, *, #5872, .F. ) ;
#2896 = ORIENTED_EDGE ( 'NONE', *, *, #7389, .T. ) ;
#2897 = DIRECTION ( 'NONE',  ( 1.000000000000000000, 0.000000000000000000, 0.000000000000000000 ) ) ;
#2898 = EDGE_CURVE ( 'NONE', #4444, #8192, #7661, .T. ) ;
#2899 = FACE_BOUND ( 'NONE', #2777, .T. ) ;
#2900 = AXIS2_PLACEMENT_3D ( 'NONE', #1711, #4527, #1011 ) ;
#2901 = EDGE_CURVE ( 'NONE', #1578, #8936, #3480, .T. ) ;
#2902 = EDGE_CURVE ( 'NONE', #3696, #165, #8827, .T. ) ;
#2903 = CIRCLE ( 'NONE', #9080, 10.00000000000000888 ) ;
#2904 = CYLINDRICAL_SURFACE ( 'NONE', #9014, 5.500000000000000000 ) ;
#2905 = DIRECTION ( 'NONE',  ( 0.000000000000000000, -0.000000000000000000, -1.000000000000000000 ) ) ;
#2906 = CARTESIAN_POINT ( 'NONE',  ( 196.7000000000000171, -124.9999999999999574, 4.000000000000000000 ) ) ;
#2907 = ORIENTED_EDGE ( 'NONE', *, *, #9073, .F. ) ;
#2908 = ADVANCED_FACE ( 'NONE', ( #6555 ), #8244, .T. ) ;
#2909 = CARTESIAN_POINT ( 'NONE',  ( -126.8422529161405663, -66.84225291614050946, 6.000000000000000000 ) ) ;
#2910 = DIRECTION ( 'NONE',  ( -0.7071067811865499042, 0.000000000000000000, -0.7071067811865451302 ) ) ;
#2911 = EDGE_CURVE ( 'NONE', #6439, #9038, #5263, .T. ) ;
#2912 = DIRECTION ( 'NONE',  ( 1.000000000000000000, 0.000000000000000000, 0.000000000000000000 ) ) ;
#2913 = CARTESIAN_POINT ( 'NONE',  ( 0.000000000000000000, 0.000000000000000000, 2.000000000000000000 ) ) ;
#2914 = DIRECTION ( 'NONE',  ( 1.000000000000000000, 0.000000000000000000, 0.000000000000000000 ) ) ;
#2915 = VERTEX_POINT ( 'NONE', #3750 ) ;
#2916 = CARTESIAN_POINT ( 'NONE',  ( 179.5844760786698089, 104.0471091385601312, 2.000000000000000000 ) ) ;
#2917 = DIRECTION ( 'NONE',  ( -0.000000000000000000, -0.000000000000000000, -1.000000000000000000 ) ) ;
#2918 = ORIENTED_EDGE ( 'NONE', *, *, #1265, .F. ) ;
#2919 = LINE ( 'NONE', #2004, #8400 ) ;
#2920 = DIRECTION ( 'NONE',  ( -0.000000000000000000, 0.000000000000000000, 1.000000000000000000 ) ) ;
#2921 = ORIENTED_EDGE ( 'NONE', *, *, #6522, .F. ) ;
#2922 = VERTEX_POINT ( 'NONE', #256 ) ;
#2923 = VERTEX_POINT ( 'NONE', #7929 ) ;
#2924 = DIRECTION ( 'NONE',  ( 1.000000000000000000, 2.312964634635740689E-14, 0.000000000000000000 ) ) ;
#2925 = DIRECTION ( 'NONE',  ( -1.000000000000000000, 0.000000000000000000, 0.000000000000000000 ) ) ;
#2926 = DIRECTION ( 'NONE',  ( 0.000000000000000000, 0.000000000000000000, 1.000000000000000000 ) ) ;
#2927 = ORIENTED_EDGE ( 'NONE', *, *, #7621, .T. ) ;
#2928 = ORIENTED_EDGE ( 'NONE', *, *, #57, .T. ) ;
#2929 = LINE ( 'NONE', #2886, #6406 ) ;
#2930 = ORIENTED_EDGE ( 'NONE', *, *, #1088, .T. ) ;
#2931 = DIRECTION ( 'NONE',  ( -0.000000000000000000, -0.000000000000000000, -1.000000000000000000 ) ) ;
#2932 = ORIENTED_EDGE ( 'NONE', *, *, #5909, .T. ) ;
#2933 = ADVANCED_FACE ( 'NONE', ( #5897 ), #1918, .F. ) ;
#2934 = CARTESIAN_POINT ( 'NONE',  ( 117.2500000000000284, 90.00000000000007105, 6.000000000000000000 ) ) ;
#2935 = VERTEX_POINT ( 'NONE', #211 ) ;
#2936 = EDGE_LOOP ( 'NONE', ( #3526, #4279, #483, #4264, #2273 ) ) ;
#2937 = ORIENTED_EDGE ( 'NONE', *, *, #1209, .F. ) ;
#2938 = CARTESIAN_POINT ( 'NONE',  ( 120.4155239213302906, 75.95289086144002511, 4.500000000000130562 ) ) ;
#2939 = FACE_BOUND ( 'NONE', #3231, .T. ) ;
#2940 = PLANE ( 'NONE',  #7533 ) ;
#2941 = EDGE_CURVE ( 'NONE', #2350, #8090, #6030, .T. ) ;
#2942 = DIRECTION ( 'NONE',  ( -1.000000000000000000, 0.000000000000000000, 0.000000000000000000 ) ) ;
#2943 = LINE ( 'NONE', #1428, #1234 ) ;
#2944 = CARTESIAN_POINT ( 'NONE',  ( -200.0000000000000000, 125.0000000000000568, 6.000000000000000000 ) ) ;
#2945 = ORIENTED_EDGE ( 'NONE', *, *, #4131, .F. ) ;
#2946 = CIRCLE ( 'NONE', #6757, 1.500000000000001332 ) ;
#2947 = CARTESIAN_POINT ( 'NONE',  ( -215.0000000000000000, 129.9999999999999716, 0.000000000000000000 ) ) ;
#2948 = DIRECTION ( 'NONE',  ( 0.5147315776182793678, -0.4848210009916973928, -0.7071067811865516806 ) ) ;
#2949 = EDGE_CURVE ( 'NONE', #2844, #9079, #4568, .T. ) ;
#2950 = EDGE_CURVE ( 'NONE', #3813, #1896, #1482, .T. ) ;
#2951 = VERTEX_POINT ( 'NONE', #8711 ) ;
#2952 = FACE_OUTER_BOUND ( 'NONE', #1963, .T. ) ;
#2953 = DIRECTION ( 'NONE',  ( 1.000000000000000000, 0.000000000000000000, 0.000000000000000000 ) ) ;
#2954 = CIRCLE ( 'NONE', #1787, 1.500000000000001332 ) ;
#2955 = EDGE_CURVE ( 'NONE', #6309, #4685, #927, .T. ) ;
#2956 = EDGE_LOOP ( 'NONE', ( #2816, #3272, #7945, #7896, #7496, #7556 ) ) ;
#2957 = DIRECTION ( 'NONE',  ( 1.000000000000000000, 0.000000000000000000, 0.000000000000000000 ) ) ;
#2958 = EDGE_CURVE ( 'NONE', #6300, #307, #7082, .T. ) ;
#2959 = CARTESIAN_POINT ( 'NONE',  ( -66.55419968925680507, 57.18962096152788632, 4.499999999999929834 ) ) ;
#2960 = ORIENTED_EDGE ( 'NONE', *, *, #7130, .T. ) ;
#2961 = CARTESIAN_POINT ( 'NONE',  ( -68.40619165170976146, -124.6666209613876930, 4.500000000000033751 ) ) ;
#2962 = DIRECTION ( 'NONE',  ( -0.4902611097931376949, 0.5095527884571111610, -0.7071067811865359154 ) ) ;
#2963 = EDGE_LOOP ( 'NONE', ( #5179, #4918, #8544, #2486 ) ) ;
#2964 = ORIENTED_EDGE ( 'NONE', *, *, #4563, .T. ) ;
#2965 = FACE_OUTER_BOUND ( 'NONE', #6561, .T. ) ;
#2966 = CONICAL_SURFACE ( 'NONE', #2811, 1.500000000000015099, 0.7853981633974640442 ) ;
#2967 = DIRECTION ( 'NONE',  ( 1.000000000000000000, 0.000000000000000000, 0.000000000000000000 ) ) ;
#2968 = CARTESIAN_POINT ( 'NONE',  ( -68.40619165170976146, -124.6666209613876930, 2.000000000000000000 ) ) ;
#2969 = EDGE_CURVE ( 'NONE', #4643, #8960, #3392, .T. ) ;
#2970 = CARTESIAN_POINT ( 'NONE',  ( -149.9999999999999432, -90.00000000000002842, 4.499999999999950262 ) ) ;
#2971 = CIRCLE ( 'NONE', #4003, 30.25000000000000000 ) ;
#2972 = ORIENTED_EDGE ( 'NONE', *, *, #5147, .F. ) ;
#2973 = CARTESIAN_POINT ( 'NONE',  ( 81.78191838608339026, 107.6461102563310845, 2.000000000000000000 ) ) ;
#2974 = ORIENTED_EDGE ( 'NONE', *, *, #2344, .T. ) ;
#2975 = AXIS2_PLACEMENT_3D ( 'NONE', #5083, #7891, #4396 ) ;
#2976 = VECTOR ( 'NONE', #5540, 1000.000000000000114 ) ;
#2977 = CIRCLE ( 'NONE', #480, 35.25000000000000000 ) ;
#2978 = CARTESIAN_POINT ( 'NONE',  ( -33.44580031074320914, 122.8103790384721634, 6.000000000000000000 ) ) ;
#2979 = CARTESIAN_POINT ( 'NONE',  ( 0.000000000000000000, 0.000000000000000000, 4.499999999999929834 ) ) ;
#2980 = ORIENTED_EDGE ( 'NONE', *, *, #6078, .F. ) ;
#2981 = AXIS2_PLACEMENT_3D ( 'NONE', #5886, #2391, #7879 ) ;
#2982 = VERTEX_POINT ( 'NONE', #7335 ) ;
#2983 = DIRECTION ( 'NONE',  ( -0.6387598062008758015, -0.3032917901662064986, 0.7071067811865456854 ) ) ;
#2984 = AXIS2_PLACEMENT_3D ( 'NONE', #1474, #2136, #7051 ) ;
#2985 = AXIS2_PLACEMENT_3D ( 'NONE', #8415, #9011, #5566 ) ;
#2986 = FACE_BOUND ( 'NONE', #9061, .T. ) ;
#2987 = EDGE_CURVE ( 'NONE', #1837, #7524, #8399, .T. ) ;
#2988 = CIRCLE ( 'NONE', #6516, 11.50000000000009415 ) ;
#2989 = DIRECTION ( 'NONE',  ( -0.000000000000000000, 0.000000000000000000, 1.000000000000000000 ) ) ;
#2990 = CONICAL_SURFACE ( 'NONE', #6383, 1.500000000000029088, 0.7853981633974397303 ) ;
#2991 = DIRECTION ( 'NONE',  ( 1.000000000000000000, 0.000000000000000000, 0.000000000000000000 ) ) ;
#2992 = CONICAL_SURFACE ( 'NONE', #2535, 1.499999999999973577, 0.7853981633974580490 ) ;
#2993 = LINE ( 'NONE', #2805, #654 ) ;
#2994 = CARTESIAN_POINT ( 'NONE',  ( -14.75000000000000000, 90.00000000000000000, 4.499999999999929834 ) ) ;
#2995 = ORIENTED_EDGE ( 'NONE', *, *, #5990, .T. ) ;
#2996 = DIRECTION ( 'NONE',  ( 1.000000000000000000, 0.000000000000000000, 0.000000000000000000 ) ) ;
#2997 = CIRCLE ( 'NONE', #6964, 36.75000000000005684 ) ;
#2998 = DIRECTION ( 'NONE',  ( 0.7071067811865540120, 0.000000000000000000, 0.7071067811865410224 ) ) ;
#2999 = AXIS2_PLACEMENT_3D ( 'NONE', #806, #3757, #6563 ) ;
#3000 = VERTEX_POINT ( 'NONE', #6468 ) ;
#3001 = CARTESIAN_POINT ( 'NONE',  ( 180.2500000000000568, 90.00000000000007105, 0.000000000000000000 ) ) ;
#3002 = AXIS2_PLACEMENT_3D ( 'NONE', #6989, #2026, #2652 ) ;
#3003 = CARTESIAN_POINT ( 'NONE',  ( -149.9999999999999432, 90.00000000000002842, 2.000000000000000000 ) ) ;
#3004 = CIRCLE ( 'NONE', #2418, 35.25000000000000000 ) ;
#3005 = ORIENTED_EDGE ( 'NONE', *, *, #4765, .F. ) ;
#3006 = DIRECTION ( 'NONE',  ( -0.000000000000000000, 0.000000000000000000, 1.000000000000000000 ) ) ;
#3007 = DIRECTION ( 'NONE',  ( 0.000000000000000000, -0.000000000000000000, -1.000000000000000000 ) ) ;
#3008 = VERTEX_POINT ( 'NONE', #8023 ) ;
#3009 = DIRECTION ( 'NONE',  ( 1.000000000000000000, 0.000000000000000000, 0.000000000000000000 ) ) ;
#3010 = VECTOR ( 'NONE', #2605, 1000.000000000000000 ) ;
#3011 = ADVANCED_FACE ( 'NONE', ( #2321 ), #8665, .T. ) ;
#3012 = CARTESIAN_POINT ( 'NONE',  ( 16.55419968925679797, 32.81037903847210657, 4.499999999999929834 ) ) ;
#3013 = EDGE_CURVE ( 'NONE', #6335, #4298, #3702, .T. ) ;
#3014 = AXIS2_PLACEMENT_3D ( 'NONE', #9024, #4059, #3963 ) ;
#3015 = EDGE_CURVE ( 'NONE', #4043, #5264, #164, .T. ) ;
#3016 = ORIENTED_EDGE ( 'NONE', *, *, #6591, .T. ) ;
#3017 = DIRECTION ( 'NONE',  ( -1.000000000000000000, 0.000000000000000000, 0.000000000000000000 ) ) ;
#3018 = FACE_BOUND ( 'NONE', #4607, .T. ) ;
#3019 = FACE_OUTER_BOUND ( 'NONE', #1358, .T. ) ;
#3020 = VERTEX_POINT ( 'NONE', #7203 ) ;
#3021 = ORIENTED_EDGE ( 'NONE', *, *, #6505, .F. ) ;
#3022 = VERTEX_POINT ( 'NONE', #883 ) ;
#3023 = AXIS2_PLACEMENT_3D ( 'NONE', #6412, #5068, #7088 ) ;
#3024 = FACE_OUTER_BOUND ( 'NONE', #2240, .T. ) ;
#3025 = EDGE_CURVE ( 'NONE', #3627, #3287, #5126, .T. ) ;
#3026 = CIRCLE ( 'NONE', #2878, 1.500000000000001332 ) ;
#3027 = ORIENTED_EDGE ( 'NONE', *, *, #7569, .F. ) ;
#3028 = ADVANCED_FACE ( 'NONE', ( #4487 ), #1331, .F. ) ;
#3029 = CIRCLE ( 'NONE', #8024, 32.75000000000000000 ) ;
#3030 = CARTESIAN_POINT ( 'NONE',  ( -74.92551403682574573, 65.07448596317415479, 4.499999999999929834 ) ) ;
#3031 = CARTESIAN_POINT ( 'NONE',  ( -100.0000000000000000, 0.000000000000000000, 2.000000000000000000 ) ) ;
#3032 = ORIENTED_EDGE ( 'NONE', *, *, #4672, .T. ) ;
#3033 = ADVANCED_FACE ( 'NONE', ( #5169 ), #6689, .F. ) ;
#3034 = DIRECTION ( 'NONE',  ( -1.000000000000000000, 0.000000000000000000, 0.000000000000000000 ) ) ;
#3035 = CYLINDRICAL_SURFACE ( 'NONE', #2507, 10.00000000000000178 ) ;
#3036 = CIRCLE ( 'NONE', #5535, 32.75000000000002842 ) ;
#3037 = LINE ( 'NONE', #7818, #8381 ) ;
#3038 = AXIS2_PLACEMENT_3D ( 'NONE', #5636, #2188, #741 ) ;
#3039 = DIRECTION ( 'NONE',  ( -0.000000000000000000, -0.000000000000000000, -1.000000000000000000 ) ) ;
#3040 = CIRCLE ( 'NONE', #7008, 3.299999999999998490 ) ;
#3041 = CARTESIAN_POINT ( 'NONE',  ( 81.78191838608339026, 107.6461102563310845, 4.499999999999936051 ) ) ;
#3042 = CARTESIAN_POINT ( 'NONE',  ( -215.0000000000000000, -130.0000000000000000, 6.000000000000000000 ) ) ;
#3043 = CARTESIAN_POINT ( 'NONE',  ( -165.7949132570895472, -119.9244802719920671, 4.499999999999950262 ) ) ;
#3044 = AXIS2_PLACEMENT_3D ( 'NONE', #5578, #2667, #9078 ) ;
#3045 = ORIENTED_EDGE ( 'NONE', *, *, #8127, .T. ) ;
#3046 = CARTESIAN_POINT ( 'NONE',  ( 150.0000000000001137, -89.99999999999998579, 6.000000000000000000 ) ) ;
#3047 = AXIS2_PLACEMENT_3D ( 'NONE', #4152, #7548, #1928 ) ;
#3048 = CONICAL_SURFACE ( 'NONE', #7763, 1.500000000000015099, 0.7853981633974640442 ) ;
#3049 = ORIENTED_EDGE ( 'NONE', *, *, #2901, .T. ) ;
#3050 = DIRECTION ( 'NONE',  ( -0.000000000000000000, -0.000000000000000000, -1.000000000000000000 ) ) ;
#3051 = CARTESIAN_POINT ( 'NONE',  ( -100.0000000000000000, 0.000000000000000000, 2.000000000000000000 ) ) ;
#3052 = ADVANCED_FACE ( 'NONE', ( #7555 ), #7470, .T. ) ;
#3053 = CARTESIAN_POINT ( 'NONE',  ( 73.30671901020801329, -26.69328098979219988, 6.000000000000000000 ) ) ;
#3054 = CARTESIAN_POINT ( 'NONE',  ( 32.29722968529827654, -123.3417819437550520, 4.499999999999929834 ) ) ;
#3055 = ORIENTED_EDGE ( 'NONE', *, *, #4819, .T. ) ;
#3056 = FACE_OUTER_BOUND ( 'NONE', #6212, .T. ) ;
#3057 = DIRECTION ( 'NONE',  ( -0.000000000000000000, -0.000000000000000000, 1.000000000000000000 ) ) ;
#3058 = ORIENTED_EDGE ( 'NONE', *, *, #8197, .T. ) ;
#3059 = ORIENTED_EDGE ( 'NONE', *, *, #2377, .T. ) ;
#3060 = DIRECTION ( 'NONE',  ( -0.000000000000000000, 0.000000000000000000, 1.000000000000000000 ) ) ;
#3061 = LINE ( 'NONE', #5862, #4037 ) ;
#3062 = ADVANCED_FACE ( 'NONE', ( #3969 ), #8108, .F. ) ;
#3063 = CARTESIAN_POINT ( 'NONE',  ( -126.8422529161405663, -66.84225291614050946, 4.499999999999950262 ) ) ;
#3064 = ORIENTED_EDGE ( 'NONE', *, *, #6329, .F. ) ;
#3065 = ORIENTED_EDGE ( 'NONE', *, *, #7749, .F. ) ;
#3066 = CYLINDRICAL_SURFACE ( 'NONE', #6109, 1.499999999999999556 ) ;
#3067 = EDGE_CURVE ( 'NONE', #4722, #3706, #44, .T. ) ;
#3068 = ORIENTED_EDGE ( 'NONE', *, *, #5378, .T. ) ;
#3069 = ORIENTED_EDGE ( 'NONE', *, *, #976, .F. ) ;
#3070 = DIRECTION ( 'NONE',  ( -0.6387598062008698063, -0.3032917901662052773, 0.7071067811865516806 ) ) ;
#3071 = ADVANCED_FACE ( 'NONE', ( #6085 ), #8262, .T. ) ;
#3072 = CARTESIAN_POINT ( 'NONE',  ( -66.65821805624497642, 17.70277031470190110, 6.000000000000000000 ) ) ;
#3073 = ORIENTED_EDGE ( 'NONE', *, *, #2768, .F. ) ;
#3074 = ORIENTED_EDGE ( 'NONE', *, *, #5780, .T. ) ;
#3075 = EDGE_CURVE ( 'NONE', #3305, #1965, #5180, .T. ) ;
#3076 = CARTESIAN_POINT ( 'NONE',  ( -32.81037903847204262, -16.55419968925691521, 4.499999999999929834 ) ) ;
#3077 = FACE_OUTER_BOUND ( 'NONE', #1554, .T. ) ;
#3078 = EDGE_CURVE ( 'NONE', #1489, #2546, #6051, .T. ) ;
#3079 = CARTESIAN_POINT ( 'NONE',  ( 0.000000000000000000, 0.000000000000000000, 6.000000000000000000 ) ) ;
#3080 = CARTESIAN_POINT ( 'NONE',  ( -32.29722968529814864, -56.65821805624486274, 2.000000000000000000 ) ) ;
#3081 = DIRECTION ( 'NONE',  ( 0.000000000000000000, -0.000000000000000000, -1.000000000000000000 ) ) ;
#3082 = DIRECTION ( 'NONE',  ( -0.4784802923808564867, 0.5206309727658592346, 0.7071067811865512365 ) ) ;
#3083 = FACE_OUTER_BOUND ( 'NONE', #1499, .T. ) ;
#3084 = ORIENTED_EDGE ( 'NONE', *, *, #1993, .T. ) ;
#3085 = CARTESIAN_POINT ( 'NONE',  ( -50.00000000000000000, 90.00000000000000000, 2.000000000000000000 ) ) ;
#3086 = ORIENTED_EDGE ( 'NONE', *, *, #2301, .F. ) ;
#3087 = DIRECTION ( 'NONE',  ( 0.000000000000000000, 0.000000000000000000, -1.000000000000000000 ) ) ;
#3088 = CARTESIAN_POINT ( 'NONE',  ( -205.0000000000000000, -140.0000000000000000, 0.000000000000000000 ) ) ;
#3089 = CARTESIAN_POINT ( 'NONE',  ( 82.81037903847203552, 106.5541996892568903, 2.000000000000000000 ) ) ;
#3090 = CARTESIAN_POINT ( 'NONE',  ( -17.64611025633100283, -31.78191838608346842, 4.499999999999929834 ) ) ;
#3091 = VERTEX_POINT ( 'NONE', #3193 ) ;
#3092 = CYLINDRICAL_SURFACE ( 'NONE', #462, 1.500000000000001332 ) ;
#3093 = ORIENTED_EDGE ( 'NONE', *, *, #4596, .F. ) ;
#3094 = CARTESIAN_POINT ( 'NONE',  ( -164.0471091385601312, 60.41552392133031901, 4.500000000000054179 ) ) ;
#3095 = ORIENTED_EDGE ( 'NONE', *, *, #5040, .F. ) ;
#3096 = EDGE_CURVE ( 'NONE', #128, #3378, #8871, .T. ) ;
#3097 = ORIENTED_EDGE ( 'NONE', *, *, #3728, .F. ) ;
#3098 = DIRECTION ( 'NONE',  ( 1.000000000000000000, 0.000000000000000000, 0.000000000000000000 ) ) ;
#3099 = DIRECTION ( 'NONE',  ( -1.000000000000000000, 0.000000000000000000, 0.000000000000000000 ) ) ;
#3100 = CARTESIAN_POINT ( 'NONE',  ( 82.81037903847203552, 106.5541996892568903, 6.000000000000000000 ) ) ;
#3101 = CARTESIAN_POINT ( 'NONE',  ( -119.7499999999999289, 90.00000000000002842, 2.000000000000000000 ) ) ;
#3102 = AXIS2_PLACEMENT_3D ( 'NONE', #9094, #2049, #7713 ) ;
#3103 = ORIENTED_EDGE ( 'NONE', *, *, #2390, .T. ) ;
#3104 = DIRECTION ( 'NONE',  ( -1.000000000000000000, 0.000000000000000000, 0.000000000000000000 ) ) ;
#3105 = VECTOR ( 'NONE', #7583, 1000.000000000000000 ) ;
#3106 = VERTEX_POINT ( 'NONE', #8796 ) ;
#3107 = AXIS2_PLACEMENT_3D ( 'NONE', #5773, #7294, #7248 ) ;
#3108 = CIRCLE ( 'NONE', #3553, 35.24999999999997868 ) ;
#3109 = DIRECTION ( 'NONE',  ( -0.000000000000000000, -0.000000000000000000, -1.000000000000000000 ) ) ;
#3110 = ORIENTED_EDGE ( 'NONE', *, *, #7883, .T. ) ;
#3111 = ORIENTED_EDGE ( 'NONE', *, *, #4846, .T. ) ;
#3112 = ORIENTED_EDGE ( 'NONE', *, *, #6679, .F. ) ;
#3113 = CARTESIAN_POINT ( 'NONE',  ( 126.8422529161406800, -113.1577470838594195, 4.499999999999929834 ) ) ;
#3114 = DIRECTION ( 'NONE',  ( 1.000000000000000000, 0.000000000000000000, 0.000000000000000000 ) ) ;
#3115 = AXIS2_PLACEMENT_3D ( 'NONE', #4433, #971, #926 ) ;
#3116 = DIRECTION ( 'NONE',  ( -0.3185193702691067053, -0.6313045309225706614, -0.7071067811865510144 ) ) ;
#3117 = AXIS2_PLACEMENT_3D ( 'NONE', #5900, #5173, #2412 ) ;
#3118 = EDGE_CURVE ( 'NONE', #3999, #8642, #1369, .T. ) ;
#3119 = AXIS2_PLACEMENT_3D ( 'NONE', #6457, #5021, #4340 ) ;
#3120 = EDGE_CURVE ( 'NONE', #7120, #142, #1193, .T. ) ;
#3121 = AXIS2_PLACEMENT_3D ( 'NONE', #2179, #7786, #6364 ) ;
#3122 = DIRECTION ( 'NONE',  ( 0.000000000000000000, 0.000000000000000000, 1.000000000000000000 ) ) ;
#3123 = ORIENTED_EDGE ( 'NONE', *, *, #7349, .T. ) ;
#3124 = CARTESIAN_POINT ( 'NONE',  ( -215.0000000000000000, 0.000000000000000000, 0.000000000000000000 ) ) ;
#3125 = CARTESIAN_POINT ( 'NONE',  ( -205.5000000000000284, -124.9999999999999574, 6.000000000000000000 ) ) ;
#3126 = ORIENTED_EDGE ( 'NONE', *, *, #8432, .T. ) ;
#3127 = VECTOR ( 'NONE', #8099, 1000.000000000000000 ) ;
#3128 = LINE ( 'NONE', #7360, #8043 ) ;
#3129 = ORIENTED_EDGE ( 'NONE', *, *, #5670, .F. ) ;
#3130 = DIRECTION ( 'NONE',  ( 0.000000000000000000, -0.000000000000000000, -1.000000000000000000 ) ) ;
#3131 = VECTOR ( 'NONE', #505, 1000.000000000000000 ) ;
#3132 = ADVANCED_FACE ( 'NONE', ( #6765 ), #2489, .F. ) ;
#3133 = CIRCLE ( 'NONE', #2251, 37.75000000000000711 ) ;
#3134 = CIRCLE ( 'NONE', #2109, 1.500000000000001332 ) ;
#3135 = EDGE_CURVE ( 'NONE', #3447, #4491, #2092, .T. ) ;
#3136 = CARTESIAN_POINT ( 'NONE',  ( -31.78191838608339381, -17.64611025633112362, 2.000000000000000000 ) ) ;
#3137 = CARTESIAN_POINT ( 'NONE',  ( 85.25000000000004263, -89.99999999999995737, 2.000000000000000000 ) ) ;
#3138 = CARTESIAN_POINT ( 'NONE',  ( 17.18962096152796093, 73.44580031074305282, 4.499999999999936051 ) ) ;
#3139 = CARTESIAN_POINT ( 'NONE',  ( 134.6666209613878493, 18.40619165170990001, 6.000000000000000000 ) ) ;
#3140 = ORIENTED_EDGE ( 'NONE', *, *, #7724, .T. ) ;
#3141 = VECTOR ( 'NONE', #6116, 1000.000000000000000 ) ;
#3142 = AXIS2_PLACEMENT_3D ( 'NONE', #5281, #1819, #8079 ) ;
#3143 = DIRECTION ( 'NONE',  ( -0.000000000000000000, 0.000000000000000000, 1.000000000000000000 ) ) ;
#3144 = DIRECTION ( 'NONE',  ( 1.000000000000000000, 0.000000000000000000, 0.000000000000000000 ) ) ;
#3145 = ORIENTED_EDGE ( 'NONE', *, *, #4289, .T. ) ;
#3146 = AXIS2_PLACEMENT_3D ( 'NONE', #179, #8645, #3636 ) ;
#3147 = CIRCLE ( 'NONE', #2265, 35.25000000000000000 ) ;
#3148 = VERTEX_POINT ( 'NONE', #7425 ) ;
#3149 = DIRECTION ( 'NONE',  ( 0.000000000000000000, 0.000000000000000000, 1.000000000000000000 ) ) ;
#3150 = LINE ( 'NONE', #8069, #1527 ) ;
#3151 = CARTESIAN_POINT ( 'NONE',  ( 81.59380834829030960, -34.66662096138771432, 4.499999999999922728 ) ) ;
#3152 = DIRECTION ( 'NONE',  ( -0.000000000000000000, -0.000000000000000000, 1.000000000000000000 ) ) ;
#3153 = VERTEX_POINT ( 'NONE', #3362 ) ;
#3154 = CARTESIAN_POINT ( 'NONE',  ( -149.9999999999999432, 90.00000000000002842, 6.000000000000000000 ) ) ;
#3155 = VECTOR ( 'NONE', #8573, 1000.000000000000114 ) ;
#3156 = ORIENTED_EDGE ( 'NONE', *, *, #6411, .F. ) ;
#3157 = AXIS2_PLACEMENT_3D ( 'NONE', #3437, #4181, #8407 ) ;
#3158 = ORIENTED_EDGE ( 'NONE', *, *, #388, .T. ) ;
#3159 = CARTESIAN_POINT ( 'NONE',  ( -5.500000000000000000, -124.9999999999999574, 4.000000000000000000 ) ) ;
#3160 = CIRCLE ( 'NONE', #1389, 35.24999999999999289 ) ;
#3161 = ORIENTED_EDGE ( 'NONE', *, *, #3120, .T. ) ;
#3162 = ORIENTED_EDGE ( 'NONE', *, *, #4208, .F. ) ;
#3163 = DIRECTION ( 'NONE',  ( 0.000000000000000000, -0.000000000000000000, -1.000000000000000000 ) ) ;
#3164 = LINE ( 'NONE', #8778, #8095 ) ;
#3165 = DIRECTION ( 'NONE',  ( 1.000000000000000000, 0.000000000000000000, 0.000000000000000000 ) ) ;
#3166 = CONICAL_SURFACE ( 'NONE', #4352, 37.75000000000000000, 0.7853981633974412846 ) ;
#3167 = CARTESIAN_POINT ( 'NONE',  ( -14.74999999999990941, -89.99999999999997158, 2.000000000000000000 ) ) ;
#3168 = ORIENTED_EDGE ( 'NONE', *, *, #7288, .T. ) ;
#3169 = CARTESIAN_POINT ( 'NONE',  ( 100.0000000000001137, 2.775557561562891351E-14, 6.000000000000000000 ) ) ;
#3170 = LINE ( 'NONE', #3125, #3906 ) ;
#3171 = VERTEX_POINT ( 'NONE', #424 ) ;
#3172 = ADVANCED_FACE ( 'NONE', ( #2672 ), #7372, .F. ) ;
#3173 = AXIS2_PLACEMENT_3D ( 'NONE', #8766, #6695, #2461 ) ;
#3174 = ORIENTED_EDGE ( 'NONE', *, *, #5110, .T. ) ;
#3175 = CARTESIAN_POINT ( 'NONE',  ( 203.3000000000000114, 125.0000000000000568, 8.673617379884035472E-16 ) ) ;
#3176 = ORIENTED_EDGE ( 'NONE', *, *, #4662, .F. ) ;
#3177 = DIRECTION ( 'NONE',  ( 1.000000000000000000, 0.000000000000000000, 0.000000000000000000 ) ) ;
#3178 = EDGE_CURVE ( 'NONE', #6805, #4585, #3713, .T. ) ;
#3179 = ADVANCED_FACE ( 'NONE', ( #8836 ), #2533, .F. ) ;
#3180 = AXIS2_PLACEMENT_3D ( 'NONE', #2328, #171, #1625 ) ;
#3181 = CIRCLE ( 'NONE', #393, 1.500000000000001332 ) ;
#3182 = LINE ( 'NONE', #1884, #58 ) ;
#3183 = CONICAL_SURFACE ( 'NONE', #6271, 39.25000000000009237, 0.7853981633974506105 ) ;
#3184 = CARTESIAN_POINT ( 'NONE',  ( 17.64611025633100638, 31.78191838608346131, 4.499999999999929834 ) ) ;
#3185 = EDGE_CURVE ( 'NONE', #4125, #5036, #4674, .T. ) ;
#3186 = CARTESIAN_POINT ( 'NONE',  ( 194.5000000000000000, 125.0000000000000568, 6.000000000000000000 ) ) ;
#3187 = CARTESIAN_POINT ( 'NONE',  ( -133.6266200955273860, -19.48711634798150882, 4.500000000000019540 ) ) ;
#3188 = ORIENTED_EDGE ( 'NONE', *, *, #8433, .T. ) ;
#3189 = CONICAL_SURFACE ( 'NONE', #3493, 10.00000000000000888, 0.7853981633974587151 ) ;
#3190 = EDGE_CURVE ( 'NONE', #609, #1584, #6904, .T. ) ;
#3191 = CARTESIAN_POINT ( 'NONE',  ( -205.5000000000000284, 125.0000000000000568, 6.000000000000000000 ) ) ;
#3192 = EDGE_CURVE ( 'NONE', #6919, #5401, #9083, .T. ) ;
#3193 = CARTESIAN_POINT ( 'NONE',  ( 164.6904881830742795, -59.06050974978803225, 6.000000000000000000 ) ) ;
#3194 = ORIENTED_EDGE ( 'NONE', *, *, #5879, .T. ) ;
#3195 = VECTOR ( 'NONE', #2479, 1000.000000000000000 ) ;
#3196 = ORIENTED_EDGE ( 'NONE', *, *, #710, .F. ) ;
#3197 = FACE_OUTER_BOUND ( 'NONE', #8826, .T. ) ;
#3198 = CARTESIAN_POINT ( 'NONE',  ( -68.40619165170976146, -124.6666209613876930, 6.000000000000000000 ) ) ;
#3199 = CARTESIAN_POINT ( 'NONE',  ( 80.51288365201870079, -33.62662009552742859, 4.499999999999922728 ) ) ;
#3200 = CARTESIAN_POINT ( 'NONE',  ( 200.0000000000000000, 125.0000000000000568, 4.000000000000000000 ) ) ;
#3201 = VERTEX_POINT ( 'NONE', #2079 ) ;
#3202 = FACE_OUTER_BOUND ( 'NONE', #4678, .T. ) ;
#3203 = ORIENTED_EDGE ( 'NONE', *, *, #7518, .F. ) ;
#3204 = ORIENTED_EDGE ( 'NONE', *, *, #8753, .T. ) ;
#3205 = CARTESIAN_POINT ( 'NONE',  ( -50.00000000000000000, 90.00000000000000000, 2.000000000000000000 ) ) ;
#3206 = ORIENTED_EDGE ( 'NONE', *, *, #2842, .T. ) ;
#3207 = EDGE_LOOP ( 'NONE', ( #9004, #2803, #5419 ) ) ;
#3208 = CARTESIAN_POINT ( 'NONE',  ( -164.6904881830741090, -120.9394902502119464, 2.000000000000000000 ) ) ;
#3209 = DIRECTION ( 'NONE',  ( -1.000000000000000000, 0.000000000000000000, 0.000000000000000000 ) ) ;
#3210 = CARTESIAN_POINT ( 'NONE',  ( 200.0000000000000000, 125.0000000000000568, 6.000000000000000000 ) ) ;
#3211 = ADVANCED_FACE ( 'NONE', ( #3510 ), #736, .F. ) ;
#3212 = FACE_OUTER_BOUND ( 'NONE', #6587, .T. ) ;
#3213 = CARTESIAN_POINT ( 'NONE',  ( -135.3095118169255215, 120.9394902502118327, 4.500000000000054179 ) ) ;
#3214 = LINE ( 'NONE', #281, #4055 ) ;
#3215 = ORIENTED_EDGE ( 'NONE', *, *, #370, .T. ) ;
#3216 = EDGE_LOOP ( 'NONE', ( #6067, #2015, #5617, #3129 ) ) ;
#3217 = DIRECTION ( 'NONE',  ( -0.000000000000000000, 0.000000000000000000, 1.000000000000000000 ) ) ;
#3218 = DIRECTION ( 'NONE',  ( 1.000000000000000000, -9.251858538542962756E-15, 0.000000000000000000 ) ) ;
#3219 = DIRECTION ( 'NONE',  ( -0.000000000000000000, 0.000000000000000000, 1.000000000000000000 ) ) ;
#3220 = EDGE_CURVE ( 'NONE', #1964, #2798, #7097, .T. ) ;
#3221 = CARTESIAN_POINT ( 'NONE',  ( 215.0000000000000000, 0.000000000000000000, 0.000000000000000000 ) ) ;
#3222 = CYLINDRICAL_SURFACE ( 'NONE', #5972, 35.25000000000000000 ) ;
#3223 = DIRECTION ( 'NONE',  ( 1.000000000000000000, 0.000000000000000000, 0.000000000000000000 ) ) ;
#3224 = ORIENTED_EDGE ( 'NONE', *, *, #8413, .T. ) ;
#3225 = DIRECTION ( 'NONE',  ( 1.000000000000000000, 0.000000000000000000, 0.000000000000000000 ) ) ;
#3226 = DIRECTION ( 'NONE',  ( -0.000000000000000000, -0.000000000000000000, 1.000000000000000000 ) ) ;
#3227 = VERTEX_POINT ( 'NONE', #6366 ) ;
#3228 = EDGE_CURVE ( 'NONE', #4294, #1240, #6074, .T. ) ;
#3229 = ADVANCED_FACE ( 'NONE', ( #4207 ), #7750, .F. ) ;
#3230 = AXIS2_PLACEMENT_3D ( 'NONE', #1692, #311, #7318 ) ;
#3231 = EDGE_LOOP ( 'NONE', ( #2722, #750, #6868, #7757, #308, #2061 ) ) ;
#3232 = DIRECTION ( 'NONE',  ( -1.000000000000000000, 0.000000000000000000, 0.000000000000000000 ) ) ;
#3233 = ADVANCED_FACE ( 'NONE', ( #7007 ), #6956, .F. ) ;
#3234 = CARTESIAN_POINT ( 'NONE',  ( -17.18962096152796448, 106.5541996892569472, 4.499999999999929834 ) ) ;
#3235 = CARTESIAN_POINT ( 'NONE',  ( -149.9999999999999432, 90.00000000000002842, 6.000000000000000000 ) ) ;
#3236 = DIRECTION ( 'NONE',  ( 1.000000000000000000, -1.206764157201260496E-15, 0.000000000000000000 ) ) ;
#3237 = DIRECTION ( 'NONE',  ( 1.000000000000000000, 0.000000000000000000, 0.000000000000000000 ) ) ;
#3238 = EDGE_LOOP ( 'NONE', ( #3423, #1906, #5695, #3158 ) ) ;
#3239 = CARTESIAN_POINT ( 'NONE',  ( -165.7949132570897746, 60.07551972800806794, 6.000000000000000000 ) ) ;
#3240 = ORIENTED_EDGE ( 'NONE', *, *, #4061, .T. ) ;
#3241 = EDGE_CURVE ( 'NONE', #853, #7711, #6529, .T. ) ;
#3242 = ORIENTED_EDGE ( 'NONE', *, *, #4494, .T. ) ;
#3243 = EDGE_CURVE ( 'NONE', #8090, #2350, #4445, .T. ) ;
#3244 = CIRCLE ( 'NONE', #176, 11.50000000000006573 ) ;
#3245 = DIRECTION ( 'NONE',  ( -0.000000000000000000, -0.000000000000000000, 1.000000000000000000 ) ) ;
#3246 = ORIENTED_EDGE ( 'NONE', *, *, #5703, .T. ) ;
#3247 = AXIS2_PLACEMENT_3D ( 'NONE', #7947, #4459, #950 ) ;
#3248 = CYLINDRICAL_SURFACE ( 'NONE', #4486, 1.499999999999999556 ) ;
#3249 = CARTESIAN_POINT ( 'NONE',  ( -149.9999999999999432, 90.00000000000002842, 6.000000000000000000 ) ) ;
#3250 = DIRECTION ( 'NONE',  ( -0.000000000000000000, 0.000000000000000000, 1.000000000000000000 ) ) ;
#3251 = DIRECTION ( 'NONE',  ( -0.000000000000000000, -0.000000000000000000, -1.000000000000000000 ) ) ;
#3252 = CARTESIAN_POINT ( 'NONE',  ( -18.68962096152796448, 106.5541996892569472, 2.000000000000000000 ) ) ;
#3253 = EDGE_LOOP ( 'NONE', ( #6649, #8837, #5976, #2194, #8928, #6628 ) ) ;
#3254 = ORIENTED_EDGE ( 'NONE', *, *, #3785, .T. ) ;
#3255 = DIRECTION ( 'NONE',  ( 0.000000000000000000, 0.000000000000000000, 1.000000000000000000 ) ) ;
#3256 = CIRCLE ( 'NONE', #6939, 10.00000000000000888 ) ;
#3257 = ADVANCED_FACE ( 'NONE', ( #4984 ), #7091, .F. ) ;
#3258 = DIRECTION ( 'NONE',  ( -0.000000000000000000, -0.000000000000000000, -1.000000000000000000 ) ) ;
#3259 = CIRCLE ( 'NONE', #5769, 32.75000000000002842 ) ;
#3260 = CIRCLE ( 'NONE', #8851, 10.00000000000000888 ) ;
#3261 = DIRECTION ( 'NONE',  ( 1.000000000000000000, 0.000000000000000000, 0.000000000000000000 ) ) ;
#3262 = DIRECTION ( 'NONE',  ( 0.7071067811865459074, 0.000000000000000000, 0.7071067811865491270 ) ) ;
#3263 = CARTESIAN_POINT ( 'NONE',  ( 18.52882010595539342, 74.12148193071271862, 6.000000000000000000 ) ) ;
#3264 = DIRECTION ( 'NONE',  ( 0.000000000000000000, -0.000000000000000000, -1.000000000000000000 ) ) ;
#3265 = EDGE_LOOP ( 'NONE', ( #6882, #4503, #7296, #1582 ) ) ;
#3266 = DIRECTION ( 'NONE',  ( -0.000000000000000000, -0.000000000000000000, -1.000000000000000000 ) ) ;
#3267 = DIRECTION ( 'NONE',  ( 0.000000000000000000, -0.000000000000000000, -1.000000000000000000 ) ) ;
#3268 = VECTOR ( 'NONE', #4870, 1000.000000000000000 ) ;
#3269 = ORIENTED_EDGE ( 'NONE', *, *, #4332, .F. ) ;
#3270 = CIRCLE ( 'NONE', #5641, 11.50000000000002132 ) ;
#3271 = FACE_OUTER_BOUND ( 'NONE', #1315, .T. ) ;
#3272 = ORIENTED_EDGE ( 'NONE', *, *, #7628, .T. ) ;
#3273 = CARTESIAN_POINT ( 'NONE',  ( -3.299999999999999822, -124.9999999999999574, 4.000000000000000000 ) ) ;
#3274 = AXIS2_PLACEMENT_3D ( 'NONE', #1697, #7321, #1000 ) ;
#3275 = CARTESIAN_POINT ( 'NONE',  ( 34.92551403682575284, 24.92551403682584166, 4.499999999999929834 ) ) ;
#3276 = CARTESIAN_POINT ( 'NONE',  ( 150.0000000000000568, 90.00000000000007105, 4.500000000000130562 ) ) ;
#3277 = AXIS2_PLACEMENT_3D ( 'NONE', #3030, #8549, #4452 ) ;
#3279 = VECTOR ( 'NONE', #4250, 1000.000000000000000 ) ;
#3278 = CARTESIAN_POINT ( 'NONE',  ( 50.00000000000000000, 90.00000000000000000, 4.499999999999936051 ) ) ;
#3280 = DIRECTION ( 'NONE',  ( 0.000000000000000000, 0.000000000000000000, 1.000000000000000000 ) ) ;
#3281 = ORIENTED_EDGE ( 'NONE', *, *, #7125, .T. ) ;
#3282 = EDGE_LOOP ( 'NONE', ( #2698, #129, #5211 ) ) ;
#3283 = EDGE_CURVE ( 'NONE', #316, #8533, #3409, .T. ) ;
#3284 = CARTESIAN_POINT ( 'NONE',  ( 18.21808161391660974, 72.35388974366885861, 2.000000000000000000 ) ) ;
#3285 = EDGE_CURVE ( 'NONE', #4154, #626, #4468, .T. ) ;
#3286 = VECTOR ( 'NONE', #230, 1000.000000000000114 ) ;
#3287 = VERTEX_POINT ( 'NONE', #9033 ) ;
#3288 = AXIS2_PLACEMENT_3D ( 'NONE', #4267, #752, #3570 ) ;
#3289 = ORIENTED_EDGE ( 'NONE', *, *, #3631, .F. ) ;
#3290 = CARTESIAN_POINT ( 'NONE',  ( 184.6577470838593058, 113.1577470838595332, 6.000000000000000000 ) ) ;
#3291 = ORIENTED_EDGE ( 'NONE', *, *, #7939, .T. ) ;
#3292 = VECTOR ( 'NONE', #6324, 1000.000000000000000 ) ;
#3293 = ADVANCED_FACE ( 'NONE', ( #5534 ), #4803, .F. ) ;
#3294 = AXIS2_PLACEMENT_3D ( 'NONE', #5493, #6282, #8301 ) ;
#3295 = CARTESIAN_POINT ( 'NONE',  ( -119.0605097497880536, -75.30951181692574892, 6.000000000000000000 ) ) ;
#3296 = DIRECTION ( 'NONE',  ( -0.000000000000000000, -0.000000000000000000, -1.000000000000000000 ) ) ;
#3297 = DIRECTION ( 'NONE',  ( -1.000000000000000000, 0.000000000000000000, 0.000000000000000000 ) ) ;
#3298 = ADVANCED_FACE ( 'NONE', ( #2810 ), #7049, .F. ) ;
#3299 = AXIS2_PLACEMENT_3D ( 'NONE', #9103, #1454, #5005 ) ;
#3300 = ORIENTED_EDGE ( 'NONE', *, *, #7218, .T. ) ;
#3301 = FACE_OUTER_BOUND ( 'NONE', #7395, .T. ) ;
#3302 = ORIENTED_EDGE ( 'NONE', *, *, #3503, .T. ) ;
#3303 = DIRECTION ( 'NONE',  ( -0.000000000000000000, -0.000000000000000000, -1.000000000000000000 ) ) ;
#3304 = VERTEX_POINT ( 'NONE', #8339 ) ;
#3305 = VERTEX_POINT ( 'NONE', #5581 ) ;
#3306 = DIRECTION ( 'NONE',  ( 0.000000000000000000, 0.000000000000000000, 1.000000000000000000 ) ) ;
#3307 = CIRCLE ( 'NONE', #5231, 9.999999999999994671 ) ;
#3308 = CARTESIAN_POINT ( 'NONE',  ( 135.9528908614400393, 60.41552392133027638, 6.000000000000000000 ) ) ;
#3309 = CIRCLE ( 'NONE', #5680, 10.00000000000000888 ) ;
#3310 = VECTOR ( 'NONE', #4723, 1000.000000000000114 ) ;
#3311 = DIRECTION ( 'NONE',  ( -1.000000000000000000, 0.000000000000000000, 0.000000000000000000 ) ) ;
#3312 = CYLINDRICAL_SURFACE ( 'NONE', #8152, 10.00000000000000178 ) ;
#3313 = FACE_OUTER_BOUND ( 'NONE', #2634, .T. ) ;
#3314 = CARTESIAN_POINT ( 'NONE',  ( -200.0000000000000000, 125.0000000000000568, 8.673617379884035472E-16 ) ) ;
#3315 = VECTOR ( 'NONE', #852, 1000.000000000000000 ) ;
#3316 = VERTEX_POINT ( 'NONE', #4157 ) ;
#3317 = CARTESIAN_POINT ( 'NONE',  ( 16.55419968925679797, 32.81037903847210657, 2.000000000000000000 ) ) ;
#3318 = DIRECTION ( 'NONE',  ( 1.000000000000000000, 0.000000000000000000, 0.000000000000000000 ) ) ;
#3319 = CIRCLE ( 'NONE', #3774, 10.00000000000000888 ) ;
#3320 = VERTEX_POINT ( 'NONE', #651 ) ;
#3321 = AXIS2_PLACEMENT_3D ( 'NONE', #4348, #5814, #4300 ) ;
#3322 = ADVANCED_FACE ( 'NONE', ( #3465 ), #329, .F. ) ;
#3323 = DIRECTION ( 'NONE',  ( -1.000000000000000000, 0.000000000000000000, 0.000000000000000000 ) ) ;
#3324 = ORIENTED_EDGE ( 'NONE', *, *, #535, .F. ) ;
#3325 = CARTESIAN_POINT ( 'NONE',  ( 180.2500000000001421, -89.99999999999998579, 2.000000000000000000 ) ) ;
#3326 = PLANE ( 'NONE',  #8148 ) ;
#3327 = DIRECTION ( 'NONE',  ( 1.000000000000000000, 0.000000000000000000, 0.000000000000000000 ) ) ;
#3328 = AXIS2_PLACEMENT_3D ( 'NONE', #8792, #8103, #2484 ) ;
#3329 = DIRECTION ( 'NONE',  ( 0.000000000000000000, 0.000000000000000000, 1.000000000000000000 ) ) ;
#3330 = FACE_OUTER_BOUND ( 'NONE', #1080, .T. ) ;
#3331 = ORIENTED_EDGE ( 'NONE', *, *, #2902, .F. ) ;
#3332 = VERTEX_POINT ( 'NONE', #8617 ) ;
#3333 = DIRECTION ( 'NONE',  ( -0.000000000000000000, -0.000000000000000000, -1.000000000000000000 ) ) ;
#3334 = VECTOR ( 'NONE', #1772, 1000.000000000000000 ) ;
#3335 = ORIENTED_EDGE ( 'NONE', *, *, #2175, .T. ) ;
#3336 = EDGE_CURVE ( 'NONE', #2466, #137, #5118, .T. ) ;
#3337 = ORIENTED_EDGE ( 'NONE', *, *, #6498, .T. ) ;
#3338 = CIRCLE ( 'NONE', #3788, 1.500000000000001332 ) ;
#3339 = FACE_OUTER_BOUND ( 'NONE', #436, .T. ) ;
#3340 = EDGE_CURVE ( 'NONE', #5592, #273, #1669, .T. ) ;
#3341 = VERTEX_POINT ( 'NONE', #7830 ) ;
#3342 = ORIENTED_EDGE ( 'NONE', *, *, #8197, .F. ) ;
#3343 = FACE_OUTER_BOUND ( 'NONE', #8064, .T. ) ;
#3344 = DIRECTION ( 'NONE',  ( -1.000000000000000000, 0.000000000000000000, 0.000000000000000000 ) ) ;
#3345 = ORIENTED_EDGE ( 'NONE', *, *, #9027, .T. ) ;
#3346 = ADVANCED_FACE ( 'NONE', ( #5756 ), #5809, .T. ) ;
#3347 = EDGE_CURVE ( 'NONE', #4763, #6375, #2214, .T. ) ;
#3348 = CARTESIAN_POINT ( 'NONE',  ( -87.74999999999994316, -89.99999999999997158, 4.500000000000033751 ) ) ;
#3349 = EDGE_CURVE ( 'NONE', #9055, #5455, #5470, .T. ) ;
#3350 = DIRECTION ( 'NONE',  ( 1.000000000000000000, 0.000000000000000000, 0.000000000000000000 ) ) ;
#3351 = EDGE_CURVE ( 'NONE', #3389, #6255, #2541, .T. ) ;
#3352 = ORIENTED_EDGE ( 'NONE', *, *, #3979, .F. ) ;
#3353 = ORIENTED_EDGE ( 'NONE', *, *, #2070, .T. ) ;
#3354 = FACE_OUTER_BOUND ( 'NONE', #6758, .T. ) ;
#3355 = CARTESIAN_POINT ( 'NONE',  ( -117.2499999999999289, 90.00000000000002842, 4.500000000000054179 ) ) ;
#3356 = DIRECTION ( 'NONE',  ( 1.000000000000000000, 0.000000000000000000, 0.000000000000000000 ) ) ;
#3357 = DIRECTION ( 'NONE',  ( 1.000000000000000000, 0.000000000000000000, 0.000000000000000000 ) ) ;
#3358 = DIRECTION ( 'NONE',  ( 1.000000000000000000, 0.000000000000000000, 0.000000000000000000 ) ) ;
#3359 = DIRECTION ( 'NONE',  ( 0.000000000000000000, -0.000000000000000000, -1.000000000000000000 ) ) ;
#3360 = VERTEX_POINT ( 'NONE', #154 ) ;
#3361 = CARTESIAN_POINT ( 'NONE',  ( -50.00000000000000000, 90.00000000000000000, 2.000000000000000000 ) ) ;
#3362 = CARTESIAN_POINT ( 'NONE',  ( 16.37337990447270641, -109.4871163479815266, 2.000000000000000000 ) ) ;
#3363 = ORIENTED_EDGE ( 'NONE', *, *, #7948, .T. ) ;
#3364 = DIRECTION ( 'NONE',  ( -0.000000000000000000, -0.000000000000000000, 1.000000000000000000 ) ) ;
#3365 = ORIENTED_EDGE ( 'NONE', *, *, #107, .T. ) ;
#3366 = CARTESIAN_POINT ( 'NONE',  ( 84.66662096138776405, -71.59380834828999696, 4.499999999999929834 ) ) ;
#3367 = DIRECTION ( 'NONE',  ( 0.000000000000000000, -0.000000000000000000, -1.000000000000000000 ) ) ;
#3368 = CARTESIAN_POINT ( 'NONE',  ( 135.3095118169259479, -120.9394902502119180, 6.000000000000000000 ) ) ;
#3369 = CARTESIAN_POINT ( 'NONE',  ( 76.69328098979219988, -63.30671901020773618, 4.499999999999929834 ) ) ;
#3370 = CARTESIAN_POINT ( 'NONE',  ( 33.44580031074323045, 57.18962096152787922, 6.000000000000000000 ) ) ;
#3371 = EDGE_LOOP ( 'NONE', ( #585, #5360, #6404 ) ) ;
#3372 = CARTESIAN_POINT ( 'NONE',  ( -25.07448596317426492, 114.9255140368258594, 6.000000000000000000 ) ) ;
#3373 = ADVANCED_FACE ( 'NONE', ( #8568 ), #5074, .T. ) ;
#3374 = VERTEX_POINT ( 'NONE', #873 ) ;
#3375 = ORIENTED_EDGE ( 'NONE', *, *, #3285, .T. ) ;
#3376 = CARTESIAN_POINT ( 'NONE',  ( 80.51288365201870079, -33.62662009552742859, 4.499999999999922728 ) ) ;
#3377 = DIRECTION ( 'NONE',  ( 1.000000000000000000, 0.000000000000000000, 0.000000000000000000 ) ) ;
#3378 = VERTEX_POINT ( 'NONE', #3690 ) ;
#3379 = CONICAL_SURFACE ( 'NONE', #3971, 1.500000000000029088, 0.7853981633974360665 ) ;
#3380 = ORIENTED_EDGE ( 'NONE', *, *, #4315, .F. ) ;
#3381 = FACE_OUTER_BOUND ( 'NONE', #4326, .T. ) ;
#3382 = FACE_OUTER_BOUND ( 'NONE', #4421, .T. ) ;
#3383 = ORIENTED_EDGE ( 'NONE', *, *, #1254, .F. ) ;
#3384 = ORIENTED_EDGE ( 'NONE', *, *, #7557, .F. ) ;
#3385 = EDGE_CURVE ( 'NONE', #4688, #9046, #1994, .T. ) ;
#3386 = VECTOR ( 'NONE', #8685, 1000.000000000000114 ) ;
#3387 = CARTESIAN_POINT ( 'NONE',  ( 126.8422529161406800, -113.1577470838594195, 6.000000000000000000 ) ) ;
#3388 = FACE_OUTER_BOUND ( 'NONE', #1299, .T. ) ;
#3389 = VERTEX_POINT ( 'NONE', #1333 ) ;
#3390 = ORIENTED_EDGE ( 'NONE', *, *, #2793, .T. ) ;
#3391 = DIRECTION ( 'NONE',  ( -0.000000000000000000, -0.000000000000000000, -1.000000000000000000 ) ) ;
#3392 = CIRCLE ( 'NONE', #3107, 11.49999999999996803 ) ;
#3393 = AXIS2_PLACEMENT_3D ( 'NONE', #5693, #2920, #5731 ) ;
#3394 = EDGE_CURVE ( 'NONE', #1740, #4688, #6654, .T. ) ;
#3395 = CARTESIAN_POINT ( 'NONE',  ( 183.1577470838595048, -66.84225291614049524, 4.499999999999929834 ) ) ;
#3396 = ADVANCED_FACE ( 'NONE', ( #7558 ), #4160, .F. ) ;
#3397 = ADVANCED_FACE ( 'NONE', ( #8893 ), #7383, .F. ) ;
#3398 = ADVANCED_FACE ( 'NONE', ( #3271 ), #560, .T. ) ;
#3399 = CIRCLE ( 'NONE', #2088, 5.500000000000000000 ) ;
#3400 = CARTESIAN_POINT ( 'NONE',  ( -183.1577470838593342, -113.1577470838594905, 4.499999999999950262 ) ) ;
#3401 = CYLINDRICAL_SURFACE ( 'NONE', #4049, 1.500000000000001332 ) ;
#3402 = AXIS2_PLACEMENT_3D ( 'NONE', #4860, #2195, #2097 ) ;
#3403 = CARTESIAN_POINT ( 'NONE',  ( -119.7499999999999289, 90.00000000000002842, 2.000000000000000000 ) ) ;
#3404 = FACE_OUTER_BOUND ( 'NONE', #9057, .T. ) ;
#3405 = VERTEX_POINT ( 'NONE', #2726 ) ;
#3406 = ADVANCED_FACE ( 'NONE', ( #4806 ), #190, .F. ) ;
#3407 = CARTESIAN_POINT ( 'NONE',  ( -82.81037903847203552, 73.44580031074306703, 6.000000000000000000 ) ) ;
#3408 = AXIS2_PLACEMENT_3D ( 'NONE', #8350, #2821, #77 ) ;
#3409 = LINE ( 'NONE', #1329, #3279 ) ;
#3410 = EDGE_LOOP ( 'NONE', ( #533, #1173, #2408, #7209 ) ) ;
#3411 = EDGE_CURVE ( 'NONE', #8942, #1496, #1350, .T. ) ;
#3412 = CONICAL_SURFACE ( 'NONE', #3117, 10.00000000000000178, 0.7853981633974442822 ) ;
#3413 = AXIS2_PLACEMENT_3D ( 'NONE', #5113, #6539, #2345 ) ;
#3414 = DIRECTION ( 'NONE',  ( 1.000000000000000000, 5.329070518200750605E-15, 0.000000000000000000 ) ) ;
#3415 = ORIENTED_EDGE ( 'NONE', *, *, #1197, .F. ) ;
#3416 = DIRECTION ( 'NONE',  ( 1.000000000000000000, 0.000000000000000000, 0.000000000000000000 ) ) ;
#3417 = CIRCLE ( 'NONE', #2981, 10.00000000000000888 ) ;
#3418 = FACE_OUTER_BOUND ( 'NONE', #3441, .T. ) ;
#3419 = DIRECTION ( 'NONE',  ( -0.000000000000000000, -0.000000000000000000, -1.000000000000000000 ) ) ;
#3420 = EDGE_LOOP ( 'NONE', ( #7370, #4500, #6740, #8158 ) ) ;
#3421 = DIRECTION ( 'NONE',  ( 1.000000000000000000, 0.000000000000000000, 0.000000000000000000 ) ) ;
#3422 = DIRECTION ( 'NONE',  ( -1.000000000000000000, 0.000000000000000000, 0.000000000000000000 ) ) ;
#3423 = ORIENTED_EDGE ( 'NONE', *, *, #8300, .F. ) ;
#3424 = CIRCLE ( 'NONE', #4891, 5.500000000000005329 ) ;
#3425 = AXIS2_PLACEMENT_3D ( 'NONE', #7355, #8736, #4654 ) ;
#3426 = DIRECTION ( 'NONE',  ( -1.000000000000000000, 0.000000000000000000, 0.000000000000000000 ) ) ;
#3427 = ORIENTED_EDGE ( 'NONE', *, *, #2768, .T. ) ;
#3428 = AXIS2_PLACEMENT_3D ( 'NONE', #6948, #3455, #1427 ) ;
#3429 = ORIENTED_EDGE ( 'NONE', *, *, #3475, .T. ) ;
#3430 = CIRCLE ( 'NONE', #7700, 1.500000000000001332 ) ;
#3431 = ORIENTED_EDGE ( 'NONE', *, *, #3645, .F. ) ;
#3432 = CIRCLE ( 'NONE', #1359, 1.500000000000001332 ) ;
#3433 = DIRECTION ( 'NONE',  ( 1.000000000000000000, 0.000000000000000000, 0.000000000000000000 ) ) ;
#3434 = LINE ( 'NONE', #2055, #517 ) ;
#3435 = ORIENTED_EDGE ( 'NONE', *, *, #3243, .T. ) ;
#3436 = ORIENTED_EDGE ( 'NONE', *, *, #2559, .T. ) ;
#3437 = CARTESIAN_POINT ( 'NONE',  ( 173.1577470838594479, 113.1577470838595332, 6.000000000000000000 ) ) ;
#3438 = DIRECTION ( 'NONE',  ( -1.000000000000000000, 0.000000000000000000, 0.000000000000000000 ) ) ;
#3439 = AXIS2_PLACEMENT_3D ( 'NONE', #1564, #4382, #7187 ) ;
#3440 = AXIS2_PLACEMENT_3D ( 'NONE', #5355, #3801, #473 ) ;
#3441 = EDGE_LOOP ( 'NONE', ( #1731, #8512, #6701, #3815 ) ) ;
#3442 = CIRCLE ( 'NONE', #3002, 10.00000000000000888 ) ;
#3443 = FACE_OUTER_BOUND ( 'NONE', #1626, .T. ) ;
#3444 = EDGE_CURVE ( 'NONE', #8630, #1588, #8712, .T. ) ;
#3445 = CIRCLE ( 'NONE', #8599, 5.500000000000005329 ) ;
#3446 = CARTESIAN_POINT ( 'NONE',  ( -81.59380834829018170, 34.66662096138767879, 6.000000000000000000 ) ) ;
#3447 = VERTEX_POINT ( 'NONE', #8296 ) ;
#3448 = ORIENTED_EDGE ( 'NONE', *, *, #4544, .T. ) ;
#3449 = ORIENTED_EDGE ( 'NONE', *, *, #2241, .T. ) ;
#3450 = LINE ( 'NONE', #9070, #780 ) ;
#3451 = VECTOR ( 'NONE', #405, 1000.000000000000114 ) ;
#3452 = CIRCLE ( 'NONE', #8735, 1.500000000000001332 ) ;
#3453 = EDGE_CURVE ( 'NONE', #809, #4753, #618, .T. ) ;
#3454 = VERTEX_POINT ( 'NONE', #5400 ) ;
#3455 = DIRECTION ( 'NONE',  ( 0.000000000000000000, -0.000000000000000000, -1.000000000000000000 ) ) ;
#3456 = CARTESIAN_POINT ( 'NONE',  ( 23.30671901020797065, -116.6932809897921857, 4.499999999999929834 ) ) ;
#3457 = VECTOR ( 'NONE', #7969, 1000.000000000000000 ) ;
#3458 = FACE_OUTER_BOUND ( 'NONE', #6885, .T. ) ;
#3459 = EDGE_CURVE ( 'NONE', #3825, #5725, #54, .T. ) ;
#3460 = EDGE_CURVE ( 'NONE', #6657, #2889, #6941, .T. ) ;
#3461 = DIRECTION ( 'NONE',  ( 1.000000000000000000, 0.000000000000000000, 0.000000000000000000 ) ) ;
#3462 = EDGE_LOOP ( 'NONE', ( #8666, #8238 ) ) ;
#3463 = LINE ( 'NONE', #7697, #6512 ) ;
#3464 = CIRCLE ( 'NONE', #3764, 1.500000000000001332 ) ;
#3465 = FACE_OUTER_BOUND ( 'NONE', #859, .T. ) ;
#3466 = CIRCLE ( 'NONE', #2144, 1.500000000000001332 ) ;
#3467 = EDGE_CURVE ( 'NONE', #844, #7576, #5475, .T. ) ;
#3468 = CARTESIAN_POINT ( 'NONE',  ( -50.00000000000000000, 90.00000000000000000, 0.000000000000000000 ) ) ;
#3469 = VERTEX_POINT ( 'NONE', #5538 ) ;
#3470 = CARTESIAN_POINT ( 'NONE',  ( -117.7027703147018372, -33.34178194375506621, 4.500000000000019540 ) ) ;
#3471 = VECTOR ( 'NONE', #7258, 1000.000000000000000 ) ;
#3472 = FACE_OUTER_BOUND ( 'NONE', #1739, .T. ) ;
#3473 = EDGE_CURVE ( 'NONE', #1361, #5821, #4748, .T. ) ;
#3474 = CARTESIAN_POINT ( 'NONE',  ( 86.42551403682583100, 114.9255140368258310, 6.000000000000000000 ) ) ;
#3475 = EDGE_CURVE ( 'NONE', #2682, #818, #1952, .T. ) ;
#3476 = DIRECTION ( 'NONE',  ( 0.000000000000000000, -0.000000000000000000, -1.000000000000000000 ) ) ;
#3477 = ORIENTED_EDGE ( 'NONE', *, *, #1341, .T. ) ;
#3478 = CIRCLE ( 'NONE', #7882, 32.75000000000001421 ) ;
#3479 = DIRECTION ( 'NONE',  ( 1.000000000000000000, -3.700743415417185102E-14, 0.000000000000000000 ) ) ;
#3480 = LINE ( 'NONE', #5034, #8686 ) ;
#3481 = CIRCLE ( 'NONE', #5101, 1.500000000000001332 ) ;
#3482 = ORIENTED_EDGE ( 'NONE', *, *, #6601, .T. ) ;
#3483 = VECTOR ( 'NONE', #2000, 1000.000000000000000 ) ;
#3484 = VERTEX_POINT ( 'NONE', #6278 ) ;
#3485 = CARTESIAN_POINT ( 'NONE',  ( 31.59380834829025986, -124.6666209613877072, 4.499999999999929834 ) ) ;
#3486 = DIRECTION ( 'NONE',  ( 1.000000000000000000, 0.000000000000000000, 0.000000000000000000 ) ) ;
#3487 = DIRECTION ( 'NONE',  ( 1.000000000000000000, 3.389993968321087219E-15, 0.000000000000000000 ) ) ;
#3488 = EDGE_LOOP ( 'NONE', ( #3027, #8390, #7103, #8355 ) ) ;
#3489 = CONICAL_SURFACE ( 'NONE', #5251, 1.500000000000015099, 0.7853981633974640442 ) ;
#3490 = ORIENTED_EDGE ( 'NONE', *, *, #1956, .T. ) ;
#3491 = DIRECTION ( 'NONE',  ( 1.000000000000000000, 0.000000000000000000, 0.000000000000000000 ) ) ;
#3492 = DIRECTION ( 'NONE',  ( 1.000000000000000000, 0.000000000000000000, 0.000000000000000000 ) ) ;
#3493 = AXIS2_PLACEMENT_3D ( 'NONE', #6859, #8287, #2621 ) ;
#3494 = ORIENTED_EDGE ( 'NONE', *, *, #1129, .T. ) ;
#3495 = CONICAL_SURFACE ( 'NONE', #5399, 1.500000000000056843, 0.7853981633974442822 ) ;
#3496 = CARTESIAN_POINT ( 'NONE',  ( -66.37337990447259983, 19.48711634798153725, 2.000000000000000000 ) ) ;
#3497 = DIRECTION ( 'NONE',  ( -0.3315959982864496447, -0.6245351022323779588, -0.7071067811865519026 ) ) ;
#3498 = EDGE_LOOP ( 'NONE', ( #3176, #1932, #7993, #1632 ) ) ;
#3499 = EDGE_LOOP ( 'NONE', ( #4122, #8574, #4740, #7268 ) ) ;
#3500 = ORIENTED_EDGE ( 'NONE', *, *, #7636, .T. ) ;
#3501 = CARTESIAN_POINT ( 'NONE',  ( 133.1666209613877925, 18.40619165170996041, 2.000000000000000000 ) ) ;
#3502 = FACE_OUTER_BOUND ( 'NONE', #7572, .T. ) ;
#3503 = EDGE_CURVE ( 'NONE', #4685, #3454, #602, .T. ) ;
#3504 = DIRECTION ( 'NONE',  ( -1.000000000000000000, 0.000000000000000000, 0.000000000000000000 ) ) ;
#3505 = CARTESIAN_POINT ( 'NONE',  ( -134.2050867429100549, 119.9244802719919392, 4.500000000000054179 ) ) ;
#3506 = CARTESIAN_POINT ( 'NONE',  ( 34.12148193071288915, 58.52882010595532591, 2.000000000000000000 ) ) ;
#3507 = CARTESIAN_POINT ( 'NONE',  ( -180.9394902502119180, 75.30951181692596208, 2.000000000000000000 ) ) ;
#3508 = ORIENTED_EDGE ( 'NONE', *, *, #3336, .T. ) ;
#3509 = CARTESIAN_POINT ( 'NONE',  ( -17.18962096152796448, 106.5541996892569472, 4.499999999999929834 ) ) ;
#3510 = FACE_OUTER_BOUND ( 'NONE', #7358, .T. ) ;
#3511 = DIRECTION ( 'NONE',  ( 0.000000000000000000, 0.000000000000000000, 1.000000000000000000 ) ) ;
#3512 = DIRECTION ( 'NONE',  ( 0.000000000000000000, -0.000000000000000000, -1.000000000000000000 ) ) ;
#3513 = FACE_OUTER_BOUND ( 'NONE', #6423, .T. ) ;
#3514 = CARTESIAN_POINT ( 'NONE',  ( -24.92551403682574573, -24.92551403682584876, 2.000000000000000000 ) ) ;
#3515 = ORIENTED_EDGE ( 'NONE', *, *, #4533, .T. ) ;
#3516 = CYLINDRICAL_SURFACE ( 'NONE', #5031, 3.299999999999998934 ) ;
#3517 = EDGE_CURVE ( 'NONE', #8090, #8372, #5582, .T. ) ;
#3518 = EDGE_CURVE ( 'NONE', #8175, #2114, #1154, .T. ) ;
#3519 = DIRECTION ( 'NONE',  ( 0.000000000000000000, -0.000000000000000000, -1.000000000000000000 ) ) ;
#3520 = ORIENTED_EDGE ( 'NONE', *, *, #4908, .T. ) ;
#3521 = EDGE_CURVE ( 'NONE', #2549, #3658, #2627, .T. ) ;
#3522 = EDGE_LOOP ( 'NONE', ( #8668, #6333, #2165, #3482 ) ) ;
#3523 = FACE_OUTER_BOUND ( 'NONE', #215, .T. ) ;
#3524 = FACE_OUTER_BOUND ( 'NONE', #8105, .T. ) ;
#3525 = CYLINDRICAL_SURFACE ( 'NONE', #664, 1.500000000000001332 ) ;
#3526 = ORIENTED_EDGE ( 'NONE', *, *, #4829, .F. ) ;
#3527 = ORIENTED_EDGE ( 'NONE', *, *, #2185, .F. ) ;
#3528 = DIRECTION ( 'NONE',  ( -0.000000000000000000, -0.000000000000000000, -1.000000000000000000 ) ) ;
#3529 = CYLINDRICAL_SURFACE ( 'NONE', #2237, 37.75000000000000711 ) ;
#3530 = EDGE_CURVE ( 'NONE', #8715, #8936, #1696, .T. ) ;
#3531 = ORIENTED_EDGE ( 'NONE', *, *, #3965, .T. ) ;
#3532 = EDGE_CURVE ( 'NONE', #8380, #3341, #2242, .T. ) ;
#3533 = EDGE_CURVE ( 'NONE', #5401, #4409, #7824, .T. ) ;
#3534 = VECTOR ( 'NONE', #638, 1000.000000000000000 ) ;
#3535 = CYLINDRICAL_SURFACE ( 'NONE', #4168, 5.500000000000005329 ) ;
#3536 = DIRECTION ( 'NONE',  ( 1.000000000000000000, 0.000000000000000000, 0.000000000000000000 ) ) ;
#3537 = ORIENTED_EDGE ( 'NONE', *, *, #6513, .F. ) ;
#3538 = ORIENTED_EDGE ( 'NONE', *, *, #1308, .T. ) ;
#3539 = ORIENTED_EDGE ( 'NONE', *, *, #5220, .T. ) ;
#3540 = DIRECTION ( 'NONE',  ( 1.000000000000000000, 0.000000000000000000, 0.000000000000000000 ) ) ;
#3541 = DIRECTION ( 'NONE',  ( 1.000000000000000000, 0.000000000000000000, 0.000000000000000000 ) ) ;
#3542 = VERTEX_POINT ( 'NONE', #3080 ) ;
#3543 = DIRECTION ( 'NONE',  ( 0.000000000000000000, -0.000000000000000000, -1.000000000000000000 ) ) ;
#3544 = CARTESIAN_POINT ( 'NONE',  ( 84.92551403682577416, 114.9255140368258310, 4.499999999999936051 ) ) ;
#3545 = AXIS2_PLACEMENT_3D ( 'NONE', #127, #8535, #2225 ) ;
#3546 = DIRECTION ( 'NONE',  ( 1.000000000000000000, 0.000000000000000000, 0.000000000000000000 ) ) ;
#3547 = CARTESIAN_POINT ( 'NONE',  ( -23.30671901020783920, -63.30671901020773618, 6.000000000000000000 ) ) ;
#3548 = ORIENTED_EDGE ( 'NONE', *, *, #2010, .F. ) ;
#3549 = AXIS2_PLACEMENT_3D ( 'NONE', #5418, #6196, #9006 ) ;
#3550 = CARTESIAN_POINT ( 'NONE',  ( -74.92551403682574573, 65.07448596317415479, 6.000000000000000000 ) ) ;
#3551 = DIRECTION ( 'NONE',  ( -0.000000000000000000, -0.000000000000000000, 1.000000000000000000 ) ) ;
#3552 = CIRCLE ( 'NONE', #8254, 30.25000000000000000 ) ;
#3553 = AXIS2_PLACEMENT_3D ( 'NONE', #4227, #6295, #2827 ) ;
#3554 = DIRECTION ( 'NONE',  ( -0.000000000000000000, -0.000000000000000000, 1.000000000000000000 ) ) ;
#3555 = CARTESIAN_POINT ( 'NONE',  ( -24.92551403682574573, -24.92551403682584876, 4.499999999999929834 ) ) ;
#3556 = DIRECTION ( 'NONE',  ( 0.000000000000000000, 0.000000000000000000, 1.000000000000000000 ) ) ;
#3557 = ORIENTED_EDGE ( 'NONE', *, *, #1064, .T. ) ;
#3558 = CARTESIAN_POINT ( 'NONE',  ( -173.1577470838593342, -113.1577470838594905, 4.499999999999950262 ) ) ;
#3559 = DIRECTION ( 'NONE',  ( 0.000000000000000000, -0.000000000000000000, -1.000000000000000000 ) ) ;
#3560 = ORIENTED_EDGE ( 'NONE', *, *, #8699, .T. ) ;
#3561 = CIRCLE ( 'NONE', #8698, 1.500000000000001332 ) ;
#3562 = CARTESIAN_POINT ( 'NONE',  ( 0.000000000000000000, -124.9999999999999574, 6.000000000000000000 ) ) ;
#3563 = AXIS2_PLACEMENT_3D ( 'NONE', #2728, #4987, #4895 ) ;
#3564 = DIRECTION ( 'NONE',  ( -0.000000000000000000, -0.000000000000000000, -1.000000000000000000 ) ) ;
#3565 = AXIS2_PLACEMENT_3D ( 'NONE', #1061, #3226, #6820 ) ;
#3566 = EDGE_LOOP ( 'NONE', ( #2603, #6753, #577 ) ) ;
#3567 = CIRCLE ( 'NONE', #7829, 35.25000000000000000 ) ;
#3568 = EDGE_LOOP ( 'NONE', ( #6801, #6430, #6220, #1847 ) ) ;
#3569 = CARTESIAN_POINT ( 'NONE',  ( -16.83337903861228213, -71.59380834828998275, 6.000000000000000000 ) ) ;
#3570 = DIRECTION ( 'NONE',  ( 1.000000000000000000, -3.700743415417185102E-14, 0.000000000000000000 ) ) ;
#3571 = EDGE_CURVE ( 'NONE', #2114, #8243, #3260, .T. ) ;
#3572 = AXIS2_PLACEMENT_3D ( 'NONE', #4717, #2676, #4023 ) ;
#3573 = CARTESIAN_POINT ( 'NONE',  ( -32.81037903847209947, -16.55419968925694008, 6.000000000000000000 ) ) ;
#3574 = ORIENTED_EDGE ( 'NONE', *, *, #4412, .T. ) ;
#3575 = VERTEX_POINT ( 'NONE', #8559 ) ;
#3576 = CARTESIAN_POINT ( 'NONE',  ( -31.47117989404461724, -15.87851806928724763, 2.000000000000000000 ) ) ;
#3577 = DIRECTION ( 'NONE',  ( -0.000000000000000000, -0.000000000000000000, -1.000000000000000000 ) ) ;
#3578 = EDGE_CURVE ( 'NONE', #4857, #3304, #1791, .T. ) ;
#3579 = EDGE_CURVE ( 'NONE', #354, #1303, #5035, .T. ) ;
#3580 = VECTOR ( 'NONE', #1882, 1000.000000000000000 ) ;
#3581 = CIRCLE ( 'NONE', #7107, 1.500000000000001332 ) ;
#3582 = ORIENTED_EDGE ( 'NONE', *, *, #650, .T. ) ;
#3583 = AXIS2_PLACEMENT_3D ( 'NONE', #8138, #7535, #8047 ) ;
#3584 = VECTOR ( 'NONE', #8929, 1000.000000000000000 ) ;
#3585 = CARTESIAN_POINT ( 'NONE',  ( 100.0000000000001137, 2.775557561562891351E-14, 6.000000000000000000 ) ) ;
#3586 = EDGE_CURVE ( 'NONE', #4173, #6184, #7701, .T. ) ;
#3587 = DIRECTION ( 'NONE',  ( 1.000000000000000000, 0.000000000000000000, 0.000000000000000000 ) ) ;
#3588 = ORIENTED_EDGE ( 'NONE', *, *, #3578, .T. ) ;
#3589 = EDGE_LOOP ( 'NONE', ( #8037, #4718, #1093, #5372, #4835 ) ) ;
#3590 = AXIS2_PLACEMENT_3D ( 'NONE', #7141, #827, #3648 ) ;
#3591 = ORIENTED_EDGE ( 'NONE', *, *, #2292, .T. ) ;
#3592 = AXIS2_PLACEMENT_3D ( 'NONE', #4504, #138, #766 ) ;
#3593 = CARTESIAN_POINT ( 'NONE',  ( 150.0000000000001137, -89.99999999999998579, 4.499999999999929834 ) ) ;
#3594 = ADVANCED_FACE ( 'NONE', ( #4417 ), #237, .T. ) ;
#3595 = FACE_OUTER_BOUND ( 'NONE', #5795, .T. ) ;
#3596 = CIRCLE ( 'NONE', #1972, 37.75000000000000711 ) ;
#3597 = DIRECTION ( 'NONE',  ( 1.000000000000000000, 0.000000000000000000, 0.000000000000000000 ) ) ;
#3598 = DIRECTION ( 'NONE',  ( 1.000000000000000000, 0.000000000000000000, 0.000000000000000000 ) ) ;
#3599 = CARTESIAN_POINT ( 'NONE',  ( -30.51288365201852670, -56.37337990447250036, 2.000000000000000000 ) ) ;
#3600 = DIRECTION ( 'NONE',  ( 0.000000000000000000, 0.000000000000000000, 1.000000000000000000 ) ) ;
#3601 = VERTEX_POINT ( 'NONE', #8653 ) ;
#3602 = CIRCLE ( 'NONE', #224, 32.75000000000001421 ) ;
#3603 = CARTESIAN_POINT ( 'NONE',  ( 67.64611025633102770, 121.7819183860834613, 2.000000000000000000 ) ) ;
#3604 = CARTESIAN_POINT ( 'NONE',  ( 9.036699037646624067E-15, -140.0000000000000000, 6.000000000000000000 ) ) ;
#3605 = AXIS2_PLACEMENT_3D ( 'NONE', #8504, #7810, #2750 ) ;
#3606 = VECTOR ( 'NONE', #8434, 1000.000000000000000 ) ;
#3607 = CARTESIAN_POINT ( 'NONE',  ( 205.0000000000000000, 129.9999999999999716, 0.000000000000000000 ) ) ;
#3608 = DIRECTION ( 'NONE',  ( -1.000000000000000000, 0.000000000000000000, 0.000000000000000000 ) ) ;
#3609 = DIRECTION ( 'NONE',  ( 0.000000000000000000, -0.000000000000000000, -1.000000000000000000 ) ) ;
#3610 = ORIENTED_EDGE ( 'NONE', *, *, #486, .T. ) ;
#3611 = FACE_OUTER_BOUND ( 'NONE', #6915, .T. ) ;
#3612 = DIRECTION ( 'NONE',  ( -0.000000000000000000, -0.000000000000000000, -1.000000000000000000 ) ) ;
#3613 = ORIENTED_EDGE ( 'NONE', *, *, #936, .T. ) ;
#3614 = DIRECTION ( 'NONE',  ( 0.000000000000000000, -0.000000000000000000, -1.000000000000000000 ) ) ;
#3615 = DIRECTION ( 'NONE',  ( -1.000000000000000000, 0.000000000000000000, 0.000000000000000000 ) ) ;
#3616 = ORIENTED_EDGE ( 'NONE', *, *, #3473, .T. ) ;
#3617 = ORIENTED_EDGE ( 'NONE', *, *, #4530, .F. ) ;
#3618 = ADVANCED_FACE ( 'NONE', ( #7320 ), #7953, .F. ) ;
#3619 = CIRCLE ( 'NONE', #1997, 11.49999999999996803 ) ;
#3620 = ORIENTED_EDGE ( 'NONE', *, *, #5547, .F. ) ;
#3621 = DIRECTION ( 'NONE',  ( -0.000000000000000000, -0.000000000000000000, -1.000000000000000000 ) ) ;
#3622 = DIRECTION ( 'NONE',  ( -0.000000000000000000, 0.000000000000000000, 1.000000000000000000 ) ) ;
#3623 = AXIS2_PLACEMENT_3D ( 'NONE', #2197, #7119, #851 ) ;
#3624 = DIRECTION ( 'NONE',  ( 1.000000000000000000, 0.000000000000000000, 0.000000000000000000 ) ) ;
#3625 = EDGE_LOOP ( 'NONE', ( #9069, #5172 ) ) ;
#3626 = ORIENTED_EDGE ( 'NONE', *, *, #875, .T. ) ;
#3627 = VERTEX_POINT ( 'NONE', #905 ) ;
#3628 = FACE_OUTER_BOUND ( 'NONE', #2502, .T. ) ;
#3629 = CLOSED_SHELL ( 'NONE', ( #1192, #6204, #6609, #7573, #7468, #7862, #6318, #6665, #5982, #5425, #7790, #8121, #7458, #8062, #5608, #2570, #1599, #3257, #6240, #3071, #2110, #5716, #7063, #6032, #359, #4379, #7450, #895, #7689, #1311, #3028, #2456, #268, #6256, #5924, #1744, #8528, #1098, #8132, #2665, #4366, #7394, #8227, #8803, #8921, #3033, #6898, #6251, #314, #6706, #677, #2290, #6217, #2054, #3293, #4593, #1803, #8196, #6449, #3904, #3062, #4133, #6448, #3618, #5604, #4038, #7631, #1357, #6521, #3864, #3172, #2022, #3959, #3298, #7908, #4471, #4475, #3654, #8952, #4831, #7963, #641, #3179, #1989, #1145, #4060, #6108, #1670, #5474, #8365, #545, #1488, #2616, #8582, #734, #1723, #7074, #3396, #7393, #3677, #5920, #3132, #202, #2380, #6099, #3695, #1628, #3233, #1547, #4589, #6215, #2006, #828, #7300, #8531, #4986, #2333, #4415, #7274, #5157, #157, #3754, #2388, #7137, #1269, #3705, #8065, #7072, #1045, #4985, #3211, #5882, #4255, #8926, #3229, #6726, #8850, #2503, #4371, #1629, #6046, #2654, #5437, #5659, #4213, #3756, #6664, #8159, #106, #6047, #2703, #3752, #865, #1817, #1286, #2491, #8374, #4708, #7194, #2261, #3671, #6402, #7015, #2347, #1924, #4826, #4705, #7233, #2423, #8295, #2794, #2778, #6332, #5668, #1581, #4778, #2005, #6573, #2609, #8689, #8598, #7861, #2217, #7600, #5049, #7462, #3346, #4944, #871, #6158, #6996, #6303, #7297, #1063, #2060, #3011, #1309, #5037, #9035, #4497, #304, #3398, #4534, #7135, #5439, #4092, #7672, #2565, #6156, #7185, #1417, #6223, #3052, #3373, #8747, #375, #2662, #5720, #3739, #409, #8013, #4006, #2064, #3594, #8651, #2839, #8239, #7755, #8231, #1027, #5243, #3322, #8102, #278, #1301, #1764, #4990, #5255, #7841, #5054, #8066, #7345, #6296, #5999, #7685, #6122, #8184, #8139, #1382, #7624, #3397, #4575, #1374, #747, #243, #4737, #8982, #4251, #7409, #921, #874, #2908, #4714, #7571, #988, #4980, #8838, #1418, #420, #662, #4221, #7543, #972, #7182, #3814, #1865, #6345, #5937, #4368, #7802, #643, #4144, #6458, #8515, #1929, #8854, #743, #5202, #6281, #6123, #2933, #7228, #8588, #2658, #3406, #6265, #8641, #9096, #8687, #4383, #8969, #5366, #6115, #1830, #3684, #2009, #3972, #1893, #5207, #6157, #7738, #6787, #7326, #4453, #6341 ) ) ;
#3630 = ORIENTED_EDGE ( 'NONE', *, *, #7788, .T. ) ;
#3631 = EDGE_CURVE ( 'NONE', #8060, #1118, #5629, .T. ) ;
#3632 = CONICAL_SURFACE ( 'NONE', #532, 10.00000000000000888, 0.7853981633974477239 ) ;
#3633 = CIRCLE ( 'NONE', #249, 39.24999999999995737 ) ;
#3634 = CARTESIAN_POINT ( 'NONE',  ( 100.0000000000001137, 2.775557561562891351E-14, 2.000000000000000000 ) ) ;
#3635 = ORIENTED_EDGE ( 'NONE', *, *, #6591, .F. ) ;
#3636 = DIRECTION ( 'NONE',  ( 1.000000000000000000, 0.000000000000000000, 0.000000000000000000 ) ) ;
#3637 = ORIENTED_EDGE ( 'NONE', *, *, #4879, .F. ) ;
#3638 = ORIENTED_EDGE ( 'NONE', *, *, #1551, .T. ) ;
#3639 = AXIS2_PLACEMENT_3D ( 'NONE', #2666, #7640, #644 ) ;
#3640 = DIRECTION ( 'NONE',  ( 1.000000000000000000, 0.000000000000000000, 0.000000000000000000 ) ) ;
#3641 = CARTESIAN_POINT ( 'NONE',  ( -120.4155239213300632, 104.0471091385598470, 2.000000000000000000 ) ) ;
#3642 = EDGE_CURVE ( 'NONE', #6544, #7155, #3858, .T. ) ;
#3643 = AXIS2_PLACEMENT_3D ( 'NONE', #8976, #3359, #7046 ) ;
#3644 = EDGE_CURVE ( 'NONE', #5036, #1921, #7978, .T. ) ;
#3645 = EDGE_CURVE ( 'NONE', #9029, #6260, #3820, .T. ) ;
#3646 = EDGE_CURVE ( 'NONE', #7715, #1380, #2977, .T. ) ;
#3647 = FACE_BOUND ( 'NONE', #757, .T. ) ;
#3648 = DIRECTION ( 'NONE',  ( 1.000000000000000000, 0.000000000000000000, 0.000000000000000000 ) ) ;
#3649 = CARTESIAN_POINT ( 'NONE',  ( 3.081487911019577365E-30, 125.0000000000000568, 4.000000000000000000 ) ) ;
#3650 = CARTESIAN_POINT ( 'NONE',  ( 50.00000000000000000, 90.00000000000000000, 2.000000000000000000 ) ) ;
#3651 = ORIENTED_EDGE ( 'NONE', *, *, #1556, .T. ) ;
#3652 = CARTESIAN_POINT ( 'NONE',  ( 119.0605097497882099, -104.6904881830741942, 2.000000000000000000 ) ) ;
#3653 = DIRECTION ( 'NONE',  ( 1.000000000000000000, -1.387778780781444413E-14, 0.000000000000000000 ) ) ;
#3654 = ADVANCED_FACE ( 'NONE', ( #4893 ), #1388, .F. ) ;
#3655 = ORIENTED_EDGE ( 'NONE', *, *, #3914, .T. ) ;
#3656 = CARTESIAN_POINT ( 'NONE',  ( -119.0605097497880678, -75.30951181692573471, 4.499999999999950262 ) ) ;
#3657 = DIRECTION ( 'NONE',  ( 1.000000000000000000, 0.000000000000000000, 0.000000000000000000 ) ) ;
#3658 = VERTEX_POINT ( 'NONE', #699 ) ;
#3659 = LINE ( 'NONE', #4299, #1563 ) ;
#3660 = CARTESIAN_POINT ( 'NONE',  ( -84.66662096138759352, -108.4061916517099320, 4.500000000000033751 ) ) ;
#3661 = ORIENTED_EDGE ( 'NONE', *, *, #8125, .F. ) ;
#3662 = DIRECTION ( 'NONE',  ( 0.000000000000000000, 0.000000000000000000, 1.000000000000000000 ) ) ;
#3663 = DIRECTION ( 'NONE',  ( 0.000000000000000000, -0.000000000000000000, -1.000000000000000000 ) ) ;
#3664 = EDGE_LOOP ( 'NONE', ( #2826, #6152, #6817, #2543 ) ) ;
#3665 = ORIENTED_EDGE ( 'NONE', *, *, #7905, .F. ) ;
#3666 = CARTESIAN_POINT ( 'NONE',  ( 36.75000000000005684, 0.000000000000000000, 6.000000000000000000 ) ) ;
#3667 = FACE_OUTER_BOUND ( 'NONE', #8264, .T. ) ;
#3668 = FACE_OUTER_BOUND ( 'NONE', #6690, .T. ) ;
#3669 = DIRECTION ( 'NONE',  ( -0.000000000000000000, -0.000000000000000000, -1.000000000000000000 ) ) ;
#3670 = ORIENTED_EDGE ( 'NONE', *, *, #6558, .F. ) ;
#3671 = ADVANCED_FACE ( 'NONE', ( #3647, #6487 ), #2940, .T. ) ;
#3672 = FACE_OUTER_BOUND ( 'NONE', #6075, .T. ) ;
#3673 = ORIENTED_EDGE ( 'NONE', *, *, #3808, .F. ) ;
#3674 = DIRECTION ( 'NONE',  ( 1.000000000000000000, 0.000000000000000000, 0.000000000000000000 ) ) ;
#3675 = CARTESIAN_POINT ( 'NONE',  ( 150.0000000000001137, -89.99999999999998579, 6.000000000000000000 ) ) ;
#3676 = EDGE_LOOP ( 'NONE', ( #5634, #2322, #6111 ) ) ;
#3677 = ADVANCED_FACE ( 'NONE', ( #3996 ), #5420, .F. ) ;
#3678 = CARTESIAN_POINT ( 'NONE',  ( -205.0000000000000000, 139.9999999999999716, 0.000000000000000000 ) ) ;
#3679 = CARTESIAN_POINT ( 'NONE',  ( -16.55419968925679086, -32.81037903847211368, 2.000000000000000000 ) ) ;
#3680 = COLOUR_RGB ( '',0.7921568627450980005, 0.8196078431372548767, 0.9333333333333333481 ) ;
#3681 = CARTESIAN_POINT ( 'NONE',  ( -74.92551403682574573, 65.07448596317415479, 6.000000000000000000 ) ) ;
#3682 = DIRECTION ( 'NONE',  ( 1.000000000000000000, 0.000000000000000000, 0.000000000000000000 ) ) ;
#3683 = CARTESIAN_POINT ( 'NONE',  ( -194.5000000000000000, 125.0000000000000568, 6.000000000000000000 ) ) ;
#3684 = ADVANCED_FACE ( 'NONE', ( #4697 ), #6518, .T. ) ;
#3685 = CARTESIAN_POINT ( 'NONE',  ( 74.92551403682575994, 114.9255140368258310, 2.000000000000000000 ) ) ;
#3686 = ORIENTED_EDGE ( 'NONE', *, *, #8427, .T. ) ;
#3687 = PRESENTATION_LAYER_ASSIGNMENT (  '', '', ( #7801 ) ) ;
#3688 = CARTESIAN_POINT ( 'NONE',  ( -66.83337903861232121, 18.40619165170993199, 6.000000000000000000 ) ) ;
#3689 = EDGE_CURVE ( 'NONE', #3171, #8784, #8781, .T. ) ;
#3690 = CARTESIAN_POINT ( 'NONE',  ( 180.9394902502120033, -75.30951181692574892, 6.000000000000000000 ) ) ;
#3691 = EDGE_CURVE ( 'NONE', #8243, #4138, #8874, .T. ) ;
#3692 = DIRECTION ( 'NONE',  ( 1.000000000000000000, 0.000000000000000000, 0.000000000000000000 ) ) ;
#3693 = DIRECTION ( 'NONE',  ( 1.000000000000000000, 0.000000000000000000, 0.000000000000000000 ) ) ;
#3694 = AXIS2_PLACEMENT_3D ( 'NONE', #1734, #8045, #2510 ) ;
#3695 = ADVANCED_FACE ( 'NONE', ( #7452 ), #1736, .F. ) ;
#3696 = VERTEX_POINT ( 'NONE', #4739 ) ;
#3697 = CARTESIAN_POINT ( 'NONE',  ( -49.99999999999993605, -89.99999999999997158, 2.000000000000000000 ) ) ;
#3698 = CARTESIAN_POINT ( 'NONE',  ( 25.07448596317426137, 65.07448596317414058, 2.000000000000000000 ) ) ;
#3699 = ORIENTED_EDGE ( 'NONE', *, *, #3689, .F. ) ;
#3700 = DIRECTION ( 'NONE',  ( 0.000000000000000000, -0.000000000000000000, -1.000000000000000000 ) ) ;
#3701 = EDGE_CURVE ( 'NONE', #5394, #7585, #5193, .T. ) ;
#3702 = CIRCLE ( 'NONE', #8547, 9.999999999999994671 ) ;
#3703 = CARTESIAN_POINT ( 'NONE',  ( -200.0000000000000000, -124.9999999999999574, 4.000000000000000000 ) ) ;
#3704 = AXIS2_PLACEMENT_3D ( 'NONE', #9104, #4273, #5562 ) ;
#3705 = ADVANCED_FACE ( 'NONE', ( #3301 ), #3953, .F. ) ;
#3706 = VERTEX_POINT ( 'NONE', #3167 ) ;
#3707 = CARTESIAN_POINT ( 'NONE',  ( -50.00000000000000000, 90.00000000000000000, 2.000000000000000000 ) ) ;
#3708 = DIRECTION ( 'NONE',  ( 0.000000000000000000, -0.000000000000000000, -1.000000000000000000 ) ) ;
#3709 = CARTESIAN_POINT ( 'NONE',  ( -50.00000000000000000, 90.00000000000000000, 2.000000000000000000 ) ) ;
#3710 = DIRECTION ( 'NONE',  ( 1.000000000000000000, 0.000000000000000000, 0.000000000000000000 ) ) ;
#3711 = AXIS2_PLACEMENT_3D ( 'NONE', #3707, #3060, #8669 ) ;
#3712 = ORIENTED_EDGE ( 'NONE', *, *, #2669, .T. ) ;
#3713 = CIRCLE ( 'NONE', #3565, 37.75000000000000711 ) ;
#3714 = CARTESIAN_POINT ( 'NONE',  ( -126.6932809897921572, -26.69328098979219632, 6.000000000000000000 ) ) ;
#3715 = VERTEX_POINT ( 'NONE', #2473 ) ;
#3716 = VECTOR ( 'NONE', #3266, 1000.000000000000000 ) ;
#3717 = AXIS2_PLACEMENT_3D ( 'NONE', #8659, #876, #4524 ) ;
#3718 = VECTOR ( 'NONE', #279, 1000.000000000000114 ) ;
#3719 = DIRECTION ( 'NONE',  ( -1.000000000000000000, 0.000000000000000000, 0.000000000000000000 ) ) ;
#3720 = DIRECTION ( 'NONE',  ( -1.000000000000000000, 0.000000000000000000, 0.000000000000000000 ) ) ;
#3721 = ORIENTED_EDGE ( 'NONE', *, *, #4908, .F. ) ;
#3722 = AXIS2_PLACEMENT_3D ( 'NONE', #3407, #5484, #1988 ) ;
#3723 = ORIENTED_EDGE ( 'NONE', *, *, #7883, .F. ) ;
#3724 = CARTESIAN_POINT ( 'NONE',  ( -120.0755197280079756, -74.20508674291026807, 2.000000000000000000 ) ) ;
#3725 = AXIS2_PLACEMENT_3D ( 'NONE', #2714, #3543, #5673 ) ;
#3726 = FACE_OUTER_BOUND ( 'NONE', #1727, .T. ) ;
#3727 = VECTOR ( 'NONE', #7681, 1000.000000000000000 ) ;
#3728 = EDGE_CURVE ( 'NONE', #4491, #192, #5287, .T. ) ;
#3729 = CIRCLE ( 'NONE', #6072, 1.500000000000001332 ) ;
#3730 = CARTESIAN_POINT ( 'NONE',  ( 24.92551403682575284, 24.92551403682584166, 4.499999999999929834 ) ) ;
#3731 = VECTOR ( 'NONE', #3109, 1000.000000000000000 ) ;
#3732 = CARTESIAN_POINT ( 'NONE',  ( -3.299999999999999822, 125.0000000000000568, 4.000000000000000000 ) ) ;
#3733 = DIRECTION ( 'NONE',  ( -0.000000000000000000, -0.000000000000000000, 1.000000000000000000 ) ) ;
#3734 = LINE ( 'NONE', #5752, #6862 ) ;
#3735 = ORIENTED_EDGE ( 'NONE', *, *, #6953, .F. ) ;
#3736 = DIRECTION ( 'NONE',  ( 1.000000000000000000, 0.000000000000000000, 0.000000000000000000 ) ) ;
#3737 = CONICAL_SURFACE ( 'NONE', #5208, 1.500000000000056843, 0.7853981633974426169 ) ;
#3738 = AXIS2_PLACEMENT_3D ( 'NONE', #3234, #6036, #7477 ) ;
#3739 = ADVANCED_FACE ( 'NONE', ( #3212 ), #1089, .T. ) ;
#3740 = VERTEX_POINT ( 'NONE', #544 ) ;
#3741 = FACE_OUTER_BOUND ( 'NONE', #298, .T. ) ;
#3742 = EDGE_CURVE ( 'NONE', #7634, #7581, #488, .T. ) ;
#3743 = DIRECTION ( 'NONE',  ( 0.000000000000000000, 0.000000000000000000, 1.000000000000000000 ) ) ;
#3744 = VECTOR ( 'NONE', #5444, 1000.000000000000114 ) ;
#3745 = DIRECTION ( 'NONE',  ( 0.000000000000000000, -0.000000000000000000, -1.000000000000000000 ) ) ;
#3746 = CARTESIAN_POINT ( 'NONE',  ( 0.000000000000000000, -124.9999999999999574, 4.000000000000000000 ) ) ;
#3747 = ORIENTED_EDGE ( 'NONE', *, *, #46, .T. ) ;
#3748 = CARTESIAN_POINT ( 'NONE',  ( -137.7499999999999716, 0.000000000000000000, 4.500000000000019540 ) ) ;
#3749 = CIRCLE ( 'NONE', #1684, 34.24999999999998579 ) ;
#3750 = CARTESIAN_POINT ( 'NONE',  ( -164.0471091385601312, 60.41552392133032612, 2.000000000000000000 ) ) ;
#3751 = ORIENTED_EDGE ( 'NONE', *, *, #8550, .T. ) ;
#3752 = ADVANCED_FACE ( 'NONE', ( #8087 ), #5971, .F. ) ;
#3753 = ORIENTED_EDGE ( 'NONE', *, *, #1835, .T. ) ;
#3754 = ADVANCED_FACE ( 'NONE', ( #2433 ), #5244, .F. ) ;
#3755 = CARTESIAN_POINT ( 'NONE',  ( 179.4394902502120033, -75.30951181692573471, 2.000000000000000000 ) ) ;
#3756 = ADVANCED_FACE ( 'NONE', ( #4551 ), #1780, .F. ) ;
#3757 = DIRECTION ( 'NONE',  ( 0.000000000000000000, -0.000000000000000000, -1.000000000000000000 ) ) ;
#3758 = LINE ( 'NONE', #7207, #103 ) ;
#3759 = CARTESIAN_POINT ( 'NONE',  ( 50.00000000000000000, 90.00000000000000000, 6.000000000000000000 ) ) ;
#3760 = ORIENTED_EDGE ( 'NONE', *, *, #5843, .F. ) ;
#3761 = ORIENTED_EDGE ( 'NONE', *, *, #2729, .T. ) ;
#3762 = VECTOR ( 'NONE', #7279, 1000.000000000000000 ) ;
#3763 = DIRECTION ( 'NONE',  ( 1.000000000000000000, 0.000000000000000000, 0.000000000000000000 ) ) ;
#3764 = AXIS2_PLACEMENT_3D ( 'NONE', #8036, #348, #5956 ) ;
#3765 = ORIENTED_EDGE ( 'NONE', *, *, #1540, .T. ) ;
#3766 = AXIS2_PLACEMENT_3D ( 'NONE', #2414, #7340, #5228 ) ;
#3767 = DIRECTION ( 'NONE',  ( -0.000000000000000000, -0.000000000000000000, 1.000000000000000000 ) ) ;
#3768 = FACE_OUTER_BOUND ( 'NONE', #2068, .T. ) ;
#3769 = EDGE_LOOP ( 'NONE', ( #8855, #682, #3049, #5697 ) ) ;
#3770 = AXIS2_PLACEMENT_3D ( 'NONE', #346, #3892, #1071 ) ;
#3771 = ORIENTED_EDGE ( 'NONE', *, *, #4373, .F. ) ;
#3772 = CARTESIAN_POINT ( 'NONE',  ( -203.3000000000000114, 125.0000000000000568, 4.000000000000000000 ) ) ;
#3773 = DIRECTION ( 'NONE',  ( 1.000000000000000000, 0.000000000000000000, 0.000000000000000000 ) ) ;
#3774 = AXIS2_PLACEMENT_3D ( 'NONE', #2775, #4900, #8445 ) ;
#3775 = DIRECTION ( 'NONE',  ( -0.000000000000000000, -0.000000000000000000, -1.000000000000000000 ) ) ;
#3776 = CIRCLE ( 'NONE', #1121, 32.75000000000002132 ) ;
#3777 = EDGE_LOOP ( 'NONE', ( #8266, #4623, #8951, #1043, #7590 ) ) ;
#3778 = DIRECTION ( 'NONE',  ( 1.000000000000000000, 0.000000000000000000, 0.000000000000000000 ) ) ;
#3779 = AXIS2_PLACEMENT_3D ( 'NONE', #7694, #511, #6169 ) ;
#3780 = CARTESIAN_POINT ( 'NONE',  ( 126.8422529161406800, -113.1577470838594195, 6.000000000000000000 ) ) ;
#3781 = DIRECTION ( 'NONE',  ( 1.000000000000000000, 0.000000000000000000, 0.000000000000000000 ) ) ;
#3782 = DIRECTION ( 'NONE',  ( 0.000000000000000000, -0.000000000000000000, -1.000000000000000000 ) ) ;
#3783 = VECTOR ( 'NONE', #555, 1000.000000000000000 ) ;
#3784 = ORIENTED_EDGE ( 'NONE', *, *, #2492, .F. ) ;
#3785 = EDGE_CURVE ( 'NONE', #4820, #6390, #3861, .T. ) ;
#3786 = DIRECTION ( 'NONE',  ( -1.000000000000000000, 0.000000000000000000, 0.000000000000000000 ) ) ;
#3787 = AXIS2_PLACEMENT_3D ( 'NONE', #2176, #4979, #7783 ) ;
#3788 = AXIS2_PLACEMENT_3D ( 'NONE', #7784, #6658, #3853 ) ;
#3789 = ORIENTED_EDGE ( 'NONE', *, *, #3503, .F. ) ;
#3790 = CARTESIAN_POINT ( 'NONE',  ( -33.44580031074323045, 122.8103790384721208, 6.000000000000000000 ) ) ;
#3791 = CARTESIAN_POINT ( 'NONE',  ( -173.1577470838595048, 66.84225291614069420, 6.000000000000000000 ) ) ;
#3792 = DIRECTION ( 'NONE',  ( -1.000000000000000000, 0.000000000000000000, 0.000000000000000000 ) ) ;
#3793 = DIRECTION ( 'NONE',  ( -0.000000000000000000, 0.000000000000000000, 1.000000000000000000 ) ) ;
#3794 = VERTEX_POINT ( 'NONE', #4602 ) ;
#3795 = LINE ( 'NONE', #882, #7820 ) ;
#3796 = DIRECTION ( 'NONE',  ( -0.000000000000000000, -0.000000000000000000, 1.000000000000000000 ) ) ;
#3797 = ORIENTED_EDGE ( 'NONE', *, *, #107, .F. ) ;
#3798 = EDGE_CURVE ( 'NONE', #6335, #8380, #3907, .T. ) ;
#3799 = ORIENTED_EDGE ( 'NONE', *, *, #2168, .T. ) ;
#3800 = DIRECTION ( 'NONE',  ( -0.6245351022323807344, -0.3315959982864579159, -0.7071067811865455743 ) ) ;
#3801 = DIRECTION ( 'NONE',  ( -0.000000000000000000, -0.000000000000000000, -1.000000000000000000 ) ) ;
#3802 = CARTESIAN_POINT ( 'NONE',  ( 179.5844760786698089, 104.0471091385601312, 6.000000000000000000 ) ) ;
#3803 = ORIENTED_EDGE ( 'NONE', *, *, #6459, .F. ) ;
#3804 = VERTEX_POINT ( 'NONE', #3496 ) ;
#3805 = ORIENTED_EDGE ( 'NONE', *, *, #1947, .T. ) ;
#3806 = EDGE_CURVE ( 'NONE', #2844, #4301, #4095, .T. ) ;
#3807 = DIRECTION ( 'NONE',  ( 0.000000000000000000, 0.000000000000000000, 1.000000000000000000 ) ) ;
#3808 = EDGE_CURVE ( 'NONE', #3447, #2093, #6932, .T. ) ;
#3809 = EDGE_LOOP ( 'NONE', ( #3557, #2464, #8162, #7456 ) ) ;
#3810 = DIRECTION ( 'NONE',  ( -1.000000000000000000, 0.000000000000000000, 0.000000000000000000 ) ) ;
#3811 = CYLINDRICAL_SURFACE ( 'NONE', #7703, 32.75000000000000000 ) ;
#3812 = VERTEX_POINT ( 'NONE', #4787 ) ;
#3813 = VERTEX_POINT ( 'NONE', #4276 ) ;
#3814 = ADVANCED_FACE ( 'NONE', ( #3443 ), #5921, .F. ) ;
#3815 = ORIENTED_EDGE ( 'NONE', *, *, #431, .T. ) ;
#3816 = LINE ( 'NONE', #7271, #8194 ) ;
#3817 = DIRECTION ( 'NONE',  ( 1.000000000000000000, 0.000000000000000000, 0.000000000000000000 ) ) ;
#3818 = LINE ( 'NONE', #6011, #7938 ) ;
#3819 = EDGE_CURVE ( 'NONE', #2041, #739, #6199, .T. ) ;
#3820 = LINE ( 'NONE', #6620, #9001 ) ;
#3821 = CYLINDRICAL_SURFACE ( 'NONE', #3881, 10.00000000000000888 ) ;
#3822 = CARTESIAN_POINT ( 'NONE',  ( 179.5844760786698657, -75.95289086143993984, 4.499999999999929834 ) ) ;
#3823 = VERTEX_POINT ( 'NONE', #2705 ) ;
#3824 = CARTESIAN_POINT ( 'NONE',  ( 74.92551403682575994, 114.9255140368258310, 4.499999999999936051 ) ) ;
#3825 = VERTEX_POINT ( 'NONE', #9063 ) ;
#3826 = CARTESIAN_POINT ( 'NONE',  ( 15.33337903861241713, -108.4061916517099178, 2.000000000000000000 ) ) ;
#3827 = ORIENTED_EDGE ( 'NONE', *, *, #2608, .F. ) ;
#3828 = CARTESIAN_POINT ( 'NONE',  ( -66.83337903861227858, 18.40619165170993199, 4.500000000000019540 ) ) ;
#3829 = DIRECTION ( 'NONE',  ( -0.000000000000000000, -0.000000000000000000, -1.000000000000000000 ) ) ;
#3830 = AXIS2_PLACEMENT_3D ( 'NONE', #8046, #6795, #1735 ) ;
#3831 = CARTESIAN_POINT ( 'NONE',  ( -5.500000000000000000, -124.9999999999999574, 6.000000000000000000 ) ) ;
#3832 = CARTESIAN_POINT ( 'NONE',  ( -120.5605097497880820, -75.30951181692573471, 6.000000000000000000 ) ) ;
#3833 = ORIENTED_EDGE ( 'NONE', *, *, #7574, .T. ) ;
#3834 = DIRECTION ( 'NONE',  ( 0.000000000000000000, -0.000000000000000000, -1.000000000000000000 ) ) ;
#3835 = ORIENTED_EDGE ( 'NONE', *, *, #5378, .F. ) ;
#3836 = CARTESIAN_POINT ( 'NONE',  ( 73.30671901020801329, -26.69328098979219988, 4.499999999999922728 ) ) ;
#3837 = VERTEX_POINT ( 'NONE', #6305 ) ;
#3838 = ORIENTED_EDGE ( 'NONE', *, *, #6892, .T. ) ;
#3839 = CARTESIAN_POINT ( 'NONE',  ( 100.0000000000001137, 2.775557561562891351E-14, 0.000000000000000000 ) ) ;
#3840 = FACE_OUTER_BOUND ( 'NONE', #1777, .T. ) ;
#3841 = CARTESIAN_POINT ( 'NONE',  ( -126.8422529161403816, 113.1577470838592916, 6.000000000000000000 ) ) ;
#3842 = DIRECTION ( 'NONE',  ( 0.000000000000000000, 0.000000000000000000, 1.000000000000000000 ) ) ;
#3843 = AXIS2_PLACEMENT_3D ( 'NONE', #5642, #6972, #8449 ) ;
#3844 = ORIENTED_EDGE ( 'NONE', *, *, #5565, .F. ) ;
#3845 = CARTESIAN_POINT ( 'NONE',  ( 84.66662096138780669, -71.59380834829003959, 6.000000000000000000 ) ) ;
#3846 = AXIS2_PLACEMENT_3D ( 'NONE', #2606, #6841, #6884 ) ;
#3847 = ORIENTED_EDGE ( 'NONE', *, *, #2462, .F. ) ;
#3848 = EDGE_CURVE ( 'NONE', #4322, #6605, #6213, .T. ) ;
#3849 = DIRECTION ( 'NONE',  ( 1.000000000000000000, 0.000000000000000000, 0.000000000000000000 ) ) ;
#3850 = EDGE_CURVE ( 'NONE', #4853, #8728, #5782, .T. ) ;
#3851 = EDGE_CURVE ( 'NONE', #6766, #4444, #4758, .T. ) ;
#3852 = ORIENTED_EDGE ( 'NONE', *, *, #8798, .F. ) ;
#3853 = DIRECTION ( 'NONE',  ( 1.000000000000000000, -4.625929269271481378E-15, 0.000000000000000000 ) ) ;
#3854 = CARTESIAN_POINT ( 'NONE',  ( 0.000000000000000000, 0.000000000000000000, 2.000000000000000000 ) ) ;
#3855 = CIRCLE ( 'NONE', #7679, 10.00000000000000888 ) ;
#3856 = LINE ( 'NONE', #1133, #6479 ) ;
#3857 = AXIS2_PLACEMENT_3D ( 'NONE', #7253, #885, #3098 ) ;
#3858 = CIRCLE ( 'NONE', #1653, 37.74999999999999289 ) ;
#3859 = EDGE_CURVE ( 'NONE', #7201, #1439, #3133, .T. ) ;
#3860 = AXIS2_PLACEMENT_3D ( 'NONE', #4249, #7006, #1384 ) ;
#3861 = LINE ( 'NONE', #6667, #6947 ) ;
#3862 = EDGE_CURVE ( 'NONE', #7678, #3794, #1360, .T. ) ;
#3863 = CARTESIAN_POINT ( 'NONE',  ( -18.52882010595539342, 105.8785180692872814, 6.000000000000000000 ) ) ;
#3864 = ADVANCED_FACE ( 'NONE', ( #7674 ), #2111, .F. ) ;
#3865 = DIRECTION ( 'NONE',  ( -0.000000000000000000, -0.000000000000000000, 1.000000000000000000 ) ) ;
#3866 = ORIENTED_EDGE ( 'NONE', *, *, #5145, .F. ) ;
#3867 = AXIS2_PLACEMENT_3D ( 'NONE', #3656, #6461, #155 ) ;
#3868 = ORIENTED_EDGE ( 'NONE', *, *, #2898, .T. ) ;
#3869 = AXIS2_PLACEMENT_3D ( 'NONE', #2243, #5835, #6530 ) ;
#3870 = CARTESIAN_POINT ( 'NONE',  ( -149.9999999999999432, 90.00000000000002842, 4.500000000000054179 ) ) ;
#3871 = ORIENTED_EDGE ( 'NONE', *, *, #2671, .F. ) ;
#3872 = CARTESIAN_POINT ( 'NONE',  ( -100.0000000000000000, 0.000000000000000000, 2.000000000000000000 ) ) ;
#3873 = AXIS2_PLACEMENT_3D ( 'NONE', #5055, #97, #7994 ) ;
#3874 = AXIS2_PLACEMENT_3D ( 'NONE', #7498, #3958, #586 ) ;
#3875 = VERTEX_POINT ( 'NONE', #2024 ) ;
#3876 = FACE_OUTER_BOUND ( 'NONE', #399, .T. ) ;
#3877 = CARTESIAN_POINT ( 'NONE',  ( 66.65821805624510432, -17.70277031470191531, 4.499999999999922728 ) ) ;
#3878 = DIRECTION ( 'NONE',  ( 1.000000000000000000, -2.775557561562888827E-14, 0.000000000000000000 ) ) ;
#3879 = LINE ( 'NONE', #3832, #4961 ) ;
#3880 = VERTEX_POINT ( 'NONE', #3348 ) ;
#3881 = AXIS2_PLACEMENT_3D ( 'NONE', #5288, #5973, #3908 ) ;
#3882 = AXIS2_PLACEMENT_3D ( 'NONE', #302, #2551, #3849 ) ;
#3883 = DIRECTION ( 'NONE',  ( -1.000000000000000000, 0.000000000000000000, 0.000000000000000000 ) ) ;
#3884 = CARTESIAN_POINT ( 'NONE',  ( -100.0000000000000000, 0.000000000000000000, 6.000000000000000000 ) ) ;
#3885 = EDGE_LOOP ( 'NONE', ( #2238, #984 ) ) ;
#3886 = CIRCLE ( 'NONE', #1824, 10.00000000000000533 ) ;
#3887 = AXIS2_PLACEMENT_3D ( 'NONE', #6694, #1807, #5175 ) ;
#3888 = ORIENTED_EDGE ( 'NONE', *, *, #8865, .F. ) ;
#3889 = CARTESIAN_POINT ( 'NONE',  ( -205.0000000000000000, 129.9999999999999716, 0.000000000000000000 ) ) ;
#3890 = DIRECTION ( 'NONE',  ( 0.000000000000000000, -0.000000000000000000, -1.000000000000000000 ) ) ;
#3891 = DIRECTION ( 'NONE',  ( -0.000000000000000000, -0.000000000000000000, -1.000000000000000000 ) ) ;
#3892 = DIRECTION ( 'NONE',  ( 0.000000000000000000, -0.000000000000000000, -1.000000000000000000 ) ) ;
#3893 = ORIENTED_EDGE ( 'NONE', *, *, #5479, .F. ) ;
#3894 = CARTESIAN_POINT ( 'NONE',  ( 0.000000000000000000, -124.9999999999999574, 4.000000000000000000 ) ) ;
#3895 = EDGE_CURVE ( 'NONE', #4298, #3341, #5607, .T. ) ;
#3896 = CONICAL_SURFACE ( 'NONE', #5941, 32.75000000000002842, 0.7853981633974506105 ) ;
#3897 = VERTEX_POINT ( 'NONE', #4833 ) ;
#3898 = VERTEX_POINT ( 'NONE', #582 ) ;
#3899 = CYLINDRICAL_SURFACE ( 'NONE', #9021, 1.500000000000001332 ) ;
#3900 = CIRCLE ( 'NONE', #229, 10.00000000000000888 ) ;
#3901 = ORIENTED_EDGE ( 'NONE', *, *, #2394, .T. ) ;
#3902 = DIRECTION ( 'NONE',  ( 0.000000000000000000, 0.000000000000000000, -1.000000000000000000 ) ) ;
#3903 = LINE ( 'NONE', #5285, #30 ) ;
#3904 = ADVANCED_FACE ( 'NONE', ( #4236 ), #3535, .F. ) ;
#3905 = CYLINDRICAL_SURFACE ( 'NONE', #6334, 9.999999999999994671 ) ;
#3906 = VECTOR ( 'NONE', #7955, 1000.000000000000000 ) ;
#3907 = LINE ( 'NONE', #6711, #3268 ) ;
#3908 = DIRECTION ( 'NONE',  ( 1.000000000000000000, 0.000000000000000000, 0.000000000000000000 ) ) ;
#3909 = DIRECTION ( 'NONE',  ( 1.000000000000000000, 0.000000000000000000, 0.000000000000000000 ) ) ;
#3910 = VERTEX_POINT ( 'NONE', #45 ) ;
#3911 = AXIS2_PLACEMENT_3D ( 'NONE', #4780, #6880, #572 ) ;
#3912 = ORIENTED_EDGE ( 'NONE', *, *, #1322, .T. ) ;
#3913 = LINE ( 'NONE', #8743, #7604 ) ;
#3914 = EDGE_CURVE ( 'NONE', #8936, #3920, #4608, .T. ) ;
#3915 = EDGE_CURVE ( 'NONE', #273, #3897, #5486, .T. ) ;
#3916 = DIRECTION ( 'NONE',  ( -1.000000000000000000, 0.000000000000000000, 0.000000000000000000 ) ) ;
#3917 = CIRCLE ( 'NONE', #824, 32.75000000000001421 ) ;
#3918 = EDGE_CURVE ( 'NONE', #8041, #8859, #6661, .T. ) ;
#3919 = EDGE_CURVE ( 'NONE', #6754, #8750, #8964, .T. ) ;
#3920 = VERTEX_POINT ( 'NONE', #2335 ) ;
#3921 = AXIS2_PLACEMENT_3D ( 'NONE', #7104, #7795, #2871 ) ;
#3922 = FACE_OUTER_BOUND ( 'NONE', #7236, .T. ) ;
#3923 = AXIS2_PLACEMENT_3D ( 'NONE', #7971, #5767, #2355 ) ;
#3924 = CARTESIAN_POINT ( 'NONE',  ( -65.87851806928712506, 58.52882010595531170, 6.000000000000000000 ) ) ;
#3925 = DIRECTION ( 'NONE',  ( 0.5095527884571054988, -0.4902611097931194317, -0.7071067811865525687 ) ) ;
#3926 = CARTESIAN_POINT ( 'NONE',  ( -24.92551403682574573, -24.92551403682584876, 4.499999999999929834 ) ) ;
#3927 = EDGE_LOOP ( 'NONE', ( #3074, #5768, #7760, #2050, #2427 ) ) ;
#3928 = EDGE_CURVE ( 'NONE', #1866, #7715, #7842, .T. ) ;
#3929 = AXIS2_PLACEMENT_3D ( 'NONE', #4393, #2317, #74 ) ;
#3930 = DIRECTION ( 'NONE',  ( 0.000000000000000000, -0.000000000000000000, -1.000000000000000000 ) ) ;
#3931 = CARTESIAN_POINT ( 'NONE',  ( 200.0000000000000000, 125.0000000000000568, 6.000000000000000000 ) ) ;
#3932 = ORIENTED_EDGE ( 'NONE', *, *, #431, .F. ) ;
#3933 = EDGE_CURVE ( 'NONE', #6624, #2205, #9016, .T. ) ;
#3934 = AXIS2_PLACEMENT_3D ( 'NONE', #6686, #1795, #8104 ) ;
#3935 = CIRCLE ( 'NONE', #8776, 1.500000000000001332 ) ;
#3936 = VERTEX_POINT ( 'NONE', #7906 ) ;
#3937 = DIRECTION ( 'NONE',  ( 0.000000000000000000, -0.000000000000000000, -1.000000000000000000 ) ) ;
#3938 = DIRECTION ( 'NONE',  ( -0.000000000000000000, -0.000000000000000000, -1.000000000000000000 ) ) ;
#3939 = DIRECTION ( 'NONE',  ( 1.000000000000000000, -1.206764157201248663E-15, 0.000000000000000000 ) ) ;
#3940 = CARTESIAN_POINT ( 'NONE',  ( -205.0000000000000000, 139.9999999999999716, 6.000000000000000000 ) ) ;
#3941 = ORIENTED_EDGE ( 'NONE', *, *, #1718, .T. ) ;
#3942 = CYLINDRICAL_SURFACE ( 'NONE', #321, 10.00000000000000888 ) ;
#3943 = ORIENTED_EDGE ( 'NONE', *, *, #8601, .T. ) ;
#3944 = ORIENTED_EDGE ( 'NONE', *, *, #3644, .F. ) ;
#3945 = EDGE_LOOP ( 'NONE', ( #6286, #2036, #9003, #3145, #6149 ) ) ;
#3946 = CARTESIAN_POINT ( 'NONE',  ( 134.2050867429103960, 60.07551972800804663, 4.500000000000130562 ) ) ;
#3947 = EDGE_CURVE ( 'NONE', #672, #7120, #9010, .T. ) ;
#3948 = ORIENTED_EDGE ( 'NONE', *, *, #372, .F. ) ;
#3949 = EDGE_LOOP ( 'NONE', ( #2964, #4269, #5275, #8927 ) ) ;
#3950 = CARTESIAN_POINT ( 'NONE',  ( 173.1577470838594479, 113.1577470838595332, 6.000000000000000000 ) ) ;
#3951 = CARTESIAN_POINT ( 'NONE',  ( 200.0000000000000000, 125.0000000000000568, 6.000000000000000000 ) ) ;
#3952 = CARTESIAN_POINT ( 'NONE',  ( 150.0000000000001137, -89.99999999999998579, 0.000000000000000000 ) ) ;
#3953 = CYLINDRICAL_SURFACE ( 'NONE', #1211, 37.75000000000000711 ) ;
#3954 = ORIENTED_EDGE ( 'NONE', *, *, #4315, .T. ) ;
#3955 = DIRECTION ( 'NONE',  ( 0.000000000000000000, -0.000000000000000000, -1.000000000000000000 ) ) ;
#3956 = ORIENTED_EDGE ( 'NONE', *, *, #1881, .T. ) ;
#3957 = VERTEX_POINT ( 'NONE', #894 ) ;
#3958 = DIRECTION ( 'NONE',  ( 0.000000000000000000, -0.000000000000000000, -1.000000000000000000 ) ) ;
#3959 = ADVANCED_FACE ( 'NONE', ( #1686 ), #815, .F. ) ;
#3960 = LINE ( 'NONE', #4704, #5189 ) ;
#3961 = EDGE_CURVE ( 'NONE', #4763, #6874, #5138, .T. ) ;
#3962 = DIRECTION ( 'NONE',  ( -0.000000000000000000, -0.000000000000000000, -1.000000000000000000 ) ) ;
#3963 = DIRECTION ( 'NONE',  ( -1.000000000000000000, 0.000000000000000000, 0.000000000000000000 ) ) ;
#3964 = CYLINDRICAL_SURFACE ( 'NONE', #6572, 1.500000000000001332 ) ;
#3965 = EDGE_CURVE ( 'NONE', #6304, #4874, #4461, .T. ) ;
#3966 = DIRECTION ( 'NONE',  ( 0.000000000000000000, 0.000000000000000000, 1.000000000000000000 ) ) ;
#3967 = ORIENTED_EDGE ( 'NONE', *, *, #2218, .T. ) ;
#3968 = CARTESIAN_POINT ( 'NONE',  ( 173.1577470838595048, -66.84225291614049524, 4.499999999999929834 ) ) ;
#3969 = FACE_OUTER_BOUND ( 'NONE', #444, .T. ) ;
#3970 = EDGE_LOOP ( 'NONE', ( #5519, #8085, #1062, #4078 ) ) ;
#3971 = AXIS2_PLACEMENT_3D ( 'NONE', #4102, #2802, #551 ) ;
#3972 = ADVANCED_FACE ( 'NONE', ( #8680 ), #5789, .F. ) ;
#3973 = DIRECTION ( 'NONE',  ( 1.000000000000000000, 1.850371707708594760E-14, 0.000000000000000000 ) ) ;
#3974 = ORIENTED_EDGE ( 'NONE', *, *, #3013, .T. ) ;
#3975 = CYLINDRICAL_SURFACE ( 'NONE', #4599, 1.500000000000001332 ) ;
#3976 = CARTESIAN_POINT ( 'NONE',  ( -66.83337903861232121, 18.40619165170993199, 2.000000000000000000 ) ) ;
#3977 = DIRECTION ( 'NONE',  ( 0.000000000000000000, -0.000000000000000000, -1.000000000000000000 ) ) ;
#3978 = CARTESIAN_POINT ( 'NONE',  ( -126.6932809897921572, -26.69328098979219632, 2.000000000000000000 ) ) ;
#3979 = EDGE_CURVE ( 'NONE', #3332, #4804, #2255, .T. ) ;
#3980 = DIRECTION ( 'NONE',  ( 0.000000000000000000, 0.000000000000000000, 1.000000000000000000 ) ) ;
#3981 = ORIENTED_EDGE ( 'NONE', *, *, #3075, .F. ) ;
#3982 = ORIENTED_EDGE ( 'NONE', *, *, #1141, .T. ) ;
#3983 = CARTESIAN_POINT ( 'NONE',  ( -183.1577470838595048, 66.84225291614069420, 6.000000000000000000 ) ) ;
#3984 = ORIENTED_EDGE ( 'NONE', *, *, #4649, .T. ) ;
#3985 = ORIENTED_EDGE ( 'NONE', *, *, #4318, .T. ) ;
#3986 = AXIS2_PLACEMENT_3D ( 'NONE', #78, #1399, #28 ) ;
#3987 = DIRECTION ( 'NONE',  ( -0.6387598062008790212, -0.3032917901662089966, 0.7071067811865416886 ) ) ;
#3988 = ORIENTED_EDGE ( 'NONE', *, *, #4610, .T. ) ;
#3989 = ORIENTED_EDGE ( 'NONE', *, *, #2790, .T. ) ;
#3990 = AXIS2_PLACEMENT_3D ( 'NONE', #310, #358, #3773 ) ;
#3991 = LINE ( 'NONE', #2018, #3010 ) ;
#3992 = DIRECTION ( 'NONE',  ( 1.000000000000000000, 0.000000000000000000, 0.000000000000000000 ) ) ;
#3993 = DIRECTION ( 'NONE',  ( -0.000000000000000000, -0.000000000000000000, -1.000000000000000000 ) ) ;
#3994 = ORIENTED_EDGE ( 'NONE', *, *, #2323, .T. ) ;
#3995 = AXIS2_PLACEMENT_3D ( 'NONE', #1253, #528, #1206 ) ;
#3996 = FACE_OUTER_BOUND ( 'NONE', #2360, .T. ) ;
#3997 = VERTEX_POINT ( 'NONE', #5791 ) ;
#3998 = CYLINDRICAL_SURFACE ( 'NONE', #8868, 35.24999999999999289 ) ;
#3999 = VERTEX_POINT ( 'NONE', #2372 ) ;
#4000 = AXIS2_PLACEMENT_3D ( 'NONE', #2961, #3700, #2274 ) ;
#4001 = ORIENTED_EDGE ( 'NONE', *, *, #2552, .T. ) ;
#4002 = LINE ( 'NONE', #2656, #7110 ) ;
#4003 = AXIS2_PLACEMENT_3D ( 'NONE', #69, #6420, #7702 ) ;
#4004 = AXIS2_PLACEMENT_3D ( 'NONE', #6274, #2770, #6494 ) ;
#4005 = CARTESIAN_POINT ( 'NONE',  ( -32.29722968529814864, -56.65821805624486274, 6.000000000000000000 ) ) ;
#4006 = ADVANCED_FACE ( 'NONE', ( #2892 ), #4407, .T. ) ;
#4007 = CIRCLE ( 'NONE', #5626, 11.50000000000002487 ) ;
#4008 = CONICAL_SURFACE ( 'NONE', #8848, 10.00000000000000178, 0.7853981633974437271 ) ;
#4009 = AXIS2_PLACEMENT_3D ( 'NONE', #1570, #4388, #7193 ) ;
#4010 = DIRECTION ( 'NONE',  ( 0.000000000000000000, 0.000000000000000000, 1.000000000000000000 ) ) ;
#4011 = CARTESIAN_POINT ( 'NONE',  ( 165.7949132570896893, 119.9244802719921097, 6.000000000000000000 ) ) ;
#4012 = FACE_BOUND ( 'NONE', #492, .T. ) ;
#4013 = DIRECTION ( 'NONE',  ( -1.000000000000000000, 0.000000000000000000, 0.000000000000000000 ) ) ;
#4014 = ORIENTED_EDGE ( 'NONE', *, *, #7948, .F. ) ;
#4015 = AXIS2_PLACEMENT_3D ( 'NONE', #3872, #1840, #5253 ) ;
#4016 = FACE_OUTER_BOUND ( 'NONE', #7443, .T. ) ;
#4017 = AXIS2_PLACEMENT_3D ( 'NONE', #4706, #5984, #3356 ) ;
#4018 = EDGE_CURVE ( 'NONE', #2935, #3997, #8579, .T. ) ;
#4019 = CARTESIAN_POINT ( 'NONE',  ( -49.99999999999993605, -89.99999999999997158, 6.000000000000000000 ) ) ;
#4020 = VECTOR ( 'NONE', #1913, 1000.000000000000227 ) ;
#4021 = EDGE_LOOP ( 'NONE', ( #2626, #3984, #613, #134, #5095, #4001, #3833, #5702, #1689, #4234, #1594 ) ) ;
#4022 = EDGE_CURVE ( 'NONE', #2982, #8308, #68, .T. ) ;
#4023 = DIRECTION ( 'NONE',  ( 1.000000000000000000, 0.000000000000000000, 0.000000000000000000 ) ) ;
#4024 = EDGE_LOOP ( 'NONE', ( #987, #7346, #1912, #6865 ) ) ;
#4025 = DIRECTION ( 'NONE',  ( 1.000000000000000000, 0.000000000000000000, 0.000000000000000000 ) ) ;
#4026 = DIRECTION ( 'NONE',  ( 0.000000000000000000, -0.000000000000000000, -1.000000000000000000 ) ) ;
#4027 = DIRECTION ( 'NONE',  ( -1.000000000000000000, 0.000000000000000000, 0.000000000000000000 ) ) ;
#4028 = AXIS2_PLACEMENT_3D ( 'NONE', #1260, #8401, #7720 ) ;
#4030 = AXIS2_PLACEMENT_3D ( 'NONE', #8980, #5485, #4066 ) ;
#4029 = LINE ( 'NONE', #2085, #4067 ) ;
#4031 = DIRECTION ( 'NONE',  ( -1.000000000000000000, 0.000000000000000000, 0.000000000000000000 ) ) ;
#4032 = EDGE_LOOP ( 'NONE', ( #3985, #768, #6681, #6312 ) ) ;
#4033 = ORIENTED_EDGE ( 'NONE', *, *, #8892, .T. ) ;
#4034 = DIRECTION ( 'NONE',  ( 0.000000000000000000, 0.000000000000000000, 1.000000000000000000 ) ) ;
#4035 = EDGE_CURVE ( 'NONE', #5788, #8647, #5102, .T. ) ;
#4036 = ORIENTED_EDGE ( 'NONE', *, *, #3918, .F. ) ;
#4037 = VECTOR ( 'NONE', #2149, 1000.000000000000000 ) ;
#4038 = ADVANCED_FACE ( 'NONE', ( #944 ), #7177, .F. ) ;
#4039 = EDGE_CURVE ( 'NONE', #3837, #3875, #6575, .T. ) ;
#4040 = EDGE_LOOP ( 'NONE', ( #3954, #101, #6238, #2597 ) ) ;
#4041 = CARTESIAN_POINT ( 'NONE',  ( 31.47117989404462435, 15.87851806928723697, 4.499999999999929834 ) ) ;
#4042 = VERTEX_POINT ( 'NONE', #5870 ) ;
#4043 = VERTEX_POINT ( 'NONE', #8507 ) ;
#4044 = VECTOR ( 'NONE', #7330, 1000.000000000000000 ) ;
#4045 = DIRECTION ( 'NONE',  ( 1.000000000000000000, 0.000000000000000000, 0.000000000000000000 ) ) ;
#4046 = CARTESIAN_POINT ( 'NONE',  ( -200.0000000000000000, -124.9999999999999574, 8.673617379884035472E-16 ) ) ;
#4047 = AXIS2_PLACEMENT_3D ( 'NONE', #7446, #4090, #1131 ) ;
#4048 = ORIENTED_EDGE ( 'NONE', *, *, #2782, .F. ) ;
#4049 = AXIS2_PLACEMENT_3D ( 'NONE', #6949, #642, #6216 ) ;
#4050 = DIRECTION ( 'NONE',  ( 0.7071067811865471286, 0.000000000000000000, 0.7071067811865479058 ) ) ;
#4051 = LINE ( 'NONE', #3446, #5936 ) ;
#4052 = ORIENTED_EDGE ( 'NONE', *, *, #4266, .T. ) ;
#4053 = ORIENTED_EDGE ( 'NONE', *, *, #3819, .T. ) ;
#4054 = CARTESIAN_POINT ( 'NONE',  ( -31.59380834829013551, -55.33337903861221463, 2.000000000000000000 ) ) ;
#4055 = VECTOR ( 'NONE', #4516, 1000.000000000000114 ) ;
#4056 = SURFACE_STYLE_USAGE ( .BOTH. , #4933 ) ;
#4057 = AXIS2_PLACEMENT_3D ( 'NONE', #7257, #4441, #8671 ) ;
#4058 = FACE_OUTER_BOUND ( 'NONE', #4876, .T. ) ;
#4059 = DIRECTION ( 'NONE',  ( 0.000000000000000000, -0.000000000000000000, -1.000000000000000000 ) ) ;
#4060 = ADVANCED_FACE ( 'NONE', ( #5186 ), #5008, .F. ) ;
#4061 = EDGE_CURVE ( 'NONE', #8728, #6567, #5708, .T. ) ;
#4062 = CYLINDRICAL_SURFACE ( 'NONE', #5839, 1.500000000000001332 ) ;
#4063 = CARTESIAN_POINT ( 'NONE',  ( -120.4155239213302053, -75.95289086143993984, 4.499999999999950262 ) ) ;
#4064 = EDGE_LOOP ( 'NONE', ( #6261, #7733, #5051 ) ) ;
#4065 = DIRECTION ( 'NONE',  ( -0.000000000000000000, -0.000000000000000000, -1.000000000000000000 ) ) ;
#4066 = DIRECTION ( 'NONE',  ( -1.000000000000000000, 0.000000000000000000, 0.000000000000000000 ) ) ;
#4067 = VECTOR ( 'NONE', #703, 1000.000000000000000 ) ;
#4068 = ORIENTED_EDGE ( 'NONE', *, *, #3351, .T. ) ;
#4069 = AXIS2_PLACEMENT_3D ( 'NONE', #4117, #6913, #3422 ) ;
#4070 = DIRECTION ( 'NONE',  ( 1.000000000000000000, 0.000000000000000000, 0.000000000000000000 ) ) ;
#4071 = ORIENTED_EDGE ( 'NONE', *, *, #2123, .F. ) ;
#4072 = CARTESIAN_POINT ( 'NONE',  ( 118.4061916517099320, 34.66662096138776405, 4.499999999999922728 ) ) ;
#4073 = CARTESIAN_POINT ( 'NONE',  ( -115.3422529161404100, 113.1577470838592916, 6.000000000000000000 ) ) ;
#4074 = CARTESIAN_POINT ( 'NONE',  ( 135.3095118169258626, 59.06050974978814594, 4.500000000000130562 ) ) ;
#4075 = CIRCLE ( 'NONE', #7596, 32.75000000000000000 ) ;
#4076 = DIRECTION ( 'NONE',  ( 1.000000000000000000, 0.000000000000000000, 0.000000000000000000 ) ) ;
#4077 = DIRECTION ( 'NONE',  ( 1.000000000000000000, 0.000000000000000000, 0.000000000000000000 ) ) ;
#4078 = ORIENTED_EDGE ( 'NONE', *, *, #1251, .F. ) ;
#4079 = ORIENTED_EDGE ( 'NONE', *, *, #2180, .F. ) ;
#4080 = DIRECTION ( 'NONE',  ( 1.000000000000000000, 0.000000000000000000, 0.000000000000000000 ) ) ;
#4081 = VECTOR ( 'NONE', #1690, 1000.000000000000114 ) ;
#4082 = EDGE_LOOP ( 'NONE', ( #1851, #7106, #5599, #1016, #3868, #620, #819, #2655, #6346, #5331, #1344 ) ) ;
#4083 = CONICAL_SURFACE ( 'NONE', #4821, 1.500000000000029088, 0.7853981633974397303 ) ;
#4084 = ORIENTED_EDGE ( 'NONE', *, *, #3340, .F. ) ;
#4085 = CYLINDRICAL_SURFACE ( 'NONE', #1522, 35.25000000000000000 ) ;
#4086 = EDGE_CURVE ( 'NONE', #2205, #3020, #7848, .T. ) ;
#4087 = DIRECTION ( 'NONE',  ( -0.000000000000000000, -0.000000000000000000, 1.000000000000000000 ) ) ;
#4088 = EDGE_LOOP ( 'NONE', ( #8096, #6353, #7080, #5303 ) ) ;
#4089 = ORIENTED_EDGE ( 'NONE', *, *, #1707, .F. ) ;
#4090 = DIRECTION ( 'NONE',  ( 0.000000000000000000, -0.000000000000000000, -1.000000000000000000 ) ) ;
#4091 = DIRECTION ( 'NONE',  ( 0.000000000000000000, -0.000000000000000000, -1.000000000000000000 ) ) ;
#4092 = ADVANCED_FACE ( 'NONE', ( #8861 ), #3899, .T. ) ;
#4093 = EDGE_CURVE ( 'NONE', #6184, #1949, #635, .T. ) ;
#4094 = ORIENTED_EDGE ( 'NONE', *, *, #5987, .T. ) ;
#4095 = LINE ( 'NONE', #1416, #2397 ) ;
#4096 = EDGE_CURVE ( 'NONE', #5906, #387, #5927, .T. ) ;
#4097 = DIRECTION ( 'NONE',  ( -1.000000000000000000, 0.000000000000000000, 0.000000000000000000 ) ) ;
#4098 = EDGE_LOOP ( 'NONE', ( #897, #4904, #4535, #4532 ) ) ;
#4099 = EDGE_LOOP ( 'NONE', ( #5416, #8948, #3789 ) ) ;
#4100 = DIRECTION ( 'NONE',  ( 0.000000000000000000, 0.000000000000000000, -1.000000000000000000 ) ) ;
#4101 = EDGE_CURVE ( 'NONE', #1422, #4857, #1166, .T. ) ;
#4102 = CARTESIAN_POINT ( 'NONE',  ( 180.9394902502120033, -75.30951181692573471, 4.499999999999929834 ) ) ;
#4103 = CARTESIAN_POINT ( 'NONE',  ( -11.80671901020781789, -63.30671901020773618, 6.000000000000000000 ) ) ;
#4104 = DIRECTION ( 'NONE',  ( 0.000000000000000000, 0.000000000000000000, 1.000000000000000000 ) ) ;
#4105 = CARTESIAN_POINT ( 'NONE',  ( -119.0605097497879399, 104.6904881830740379, 6.000000000000000000 ) ) ;
#4106 = DIRECTION ( 'NONE',  ( -0.000000000000000000, -0.000000000000000000, -1.000000000000000000 ) ) ;
#4107 = EDGE_LOOP ( 'NONE', ( #8315, #8797, #6998 ) ) ;
#4108 = DIRECTION ( 'NONE',  ( -1.000000000000000000, 0.000000000000000000, 0.000000000000000000 ) ) ;
#4109 = CARTESIAN_POINT ( 'NONE',  ( 150.0000000000000568, 90.00000000000007105, 2.000000000000000000 ) ) ;
#4110 = ORIENTED_EDGE ( 'NONE', *, *, #9105, .F. ) ;
#4111 = DIRECTION ( 'NONE',  ( 1.000000000000000000, 0.000000000000000000, 0.000000000000000000 ) ) ;
#4112 = ORIENTED_EDGE ( 'NONE', *, *, #1600, .F. ) ;
#4113 = DIRECTION ( 'NONE',  ( 1.000000000000000000, 0.000000000000000000, 0.000000000000000000 ) ) ;
#4114 = CARTESIAN_POINT ( 'NONE',  ( 150.0000000000000568, 90.00000000000007105, 2.000000000000000000 ) ) ;
#4115 = DIRECTION ( 'NONE',  ( 0.000000000000000000, -0.000000000000000000, -1.000000000000000000 ) ) ;
#4116 = FACE_OUTER_BOUND ( 'NONE', #3949, .T. ) ;
#4117 = CARTESIAN_POINT ( 'NONE',  ( -17.18962096152796448, 106.5541996892569472, 6.000000000000000000 ) ) ;
#4118 = VERTEX_POINT ( 'NONE', #2421 ) ;
#4119 = VERTEX_POINT ( 'NONE', #8217 ) ;
#4120 = CARTESIAN_POINT ( 'NONE',  ( -100.0000000000000000, 0.000000000000000000, 4.500000000000019540 ) ) ;
#4121 = EDGE_LOOP ( 'NONE', ( #3673, #5889, #7815, #5718 ) ) ;
#4122 = ORIENTED_EDGE ( 'NONE', *, *, #3586, .F. ) ;
#4123 = CARTESIAN_POINT ( 'NONE',  ( 0.000000000000000000, 0.000000000000000000, 2.000000000000000000 ) ) ;
#4124 = DIRECTION ( 'NONE',  ( 0.000000000000000000, 0.000000000000000000, 1.000000000000000000 ) ) ;
#4125 = VERTEX_POINT ( 'NONE', #2602 ) ;
#4126 = AXIS2_PLACEMENT_3D ( 'NONE', #3679, #2300, #8652 ) ;
#4127 = ORIENTED_EDGE ( 'NONE', *, *, #94, .F. ) ;
#4128 = CARTESIAN_POINT ( 'NONE',  ( 16.55419968925679797, 32.81037903847210657, 6.000000000000000000 ) ) ;
#4129 = FACE_BOUND ( 'NONE', #8553, .T. ) ;
#4130 = ORIENTED_EDGE ( 'NONE', *, *, #917, .F. ) ;
#4131 = EDGE_CURVE ( 'NONE', #3696, #6304, #6789, .T. ) ;
#4132 = EDGE_CURVE ( 'NONE', #561, #1119, #4329, .T. ) ;
#4133 = ADVANCED_FACE ( 'NONE', ( #7442 ), #491, .F. ) ;
#4134 = AXIS2_PLACEMENT_3D ( 'NONE', #3249, #6343, #2834 ) ;
#4135 = DIRECTION ( 'NONE',  ( 0.000000000000000000, -0.000000000000000000, -1.000000000000000000 ) ) ;
#4136 = CYLINDRICAL_SURFACE ( 'NONE', #7859, 1.500000000000001332 ) ;
#4137 = ORIENTED_EDGE ( 'NONE', *, *, #590, .T. ) ;
#4138 = VERTEX_POINT ( 'NONE', #3290 ) ;
#4139 = EDGE_LOOP ( 'NONE', ( #6089, #1041, #4328, #2867 ) ) ;
#4140 = CARTESIAN_POINT ( 'NONE',  ( -119.0605097497879683, 104.6904881830740237, 6.000000000000000000 ) ) ;
#4141 = VECTOR ( 'NONE', #1619, 999.9999999999998863 ) ;
#4142 =( NAMED_UNIT ( * ) PLANE_ANGLE_UNIT ( ) SI_UNIT ( $, .RADIAN. ) );
#4143 = AXIS2_PLACEMENT_3D ( 'NONE', #7804, #5648, #2743 ) ;
#4144 = ADVANCED_FACE ( 'NONE', ( #990 ), #2990, .T. ) ;
#4145 = EDGE_CURVE ( 'NONE', #4804, #4663, #3430, .T. ) ;
#4146 = EDGE_CURVE ( 'NONE', #1380, #1250, #6610, .T. ) ;
#4147 = AXIS2_PLACEMENT_3D ( 'NONE', #4120, #6239, #2874 ) ;
#4148 = ORIENTED_EDGE ( 'NONE', *, *, #1251, .T. ) ;
#4149 = FACE_OUTER_BOUND ( 'NONE', #716, .T. ) ;
#4150 = CARTESIAN_POINT ( 'NONE',  ( 179.4394902502119749, -75.30951181692573471, 4.499999999999929834 ) ) ;
#4151 = AXIS2_PLACEMENT_3D ( 'NONE', #8068, #7376, #217 ) ;
#4152 = CARTESIAN_POINT ( 'NONE',  ( -74.92551403682574573, 65.07448596317415479, 2.000000000000000000 ) ) ;
#4153 = CARTESIAN_POINT ( 'NONE',  ( -133.6266200955273860, -19.48711634798150527, 4.500000000000019540 ) ) ;
#4154 = VERTEX_POINT ( 'NONE', #2468 ) ;
#4155 = DIRECTION ( 'NONE',  ( -0.6313045309225723267, -0.3185193702691100359, 0.7071067811865477948 ) ) ;
#4156 = VECTOR ( 'NONE', #4065, 1000.000000000000000 ) ;
#4157 = CARTESIAN_POINT ( 'NONE',  ( -66.65821805624497642, 17.70277031470190110, 4.500000000000019540 ) ) ;
#4158 = ORIENTED_EDGE ( 'NONE', *, *, #8741, .T. ) ;
#4159 = CONICAL_SURFACE ( 'NONE', #189, 1.500000000000029088, 0.7853981633974360665 ) ;
#4160 = CYLINDRICAL_SURFACE ( 'NONE', #6061, 35.25000000000000000 ) ;
#4161 = ORIENTED_EDGE ( 'NONE', *, *, #1386, .F. ) ;
#4162 = DIRECTION ( 'NONE',  ( 1.000000000000000000, 0.000000000000000000, 0.000000000000000000 ) ) ;
#4163 = DIRECTION ( 'NONE',  ( 0.000000000000000000, 0.000000000000000000, 1.000000000000000000 ) ) ;
#4164 = ORIENTED_EDGE ( 'NONE', *, *, #349, .T. ) ;
#4165 = CARTESIAN_POINT ( 'NONE',  ( -25.07448596317426492, 114.9255140368258594, 6.000000000000000000 ) ) ;
#4166 = FACE_OUTER_BOUND ( 'NONE', #6851, .T. ) ;
#4167 = ORIENTED_EDGE ( 'NONE', *, *, #153, .F. ) ;
#4168 = AXIS2_PLACEMENT_3D ( 'NONE', #1310, #6349, #6159 ) ;
#4169 = FACE_OUTER_BOUND ( 'NONE', #4540, .T. ) ;
#4170 = FACE_OUTER_BOUND ( 'NONE', #2554, .T. ) ;
#4171 = ORIENTED_EDGE ( 'NONE', *, *, #1137, .T. ) ;
#4172 = CIRCLE ( 'NONE', #1512, 34.25000000000002842 ) ;
#4173 = VERTEX_POINT ( 'NONE', #3159 ) ;
#4174 = DIRECTION ( 'NONE',  ( 0.000000000000000000, -0.000000000000000000, -1.000000000000000000 ) ) ;
#4175 = AXIS2_PLACEMENT_3D ( 'NONE', #2029, #7593, #7635 ) ;
#4176 = DIRECTION ( 'NONE',  ( -0.000000000000000000, -0.000000000000000000, -1.000000000000000000 ) ) ;
#4177 = DIRECTION ( 'NONE',  ( 1.000000000000000000, 0.000000000000000000, 0.000000000000000000 ) ) ;
#4178 = EDGE_LOOP ( 'NONE', ( #265, #7037, #7073, #2895 ) ) ;
#4179 = VERTEX_POINT ( 'NONE', #5913 ) ;
#4180 = EDGE_CURVE ( 'NONE', #5367, #3020, #5961, .T. ) ;
#4181 = DIRECTION ( 'NONE',  ( 0.000000000000000000, -0.000000000000000000, -1.000000000000000000 ) ) ;
#4182 = CARTESIAN_POINT ( 'NONE',  ( -120.5605097497880820, -75.30951181692573471, 2.000000000000000000 ) ) ;
#4183 = AXIS2_PLACEMENT_3D ( 'NONE', #4123, #6922, #3433 ) ;
#4184 = ORIENTED_EDGE ( 'NONE', *, *, #8789, .T. ) ;
#4185 = CIRCLE ( 'NONE', #5064, 3.299999999999999822 ) ;
#4186 = DIRECTION ( 'NONE',  ( -1.000000000000000000, 0.000000000000000000, 0.000000000000000000 ) ) ;
#4187 = AXIS2_PLACEMENT_3D ( 'NONE', #7650, #656, #6091 ) ;
#4188 = DIRECTION ( 'NONE',  ( -1.000000000000000000, 0.000000000000000000, 0.000000000000000000 ) ) ;
#4189 = ORIENTED_EDGE ( 'NONE', *, *, #4932, .T. ) ;
#4190 = ORIENTED_EDGE ( 'NONE', *, *, #5156, .F. ) ;
#4191 = DIRECTION ( 'NONE',  ( 0.7071067811865544561, 0.000000000000000000, 0.7071067811865405783 ) ) ;
#4192 = AXIS2_PLACEMENT_3D ( 'NONE', #2833, #5048, #674 ) ;
#4193 = EDGE_CURVE ( 'NONE', #5229, #142, #6073, .T. ) ;
#4194 =( GEOMETRIC_REPRESENTATION_CONTEXT ( 3 ) GLOBAL_UNCERTAINTY_ASSIGNED_CONTEXT ( ( #460 ) ) GLOBAL_UNIT_ASSIGNED_CONTEXT ( ( #7835, #5633, #4345 ) ) REPRESENTATION_CONTEXT ( 'NONE', 'WORKASPACE' ) );
#4195 = CONICAL_SURFACE ( 'NONE', #2866, 1.500000000000084599, 0.7853981633974522758 ) ;
#4196 = DIRECTION ( 'NONE',  ( -0.000000000000000000, -0.000000000000000000, 1.000000000000000000 ) ) ;
#4197 = EDGE_CURVE ( 'NONE', #1274, #548, #6957, .T. ) ;
#4198 = CARTESIAN_POINT ( 'NONE',  ( -133.3417819437550520, -17.70277031470189044, 2.000000000000000000 ) ) ;
#4199 = EDGE_CURVE ( 'NONE', #3875, #7047, #6225, .T. ) ;
#4200 = CIRCLE ( 'NONE', #377, 1.500000000000001332 ) ;
#4201 = DIRECTION ( 'NONE',  ( 1.000000000000000000, 0.000000000000000000, 0.000000000000000000 ) ) ;
#4202 = LINE ( 'NONE', #7695, #1864 ) ;
#4203 = ORIENTED_EDGE ( 'NONE', *, *, #7574, .F. ) ;
#4204 = CARTESIAN_POINT ( 'NONE',  ( 120.4155239213302906, 75.95289086144002511, 2.000000000000000000 ) ) ;
#4205 = EDGE_CURVE ( 'NONE', #6626, #2340, #1079, .T. ) ;
#4206 = AXIS2_PLACEMENT_3D ( 'NONE', #223, #5786, #3763 ) ;
#4207 = FACE_OUTER_BOUND ( 'NONE', #8444, .T. ) ;
#4208 = EDGE_CURVE ( 'NONE', #797, #5036, #5646, .T. ) ;
#4209 = CIRCLE ( 'NONE', #8903, 11.50000000000007994 ) ;
#4210 = DIRECTION ( 'NONE',  ( -0.000000000000000000, -0.000000000000000000, -1.000000000000000000 ) ) ;
#4211 = DIRECTION ( 'NONE',  ( 0.000000000000000000, 0.000000000000000000, 1.000000000000000000 ) ) ;
#4212 = CARTESIAN_POINT ( 'NONE',  ( -66.65821805624497642, 17.70277031470190465, 2.000000000000000000 ) ) ;
#4213 = ADVANCED_FACE ( 'NONE', ( #534 ), #669, .F. ) ;
#4214 = ORIENTED_EDGE ( 'NONE', *, *, #5703, .F. ) ;
#4215 = DIRECTION ( 'NONE',  ( 1.000000000000000000, -9.251858538542962756E-15, 0.000000000000000000 ) ) ;
#4216 = DIRECTION ( 'NONE',  ( -0.000000000000000000, -0.000000000000000000, -1.000000000000000000 ) ) ;
#4217 = ORIENTED_EDGE ( 'NONE', *, *, #9092, .T. ) ;
#4218 = VERTEX_POINT ( 'NONE', #5506 ) ;
#4219 = DIRECTION ( 'NONE',  ( 1.000000000000000000, 0.000000000000000000, 0.000000000000000000 ) ) ;
#4220 = EDGE_CURVE ( 'NONE', #6527, #8911, #4823, .T. ) ;
#4221 = ADVANCED_FACE ( 'NONE', ( #3339 ), #5061, .F. ) ;
#4222 = DIRECTION ( 'NONE',  ( -0.000000000000000000, -0.000000000000000000, -1.000000000000000000 ) ) ;
#4223 = VECTOR ( 'NONE', #5299, 1000.000000000000114 ) ;
#4224 = ORIENTED_EDGE ( 'NONE', *, *, #3798, .T. ) ;
#4225 = CIRCLE ( 'NONE', #3779, 30.25000000000000000 ) ;
#4226 = EDGE_LOOP ( 'NONE', ( #9050, #1 ) ) ;
#4227 = CARTESIAN_POINT ( 'NONE',  ( 100.0000000000001137, 2.775557561562891351E-14, 2.000000000000000000 ) ) ;
#4228 = DIRECTION ( 'NONE',  ( -0.000000000000000000, -0.000000000000000000, -1.000000000000000000 ) ) ;
#4229 = CARTESIAN_POINT ( 'NONE',  ( 100.0000000000001137, 2.775557561562891351E-14, 4.499999999999922728 ) ) ;
#4230 = EDGE_LOOP ( 'NONE', ( #6937, #3383, #4547, #4656 ) ) ;
#4231 = CARTESIAN_POINT ( 'NONE',  ( 9.036699037646624067E-15, -140.0000000000000000, 0.000000000000000000 ) ) ;
#4232 = DIRECTION ( 'NONE',  ( -0.000000000000000000, -0.000000000000000000, -1.000000000000000000 ) ) ;
#4233 = AXIS2_PLACEMENT_3D ( 'NONE', #6950, #4751, #8378 ) ;
#4234 = ORIENTED_EDGE ( 'NONE', *, *, #5156, .T. ) ;
#4235 = AXIS2_PLACEMENT_3D ( 'NONE', #8649, #1468, #1033 ) ;
#4236 = FACE_OUTER_BOUND ( 'NONE', #6096, .T. ) ;
#4237 = CARTESIAN_POINT ( 'NONE',  ( -149.9999999999999432, 90.00000000000002842, 6.000000000000000000 ) ) ;
#4238 = ORIENTED_EDGE ( 'NONE', *, *, #754, .T. ) ;
#4239 = ORIENTED_EDGE ( 'NONE', *, *, #7995, .T. ) ;
#4240 = ORIENTED_EDGE ( 'NONE', *, *, #6750, .T. ) ;
#4241 = DIRECTION ( 'NONE',  ( -0.000000000000000000, -0.000000000000000000, 1.000000000000000000 ) ) ;
#4242 = LINE ( 'NONE', #4793, #7354 ) ;
#4243 = VERTEX_POINT ( 'NONE', #5453 ) ;
#4244 = DIRECTION ( 'NONE',  ( 1.000000000000000000, -1.387778780781444413E-14, 0.000000000000000000 ) ) ;
#4245 = DIRECTION ( 'NONE',  ( 1.000000000000000000, 0.000000000000000000, 0.000000000000000000 ) ) ;
#4246 = CYLINDRICAL_SURFACE ( 'NONE', #2170, 3.299999999999997158 ) ;
#4247 = CARTESIAN_POINT ( 'NONE',  ( 180.9394902502120033, -75.30951181692573471, 4.499999999999929834 ) ) ;
#4248 = ORIENTED_EDGE ( 'NONE', *, *, #7246, .F. ) ;
#4249 = CARTESIAN_POINT ( 'NONE',  ( 32.81037903847204973, 16.55419968925690455, 6.000000000000000000 ) ) ;
#4250 = DIRECTION ( 'NONE',  ( -0.000000000000000000, -0.000000000000000000, 1.000000000000000000 ) ) ;
#4251 = ADVANCED_FACE ( 'NONE', ( #3524 ), #788, .T. ) ;
#4252 = DIRECTION ( 'NONE',  ( 1.000000000000000000, 0.000000000000000000, 0.000000000000000000 ) ) ;
#4253 = EDGE_CURVE ( 'NONE', #2923, #1489, #8956, .T. ) ;
#4254 = DIRECTION ( 'NONE',  ( 0.000000000000000000, -0.000000000000000000, -1.000000000000000000 ) ) ;
#4255 = ADVANCED_FACE ( 'NONE', ( #6189 ), #4085, .F. ) ;
#4256 = VERTEX_POINT ( 'NONE', #6879 ) ;
#4257 = CARTESIAN_POINT ( 'NONE',  ( 65.33337903861246332, -18.40619165170993909, 4.499999999999922728 ) ) ;
#4258 = CARTESIAN_POINT ( 'NONE',  ( -149.9999999999999432, -90.00000000000002842, 4.499999999999950262 ) ) ;
#4259 = ORIENTED_EDGE ( 'NONE', *, *, #589, .T. ) ;
#4260 = DIRECTION ( 'NONE',  ( 1.000000000000000000, 0.000000000000000000, 0.000000000000000000 ) ) ;
#4261 = FACE_BOUND ( 'NONE', #2129, .T. ) ;
#4262 = ORIENTED_EDGE ( 'NONE', *, *, #6221, .F. ) ;
#4263 = EDGE_CURVE ( 'NONE', #3542, #4179, #5495, .T. ) ;
#4264 = ORIENTED_EDGE ( 'NONE', *, *, #7962, .F. ) ;
#4265 = CARTESIAN_POINT ( 'NONE',  ( -81.47117989404462435, 74.12148193071273283, 2.000000000000000000 ) ) ;
#4266 = EDGE_CURVE ( 'NONE', #6603, #6463, #5052, .T. ) ;
#4267 = CARTESIAN_POINT ( 'NONE',  ( -180.9394902502118043, -104.6904881830742937, 2.000000000000000000 ) ) ;
#4268 = CARTESIAN_POINT ( 'NONE',  ( -119.0605097497879399, 104.6904881830740379, 4.500000000000054179 ) ) ;
#4269 = ORIENTED_EDGE ( 'NONE', *, *, #5038, .T. ) ;
#4270 = ORIENTED_EDGE ( 'NONE', *, *, #6679, .T. ) ;
#4271 = EDGE_LOOP ( 'NONE', ( #603, #446, #5898, #8498 ) ) ;
#4272 = LINE ( 'NONE', #4231, #1231 ) ;
#4273 = DIRECTION ( 'NONE',  ( 0.000000000000000000, -0.000000000000000000, -1.000000000000000000 ) ) ;
#4274 = ORIENTED_EDGE ( 'NONE', *, *, #6677, .F. ) ;
#4275 = CIRCLE ( 'NONE', #5593, 1.499999999999999556 ) ;
#4276 = CARTESIAN_POINT ( 'NONE',  ( -119.7499999999999289, 90.00000000000002842, 0.000000000000000000 ) ) ;
#4277 = ORIENTED_EDGE ( 'NONE', *, *, #2492, .T. ) ;
#4278 = DIRECTION ( 'NONE',  ( -0.000000000000000000, -0.000000000000000000, -1.000000000000000000 ) ) ;
#4279 = ORIENTED_EDGE ( 'NONE', *, *, #7791, .F. ) ;
#4280 = VERTEX_POINT ( 'NONE', #4041 ) ;
#4281 = EDGE_LOOP ( 'NONE', ( #832, #5583, #7484, #516 ) ) ;
#4282 = CARTESIAN_POINT ( 'NONE',  ( 25.07448596317426137, 65.07448596317414058, 4.499999999999936051 ) ) ;
#4283 = DIRECTION ( 'NONE',  ( -1.000000000000000000, 0.000000000000000000, -0.000000000000000000 ) ) ;
#4284 = CARTESIAN_POINT ( 'NONE',  ( -179.9244802719919392, -105.7949132570897461, 6.000000000000000000 ) ) ;
#4285 = FACE_OUTER_BOUND ( 'NONE', #1320, .T. ) ;
#4286 = CARTESIAN_POINT ( 'NONE',  ( 32.81037903847204973, 16.55419968925690455, 4.499999999999929834 ) ) ;
#4287 = LINE ( 'NONE', #7093, #6137 ) ;
#4288 = ORIENTED_EDGE ( 'NONE', *, *, #3459, .F. ) ;
#4289 = EDGE_CURVE ( 'NONE', #3389, #1410, #571, .T. ) ;
#4290 = CARTESIAN_POINT ( 'NONE',  ( 180.9394902502118327, 104.6904881830744216, 6.000000000000000000 ) ) ;
#4291 = DIRECTION ( 'NONE',  ( -0.000000000000000000, 0.000000000000000000, 1.000000000000000000 ) ) ;
#4292 = CIRCLE ( 'NONE', #3995, 10.00000000000000178 ) ;
#4293 = AXIS2_PLACEMENT_3D ( 'NONE', #4914, #130, #7718 ) ;
#4294 = VERTEX_POINT ( 'NONE', #8261 ) ;
#4295 = CARTESIAN_POINT ( 'NONE',  ( 76.69328098979219988, -63.30671901020773618, 4.499999999999929834 ) ) ;
#4296 = FACE_OUTER_BOUND ( 'NONE', #5707, .T. ) ;
#4297 = SHAPE_DEFINITION_REPRESENTATION ( #7261, #7189 ) ;
#4298 = VERTEX_POINT ( 'NONE', #3376 ) ;
#4299 = CARTESIAN_POINT ( 'NONE',  ( 16.65821805624505103, -107.7027703147018940, 6.000000000000000000 ) ) ;
#4300 = DIRECTION ( 'NONE',  ( 1.000000000000000000, 0.000000000000000000, 0.000000000000000000 ) ) ;
#4301 = VERTEX_POINT ( 'NONE', #9099 ) ;
#4302 = CIRCLE ( 'NONE', #4743, 1.500000000000001332 ) ;
#4303 = EDGE_CURVE ( 'NONE', #8715, #273, #5596, .T. ) ;
#4304 = DIRECTION ( 'NONE',  ( 1.000000000000000000, 0.000000000000000000, 0.000000000000000000 ) ) ;
#4305 = CIRCLE ( 'NONE', #4443, 10.00000000000000888 ) ;
#4306 = FACE_OUTER_BOUND ( 'NONE', #5710, .T. ) ;
#4307 = AXIS2_PLACEMENT_3D ( 'NONE', #4109, #598, #2132 ) ;
#4308 = EDGE_CURVE ( 'NONE', #4545, #3627, #2410, .T. ) ;
#4309 = EDGE_LOOP ( 'NONE', ( #1363, #6352, #7198 ) ) ;
#4310 = VERTEX_POINT ( 'NONE', #4779 ) ;
#4311 = DIRECTION ( 'NONE',  ( 1.000000000000000000, 6.938893903907222067E-15, 0.000000000000000000 ) ) ;
#4312 = DIRECTION ( 'NONE',  ( 1.000000000000000000, 0.000000000000000000, 0.000000000000000000 ) ) ;
#4313 = VECTOR ( 'NONE', #2254, 1000.000000000000000 ) ;
#4314 = CARTESIAN_POINT ( 'NONE',  ( -196.7000000000000171, 125.0000000000000568, 8.673617379884035472E-16 ) ) ;
#4315 = EDGE_CURVE ( 'NONE', #4781, #8756, #3147, .T. ) ;
#4316 = EDGE_LOOP ( 'NONE', ( #8863, #2896 ) ) ;
#4317 = ORIENTED_EDGE ( 'NONE', *, *, #5128, .T. ) ;
#4318 = EDGE_CURVE ( 'NONE', #2923, #3601, #8291, .T. ) ;
#4319 = LINE ( 'NONE', #7123, #4785 ) ;
#4320 = EDGE_CURVE ( 'NONE', #6849, #794, #8455, .T. ) ;
#4321 = EDGE_CURVE ( 'NONE', #5545, #6309, #2852, .T. ) ;
#4322 = VERTEX_POINT ( 'NONE', #1215 ) ;
#4323 = VECTOR ( 'NONE', #686, 1000.000000000000000 ) ;
#4324 = DIRECTION ( 'NONE',  ( -0.3185193702691038187, -0.6313045309225713275, -0.7071067811865516806 ) ) ;
#4325 = DIRECTION ( 'NONE',  ( -0.000000000000000000, 0.000000000000000000, 1.000000000000000000 ) ) ;
#4326 = EDGE_LOOP ( 'NONE', ( #2439, #7250, #6926, #1995 ) ) ;
#4327 = ORIENTED_EDGE ( 'NONE', *, *, #2501, .T. ) ;
#4328 = ORIENTED_EDGE ( 'NONE', *, *, #1546, .F. ) ;
#4329 = CIRCLE ( 'NONE', #2702, 37.75000000000000711 ) ;
#4330 = LINE ( 'NONE', #821, #6959 ) ;
#4331 = FACE_BOUND ( 'NONE', #8316, .T. ) ;
#4332 = EDGE_CURVE ( 'NONE', #4585, #1240, #2053, .T. ) ;
#4333 = CARTESIAN_POINT ( 'NONE',  ( 116.8422529161406658, -113.1577470838594195, 4.499999999999929834 ) ) ;
#4334 = DIRECTION ( 'NONE',  ( -0.000000000000000000, 0.000000000000000000, 1.000000000000000000 ) ) ;
#4335 = CARTESIAN_POINT ( 'NONE',  ( 18.21808161391660263, 72.35388974366885861, 4.499999999999936051 ) ) ;
#4336 = EDGE_LOOP ( 'NONE', ( #8368, #8631 ) ) ;
#4337 = CIRCLE ( 'NONE', #6398, 1.500000000000001332 ) ;
#4338 = AXIS2_PLACEMENT_3D ( 'NONE', #6323, #4254, #5764 ) ;
#4339 = DIRECTION ( 'NONE',  ( -1.000000000000000000, 0.000000000000000000, 0.000000000000000000 ) ) ;
#4340 = DIRECTION ( 'NONE',  ( 1.000000000000000000, 0.000000000000000000, 0.000000000000000000 ) ) ;
#4341 = EDGE_CURVE ( 'NONE', #3378, #5828, #6979, .T. ) ;
#4342 = AXIS2_PLACEMENT_3D ( 'NONE', #5619, #7693, #692 ) ;
#4343 = LINE ( 'NONE', #285, #9008 ) ;
#4344 = CARTESIAN_POINT ( 'NONE',  ( 173.1577470838594479, 113.1577470838595332, 4.500000000000130562 ) ) ;
#4345 =( NAMED_UNIT ( * ) SI_UNIT ( $, .STERADIAN. ) SOLID_ANGLE_UNIT ( ) );
#4346 = ORIENTED_EDGE ( 'NONE', *, *, #3453, .T. ) ;
#4347 = DIRECTION ( 'NONE',  ( 1.000000000000000000, 0.000000000000000000, 0.000000000000000000 ) ) ;
#4348 = CARTESIAN_POINT ( 'NONE',  ( 23.30671901020797065, -116.6932809897921857, 6.000000000000000000 ) ) ;
#4349 = ORIENTED_EDGE ( 'NONE', *, *, #7184, .F. ) ;
#4350 = CARTESIAN_POINT ( 'NONE',  ( -25.07448596317426492, 114.9255140368258594, 4.499999999999929834 ) ) ;
#4351 = DIRECTION ( 'NONE',  ( -0.000000000000000000, 0.000000000000000000, 1.000000000000000000 ) ) ;
#4352 = AXIS2_PLACEMENT_3D ( 'NONE', #8263, #1351, #36 ) ;
#4353 = ORIENTED_EDGE ( 'NONE', *, *, #4712, .T. ) ;
#4354 = VECTOR ( 'NONE', #4502, 1000.000000000000114 ) ;
#4355 = EDGE_LOOP ( 'NONE', ( #2713, #8354 ) ) ;
#4356 = CYLINDRICAL_SURFACE ( 'NONE', #2812, 37.74999999999997868 ) ;
#4357 = LINE ( 'NONE', #8500, #6967 ) ;
#4358 = CIRCLE ( 'NONE', #5384, 9.999999999999994671 ) ;
#4359 = CARTESIAN_POINT ( 'NONE',  ( -49.99999999999993605, -89.99999999999997158, 2.000000000000000000 ) ) ;
#4360 = CARTESIAN_POINT ( 'NONE',  ( 126.8422529161406231, 66.84225291614060893, 4.500000000000130562 ) ) ;
#4361 = EDGE_LOOP ( 'NONE', ( #6717, #2356, #2008, #5088 ) ) ;
#4362 = CARTESIAN_POINT ( 'NONE',  ( 16.37337990447270641, -109.4871163479815266, 4.499999999999929834 ) ) ;
#4363 = CONICAL_SURFACE ( 'NONE', #6995, 10.00000000000000888, 0.7853981633974511656 ) ;
#4364 = ORIENTED_EDGE ( 'NONE', *, *, #509, .F. ) ;
#4365 = AXIS2_PLACEMENT_3D ( 'NONE', #4165, #1247, #7564 ) ;
#4366 = ADVANCED_FACE ( 'NONE', ( #86 ), #6387, .T. ) ;
#4367 = AXIS2_PLACEMENT_3D ( 'NONE', #8992, #3559, #1442 ) ;
#4368 = ADVANCED_FACE ( 'NONE', ( #7206 ), #1816, .F. ) ;
#4369 = CARTESIAN_POINT ( 'NONE',  ( -15.87851806928712151, -31.47117989404468119, 6.000000000000000000 ) ) ;
#4370 = LINE ( 'NONE', #271, #355 ) ;
#4371 = ADVANCED_FACE ( 'NONE', ( #7851, #2281, #2881, #5131, #5090, #7898, #2326, #2234, #5044, #3018, #1539, #219, #886, #7066, #2196, #1585, #7117, #5699 ), #4400, .F. ) ;
#4372 = EDGE_LOOP ( 'NONE', ( #1456, #7919, #3161, #3111 ) ) ;
#4373 = EDGE_CURVE ( 'NONE', #1439, #5850, #4357, .T. ) ;
#4374 = CIRCLE ( 'NONE', #3047, 9.999999999999994671 ) ;
#4375 = ORIENTED_EDGE ( 'NONE', *, *, #6607, .F. ) ;
#4376 = DIRECTION ( 'NONE',  ( -1.000000000000000000, 0.000000000000000000, 0.000000000000000000 ) ) ;
#4377 = CARTESIAN_POINT ( 'NONE',  ( -119.4871163479814697, -33.62662009552742859, 2.000000000000000000 ) ) ;
#4378 = VECTOR ( 'NONE', #4106, 1000.000000000000000 ) ;
#4379 = ADVANCED_FACE ( 'NONE', ( #261 ), #931, .T. ) ;
#4380 = AXIS2_PLACEMENT_3D ( 'NONE', #3650, #191, #5717 ) ;
#4381 = CARTESIAN_POINT ( 'NONE',  ( 82.81037903847203552, 106.5541996892568903, 2.000000000000000000 ) ) ;
#4382 = DIRECTION ( 'NONE',  ( 0.000000000000000000, -0.000000000000000000, -1.000000000000000000 ) ) ;
#4383 = ADVANCED_FACE ( 'NONE', ( #3667 ), #5347, .F. ) ;
#4384 = CARTESIAN_POINT ( 'NONE',  ( -149.9999999999999432, -90.00000000000002842, 2.000000000000000000 ) ) ;
#4385 = CARTESIAN_POINT ( 'NONE',  ( -81.78191838608337605, 72.35388974366885861, 4.499999999999929834 ) ) ;
#4386 = EDGE_LOOP ( 'NONE', ( #8173, #4995, #1879, #7904 ) ) ;
#4387 = DIRECTION ( 'NONE',  ( 0.000000000000000000, -0.000000000000000000, -1.000000000000000000 ) ) ;
#4388 = DIRECTION ( 'NONE',  ( -0.000000000000000000, -0.000000000000000000, -1.000000000000000000 ) ) ;
#4389 = ORIENTED_EDGE ( 'NONE', *, *, #1947, .F. ) ;
#4390 = DIRECTION ( 'NONE',  ( -0.000000000000000000, -0.000000000000000000, -1.000000000000000000 ) ) ;
#4391 = LINE ( 'NONE', #7101, #5800 ) ;
#4392 = ORIENTED_EDGE ( 'NONE', *, *, #7010, .T. ) ;
#4393 = CARTESIAN_POINT ( 'NONE',  ( -74.92551403682574573, 65.07448596317415479, 4.499999999999929834 ) ) ;
#4394 = DIRECTION ( 'NONE',  ( 1.000000000000000000, 0.000000000000000000, 0.000000000000000000 ) ) ;
#4395 = ORIENTED_EDGE ( 'NONE', *, *, #6165, .T. ) ;
#4396 = DIRECTION ( 'NONE',  ( 1.000000000000000000, -2.775557561562888827E-14, 0.000000000000000000 ) ) ;
#4397 = DIRECTION ( 'NONE',  ( 1.000000000000000000, 0.000000000000000000, 0.000000000000000000 ) ) ;
#4398 = ORIENTED_EDGE ( 'NONE', *, *, #8823, .T. ) ;
#4399 = CARTESIAN_POINT ( 'NONE',  ( 135.3095118169259194, -120.9394902502118896, 6.000000000000000000 ) ) ;
#4400 = PLANE ( 'NONE',  #6243 ) ;
#4401 = LINE ( 'NONE', #1624, #2150 ) ;
#4402 = LINE ( 'NONE', #1021, #5820 ) ;
#4403 = ORIENTED_EDGE ( 'NONE', *, *, #2671, .T. ) ;
#4404 = DIRECTION ( 'NONE',  ( -0.000000000000000000, -0.000000000000000000, -1.000000000000000000 ) ) ;
#4405 = EDGE_CURVE ( 'NONE', #5725, #3825, #356, .T. ) ;
#4406 = VERTEX_POINT ( 'NONE', #8634 ) ;
#4407 = CYLINDRICAL_SURFACE ( 'NONE', #7114, 1.500000000000001332 ) ;
#4408 = LINE ( 'NONE', #2934, #1081 ) ;
#4409 = VERTEX_POINT ( 'NONE', #7933 ) ;
#4410 = VERTEX_POINT ( 'NONE', #4440 ) ;
#4411 = CARTESIAN_POINT ( 'NONE',  ( -200.0000000000000000, -124.9999999999999574, 8.673617379884035472E-16 ) ) ;
#4412 = EDGE_CURVE ( 'NONE', #6782, #7481, #6083, .T. ) ;
#4413 = FACE_OUTER_BOUND ( 'NONE', #5279, .T. ) ;
#4414 = EDGE_CURVE ( 'NONE', #3880, #4179, #3061, .T. ) ;
#4415 = ADVANCED_FACE ( 'NONE', ( #4958 ), #6435, .F. ) ;
#4416 = AXIS2_PLACEMENT_3D ( 'NONE', #5877, #8084, #2472 ) ;
#4417 = FACE_OUTER_BOUND ( 'NONE', #5816, .T. ) ;
#4418 = DIRECTION ( 'NONE',  ( -0.000000000000000000, -0.000000000000000000, -1.000000000000000000 ) ) ;
#4419 = CARTESIAN_POINT ( 'NONE',  ( -205.0000000000000000, -140.0000000000000000, 6.000000000000000000 ) ) ;
#4420 = FACE_OUTER_BOUND ( 'NONE', #6250, .T. ) ;
#4421 = EDGE_LOOP ( 'NONE', ( #5047, #5422, #5230, #7434 ) ) ;
#4422 = EDGE_CURVE ( 'NONE', #3374, #6766, #8140, .T. ) ;
#4423 = DIRECTION ( 'NONE',  ( 0.000000000000000000, -0.000000000000000000, -1.000000000000000000 ) ) ;
#4424 = DIRECTION ( 'NONE',  ( -1.000000000000000000, 0.000000000000000000, 0.000000000000000000 ) ) ;
#4425 = EDGE_CURVE ( 'NONE', #5821, #2028, #3150, .T. ) ;
#4426 = EDGE_CURVE ( 'NONE', #8035, #6805, #2538, .T. ) ;
#4427 = CARTESIAN_POINT ( 'NONE',  ( 150.0000000000000568, 90.00000000000007105, 6.000000000000000000 ) ) ;
#4428 = CARTESIAN_POINT ( 'NONE',  ( 179.4394902502120033, -75.30951181692573471, 4.499999999999929834 ) ) ;
#4429 = CIRCLE ( 'NONE', #7510, 5.500000000000005329 ) ;
#4430 = FACE_OUTER_BOUND ( 'NONE', #4336, .T. ) ;
#4431 = DIRECTION ( 'NONE',  ( 0.5147315776182784797, -0.4848210009916998353, 0.7071067811865505703 ) ) ;
#4432 = EDGE_LOOP ( 'NONE', ( #3721, #513, #5672, #3342 ) ) ;
#4433 = CARTESIAN_POINT ( 'NONE',  ( 0.000000000000000000, 0.000000000000000000, 6.000000000000000000 ) ) ;
#4434 = CARTESIAN_POINT ( 'NONE',  ( 150.0000000000001137, -89.99999999999998579, 6.000000000000000000 ) ) ;
#4435 = ORIENTED_EDGE ( 'NONE', *, *, #5220, .F. ) ;
#4436 = AXIS2_PLACEMENT_3D ( 'NONE', #7982, #1017, #2325 ) ;
#4437 = ORIENTED_EDGE ( 'NONE', *, *, #2955, .F. ) ;
#4438 = CARTESIAN_POINT ( 'NONE',  ( 215.0000000000000000, 129.9999999999999716, 6.000000000000000000 ) ) ;
#4439 = AXIS2_PLACEMENT_3D ( 'NONE', #3317, #8156, #7424 ) ;
#4440 = CARTESIAN_POINT ( 'NONE',  ( 137.7500000000001137, 2.775557561562891351E-14, 4.499999999999922728 ) ) ;
#4441 = DIRECTION ( 'NONE',  ( 0.000000000000000000, -0.000000000000000000, -1.000000000000000000 ) ) ;
#4442 = LINE ( 'NONE', #5784, #3471 ) ;
#4443 = AXIS2_PLACEMENT_3D ( 'NONE', #3889, #6824, #2537 ) ;
#4444 = VERTEX_POINT ( 'NONE', #8804 ) ;
#4445 = CIRCLE ( 'NONE', #5199, 3.299999999999998490 ) ;
#4446 = DIRECTION ( 'NONE',  ( -1.000000000000000000, 0.000000000000000000, 0.000000000000000000 ) ) ;
#4447 = ORIENTED_EDGE ( 'NONE', *, *, #817, .T. ) ;
#4448 = CIRCLE ( 'NONE', #2975, 1.500000000000001332 ) ;
#4449 = AXIS2_PLACEMENT_3D ( 'NONE', #5161, #5810, #3692 ) ;
#4450 = AXIS2_PLACEMENT_3D ( 'NONE', #1562, #3039, #8690 ) ;
#4451 = ORIENTED_EDGE ( 'NONE', *, *, #3728, .T. ) ;
#4452 = DIRECTION ( 'NONE',  ( 1.000000000000000000, 0.000000000000000000, 0.000000000000000000 ) ) ;
#4453 = ADVANCED_FACE ( 'NONE', ( #1068 ), #5065, .T. ) ;
#4454 = DIRECTION ( 'NONE',  ( 1.000000000000000000, 0.000000000000000000, 0.000000000000000000 ) ) ;
#4455 = EDGE_LOOP ( 'NONE', ( #8348, #7931, #6970, #5949 ) ) ;
#4456 = AXIS2_PLACEMENT_3D ( 'NONE', #3361, #5580, #6273 ) ;
#4457 = ORIENTED_EDGE ( 'NONE', *, *, #416, .T. ) ;
#4458 = DIRECTION ( 'NONE',  ( -1.000000000000000000, 0.000000000000000000, -0.000000000000000000 ) ) ;
#4459 = DIRECTION ( 'NONE',  ( 0.000000000000000000, -0.000000000000000000, -1.000000000000000000 ) ) ;
#4460 = AXIS2_PLACEMENT_3D ( 'NONE', #5295, #640, #4977 ) ;
#4461 = CIRCLE ( 'NONE', #5639, 5.500000000000005329 ) ;
#4462 = CARTESIAN_POINT ( 'NONE',  ( -81.59380834829018170, 34.66662096138767879, 6.000000000000000000 ) ) ;
#4463 = AXIS2_PLACEMENT_3D ( 'NONE', #1276, #3255, #5468 ) ;
#4464 = AXIS2_PLACEMENT_3D ( 'NONE', #8819, #5330, #1834 ) ;
#4465 = CARTESIAN_POINT ( 'NONE',  ( 134.2050867429104528, -119.9244802719919960, 4.499999999999929834 ) ) ;
#4466 = AXIS2_PLACEMENT_3D ( 'NONE', #2505, #1767, #4588 ) ;
#4467 = DIRECTION ( 'NONE',  ( 0.000000000000000000, 0.000000000000000000, 1.000000000000000000 ) ) ;
#4468 = CIRCLE ( 'NONE', #6790, 30.25000000000000000 ) ;
#4469 = CARTESIAN_POINT ( 'NONE',  ( -135.3095118169255215, 120.9394902502118327, 4.500000000000054179 ) ) ;
#4470 = CARTESIAN_POINT ( 'NONE',  ( -34.12148193071288915, 121.4711798940446812, 6.000000000000000000 ) ) ;
#4471 = ADVANCED_FACE ( 'NONE', ( #3840 ), #295, .F. ) ;
#4472 = ORIENTED_EDGE ( 'NONE', *, *, #2185, .T. ) ;
#4473 = DIRECTION ( 'NONE',  ( -0.000000000000000000, -0.000000000000000000, -1.000000000000000000 ) ) ;
#4474 = VECTOR ( 'NONE', #564, 1000.000000000000000 ) ;
#4475 = ADVANCED_FACE ( 'NONE', ( #7378 ), #1157, .F. ) ;
#4476 = ORIENTED_EDGE ( 'NONE', *, *, #1214, .T. ) ;
#4477 = CYLINDRICAL_SURFACE ( 'NONE', #5473, 32.75000000000001421 ) ;
#4478 = DIRECTION ( 'NONE',  ( 1.000000000000000000, 0.000000000000000000, 0.000000000000000000 ) ) ;
#4479 = CIRCLE ( 'NONE', #4338, 1.500000000000001332 ) ;
#4480 = LINE ( 'NONE', #3263, #5542 ) ;
#4481 = EDGE_CURVE ( 'NONE', #2466, #709, #72, .T. ) ;
#4482 = DIRECTION ( 'NONE',  ( 1.000000000000000000, 0.000000000000000000, 0.000000000000000000 ) ) ;
#4483 = VERTEX_POINT ( 'NONE', #8164 ) ;
#4484 = DIRECTION ( 'NONE',  ( 1.000000000000000000, 0.000000000000000000, 0.000000000000000000 ) ) ;
#4485 = ORIENTED_EDGE ( 'NONE', *, *, #5758, .F. ) ;
#4486 = AXIS2_PLACEMENT_3D ( 'NONE', #4128, #5321, #6883 ) ;
#4487 = FACE_OUTER_BOUND ( 'NONE', #7910, .T. ) ;
#4488 = ORIENTED_EDGE ( 'NONE', *, *, #2443, .F. ) ;
#4489 = VECTOR ( 'NONE', #5296, 1000.000000000000114 ) ;
#4490 = EDGE_CURVE ( 'NONE', #2340, #3875, #6234, .T. ) ;
#4491 = VERTEX_POINT ( 'NONE', #4537 ) ;
#4492 = LINE ( 'NONE', #2361, #8412 ) ;
#4493 = DIRECTION ( 'NONE',  ( -0.000000000000000000, -0.000000000000000000, -1.000000000000000000 ) ) ;
#4494 = EDGE_CURVE ( 'NONE', #3823, #5411, #2122, .T. ) ;
#4496 = EDGE_CURVE ( 'NONE', #8911, #8324, #7552, .T. ) ;
#4495 = CARTESIAN_POINT ( 'NONE',  ( 50.00000000000007105, -89.99999999999995737, 0.000000000000000000 ) ) ;
#4497 = ADVANCED_FACE ( 'NONE', ( #2460 ), #2495, .T. ) ;
#4498 = FACE_OUTER_BOUND ( 'NONE', #3498, .T. ) ;
#4499 = VERTEX_POINT ( 'NONE', #5227 ) ;
#4500 = ORIENTED_EDGE ( 'NONE', *, *, #6617, .F. ) ;
#4501 = CIRCLE ( 'NONE', #7729, 32.75000000000000000 ) ;
#4502 = DIRECTION ( 'NONE',  ( -0.4902611097931272033, 0.5095527884571084964, -0.7071067811865450192 ) ) ;
#4503 = ORIENTED_EDGE ( 'NONE', *, *, #8912, .F. ) ;
#4504 = CARTESIAN_POINT ( 'NONE',  ( -126.8422529161405663, -66.84225291614050946, 4.499999999999950262 ) ) ;
#4505 = CYLINDRICAL_SURFACE ( 'NONE', #5071, 1.500000000000001332 ) ;
#4506 = ORIENTED_EDGE ( 'NONE', *, *, #3928, .F. ) ;
#4507 = VECTOR ( 'NONE', #8947, 1000.000000000000114 ) ;
#4508 = DIRECTION ( 'NONE',  ( -0.000000000000000000, 0.000000000000000000, 1.000000000000000000 ) ) ;
#4509 = DIRECTION ( 'NONE',  ( -0.000000000000000000, 0.000000000000000000, 1.000000000000000000 ) ) ;
#4510 = CIRCLE ( 'NONE', #8031, 10.00000000000000888 ) ;
#4511 = CARTESIAN_POINT ( 'NONE',  ( 17.18962096152796093, 73.44580031074305282, 6.000000000000000000 ) ) ;
#4512 = CIRCLE ( 'NONE', #3923, 35.25000000000002132 ) ;
#4513 = DIRECTION ( 'NONE',  ( -0.7071067811865435759, 0.000000000000000000, -0.7071067811865515695 ) ) ;
#4514 = AXIS2_PLACEMENT_3D ( 'NONE', #3138, #419, #3792 ) ;
#4515 = CARTESIAN_POINT ( 'NONE',  ( 50.00000000000007105, -89.99999999999995737, 4.499999999999929834 ) ) ;
#4516 = DIRECTION ( 'NONE',  ( 0.5095527884571167121, -0.4902611097931342532, 0.7071067811865342501 ) ) ;
#4517 = ORIENTED_EDGE ( 'NONE', *, *, #5108, .F. ) ;
#4518 = CARTESIAN_POINT ( 'NONE',  ( 116.8422529161406089, 66.84225291614060893, 2.000000000000000000 ) ) ;
#4519 = CONICAL_SURFACE ( 'NONE', #6438, 10.00000000000000888, 0.7853981633974412846 ) ;
#4520 = ORIENTED_EDGE ( 'NONE', *, *, #3220, .T. ) ;
#4521 = DIRECTION ( 'NONE',  ( 0.000000000000000000, 0.000000000000000000, 1.000000000000000000 ) ) ;
#4522 = CIRCLE ( 'NONE', #8923, 1.500000000000001332 ) ;
#4523 = ORIENTED_EDGE ( 'NONE', *, *, #2154, .T. ) ;
#4524 = DIRECTION ( 'NONE',  ( -1.000000000000000000, 0.000000000000000000, 0.000000000000000000 ) ) ;
#4525 = LINE ( 'NONE', #3137, #6691 ) ;
#4526 = DIRECTION ( 'NONE',  ( -0.000000000000000000, -0.000000000000000000, -1.000000000000000000 ) ) ;
#4527 = DIRECTION ( 'NONE',  ( 0.000000000000000000, -0.000000000000000000, -1.000000000000000000 ) ) ;
#4528 = ORIENTED_EDGE ( 'NONE', *, *, #3025, .F. ) ;
#4529 = CARTESIAN_POINT ( 'NONE',  ( -31.78191838608339381, -17.64611025633112718, 6.000000000000000000 ) ) ;
#4530 = EDGE_CURVE ( 'NONE', #1921, #3997, #7431, .T. ) ;
#4531 = DIRECTION ( 'NONE',  ( 1.000000000000000000, 0.000000000000000000, 0.000000000000000000 ) ) ;
#4532 = ORIENTED_EDGE ( 'NONE', *, *, #5325, .T. ) ;
#4533 = EDGE_CURVE ( 'NONE', #4406, #3999, #8731, .T. ) ;
#4534 = ADVANCED_FACE ( 'NONE', ( #980 ), #343, .T. ) ;
#4535 = ORIENTED_EDGE ( 'NONE', *, *, #212, .T. ) ;
#4536 = DIRECTION ( 'NONE',  ( 1.000000000000000000, 0.000000000000000000, 0.000000000000000000 ) ) ;
#4537 = CARTESIAN_POINT ( 'NONE',  ( 120.0755197280080324, 74.20508674291038176, 4.500000000000130562 ) ) ;
#4538 = CARTESIAN_POINT ( 'NONE',  ( 82.29722968529831917, -33.34178194375506621, 4.499999999999922728 ) ) ;
#4539 = VERTEX_POINT ( 'NONE', #6737 ) ;
#4540 = EDGE_LOOP ( 'NONE', ( #1665, #5732, #7958, #3988, #1679, #5185, #7981, #1099, #3429, #6291, #4569 ) ) ;
#4541 = DIRECTION ( 'NONE',  ( 0.000000000000000000, -0.000000000000000000, -1.000000000000000000 ) ) ;
#4542 = EDGE_CURVE ( 'NONE', #7747, #4154, #6600, .T. ) ;
#4543 = EDGE_LOOP ( 'NONE', ( #7902, #3188, #8646, #4976 ) ) ;
#4544 = EDGE_CURVE ( 'NONE', #8715, #1578, #2269, .T. ) ;
#4545 = VERTEX_POINT ( 'NONE', #1018 ) ;
#4546 = DIRECTION ( 'NONE',  ( 1.000000000000000000, -4.625929269271481378E-15, 0.000000000000000000 ) ) ;
#4547 = ORIENTED_EDGE ( 'NONE', *, *, #5553, .F. ) ;
#4548 = CARTESIAN_POINT ( 'NONE',  ( -14.74999999999990941, -89.99999999999997158, 2.000000000000000000 ) ) ;
#4549 = LINE ( 'NONE', #7351, #1631 ) ;
#4550 = CYLINDRICAL_SURFACE ( 'NONE', #7062, 5.500000000000000000 ) ;
#4551 = FACE_OUTER_BOUND ( 'NONE', #3522, .T. ) ;
#4552 = FACE_OUTER_BOUND ( 'NONE', #1477, .T. ) ;
#4553 = CARTESIAN_POINT ( 'NONE',  ( -33.44580031074323045, 122.8103790384721208, 4.499999999999929834 ) ) ;
#4554 = EDGE_LOOP ( 'NONE', ( #4813, #989, #4629, #7169 ) ) ;
#4555 = ORIENTED_EDGE ( 'NONE', *, *, #5280, .F. ) ;
#4556 = CARTESIAN_POINT ( 'NONE',  ( 50.00000000000000000, 90.00000000000000000, 2.000000000000000000 ) ) ;
#4557 = ORIENTED_EDGE ( 'NONE', *, *, #713, .F. ) ;
#4558 = DIRECTION ( 'NONE',  ( 0.7071067811865491270, 0.000000000000000000, 0.7071067811865459074 ) ) ;
#4559 = ORIENTED_EDGE ( 'NONE', *, *, #4858, .T. ) ;
#4560 = DIRECTION ( 'NONE',  ( -1.000000000000000000, 0.000000000000000000, 0.000000000000000000 ) ) ;
#4561 = DIRECTION ( 'NONE',  ( -0.000000000000000000, -0.000000000000000000, 1.000000000000000000 ) ) ;
#4562 = AXIS2_PLACEMENT_3D ( 'NONE', #3079, #2207, #2167 ) ;
#4563 = EDGE_CURVE ( 'NONE', #503, #3658, #7706, .T. ) ;
#4564 = DIRECTION ( 'NONE',  ( -0.000000000000000000, -0.000000000000000000, -1.000000000000000000 ) ) ;
#4565 = DIRECTION ( 'NONE',  ( -1.000000000000000000, 0.000000000000000000, 0.000000000000000000 ) ) ;
#4566 = EDGE_LOOP ( 'NONE', ( #3699, #9034, #4349, #4635 ) ) ;
#4567 = CARTESIAN_POINT ( 'NONE',  ( 84.66662096138780669, -71.59380834829003959, 6.000000000000000000 ) ) ;
#4568 = LINE ( 'NONE', #8063, #8393 ) ;
#4569 = ORIENTED_EDGE ( 'NONE', *, *, #6783, .T. ) ;
#4570 = CIRCLE ( 'NONE', #6917, 32.75000000000001421 ) ;
#4571 = CIRCLE ( 'NONE', #7224, 10.00000000000000888 ) ;
#4572 = VERTEX_POINT ( 'NONE', #3976 ) ;
#4573 = DIRECTION ( 'NONE',  ( -0.000000000000000000, -0.000000000000000000, -1.000000000000000000 ) ) ;
#4574 = CARTESIAN_POINT ( 'NONE',  ( -149.9999999999999432, 90.00000000000002842, 4.500000000000054179 ) ) ;
#4575 = ADVANCED_FACE ( 'NONE', ( #605 ), #3896, .F. ) ;
#4576 = DIRECTION ( 'NONE',  ( 1.000000000000000000, 9.251858538542962756E-15, 0.000000000000000000 ) ) ;
#4577 = CARTESIAN_POINT ( 'NONE',  ( 164.6904881830742795, -59.06050974978803225, 6.000000000000000000 ) ) ;
#4578 = AXIS2_PLACEMENT_3D ( 'NONE', #291, #1014, #5222 ) ;
#4579 = CIRCLE ( 'NONE', #893, 5.500000000000005329 ) ;
#4580 = ORIENTED_EDGE ( 'NONE', *, *, #2393, .T. ) ;
#4581 = DIRECTION ( 'NONE',  ( 0.000000000000000000, -0.000000000000000000, -1.000000000000000000 ) ) ;
#4582 = EDGE_CURVE ( 'NONE', #1965, #7029, #563, .T. ) ;
#4583 = ORIENTED_EDGE ( 'NONE', *, *, #1558, .F. ) ;
#4584 = CIRCLE ( 'NONE', #1633, 10.00000000000000888 ) ;
#4585 = VERTEX_POINT ( 'NONE', #8209 ) ;
#4586 = EDGE_CURVE ( 'NONE', #8278, #8128, #7611, .T. ) ;
#4587 = VECTOR ( 'NONE', #712, 1000.000000000000114 ) ;
#4588 = DIRECTION ( 'NONE',  ( 1.000000000000000000, 0.000000000000000000, 0.000000000000000000 ) ) ;
#4589 = ADVANCED_FACE ( 'NONE', ( #3418 ), #3326, .T. ) ;
#4590 = VERTEX_POINT ( 'NONE', #4212 ) ;
#4591 = ORIENTED_EDGE ( 'NONE', *, *, #8309, .F. ) ;
#4592 = VERTEX_POINT ( 'NONE', #5585 ) ;
#4593 = ADVANCED_FACE ( 'NONE', ( #3472 ), #1899, .F. ) ;
#4594 = FACE_OUTER_BOUND ( 'NONE', #5960, .T. ) ;
#4595 = CARTESIAN_POINT ( 'NONE',  ( -135.3095118169258058, -59.06050974978805357, 6.000000000000000000 ) ) ;
#4596 = EDGE_CURVE ( 'NONE', #3171, #470, #3452, .T. ) ;
#4597 = CONICAL_SURFACE ( 'NONE', #8558, 10.00000000000000178, 0.7853981633974437271 ) ;
#4598 = DIRECTION ( 'NONE',  ( -1.000000000000000000, 0.000000000000000000, 0.000000000000000000 ) ) ;
#4599 = AXIS2_PLACEMENT_3D ( 'NONE', #4719, #562, #3232 ) ;
#4600 = AXIS2_PLACEMENT_3D ( 'NONE', #7149, #834, #3653 ) ;
#4601 = AXIS2_PLACEMENT_3D ( 'NONE', #6222, #9031, #735 ) ;
#4602 = CARTESIAN_POINT ( 'NONE',  ( 30.51288365201865815, -123.6266200955274286, 2.000000000000000000 ) ) ;
#4603 = CARTESIAN_POINT ( 'NONE',  ( -100.0000000000000000, 0.000000000000000000, 6.000000000000000000 ) ) ;
#4604 = CARTESIAN_POINT ( 'NONE',  ( 119.0605097497881530, 75.30951181692583418, 2.000000000000000000 ) ) ;
#4605 = ORIENTED_EDGE ( 'NONE', *, *, #2725, .T. ) ;
#4606 = VECTOR ( 'NONE', #1334, 1000.000000000000000 ) ;
#4607 = EDGE_LOOP ( 'NONE', ( #2995, #596 ) ) ;
#4608 = CIRCLE ( 'NONE', #4905, 11.50000000000003730 ) ;
#4609 = DIRECTION ( 'NONE',  ( -0.000000000000000000, -0.000000000000000000, -1.000000000000000000 ) ) ;
#4610 = EDGE_CURVE ( 'NONE', #5975, #1288, #8451, .T. ) ;
#4611 = CYLINDRICAL_SURFACE ( 'NONE', #6799, 32.75000000000001421 ) ;
#4612 = AXIS2_PLACEMENT_3D ( 'NONE', #690, #7691, #11 ) ;
#4613 = AXIS2_PLACEMENT_3D ( 'NONE', #8602, #7214, #228 ) ;
#4614 = AXIS2_PLACEMENT_3D ( 'NONE', #5012, #102, #1507 ) ;
#4615 = FACE_OUTER_BOUND ( 'NONE', #1458, .T. ) ;
#4616 = CARTESIAN_POINT ( 'NONE',  ( 215.0000000000000000, 129.9999999999999716, 6.000000000000000000 ) ) ;
#4617 = CARTESIAN_POINT ( 'NONE',  ( 82.81037903847203552, 106.5541996892568903, 4.499999999999936051 ) ) ;
#4618 = DIRECTION ( 'NONE',  ( 0.000000000000000000, -0.000000000000000000, -1.000000000000000000 ) ) ;
#4619 = ORIENTED_EDGE ( 'NONE', *, *, #4321, .T. ) ;
#4620 = CIRCLE ( 'NONE', #2845, 35.24999999999997868 ) ;
#4621 = AXIS2_PLACEMENT_3D ( 'NONE', #3198, #6644, #5271 ) ;
#4622 = CARTESIAN_POINT ( 'NONE',  ( 50.00000000000000000, 90.00000000000000000, 6.000000000000000000 ) ) ;
#4623 = ORIENTED_EDGE ( 'NONE', *, *, #6611, .T. ) ;
#4624 = DIRECTION ( 'NONE',  ( -0.000000000000000000, 0.000000000000000000, 1.000000000000000000 ) ) ;
#4625 = VERTEX_POINT ( 'NONE', #1245 ) ;
#4626 = EDGE_CURVE ( 'NONE', #4663, #2808, #3602, .T. ) ;
#4627 = VECTOR ( 'NONE', #98, 1000.000000000000114 ) ;
#4628 = AXIS2_PLACEMENT_3D ( 'NONE', #4114, #2774, #4897 ) ;
#4629 = ORIENTED_EDGE ( 'NONE', *, *, #8810, .T. ) ;
#4630 = DIRECTION ( 'NONE',  ( 0.000000000000000000, -0.000000000000000000, -1.000000000000000000 ) ) ;
#4631 = CARTESIAN_POINT ( 'NONE',  ( -100.0000000000000000, 0.000000000000000000, 0.000000000000000000 ) ) ;
#4632 = CARTESIAN_POINT ( 'NONE',  ( -82.75000000000002842, 90.00000000000000000, 0.000000000000000000 ) ) ;
#4633 = CARTESIAN_POINT ( 'NONE',  ( -205.5000000000000284, -124.9999999999999574, 4.000000000000000000 ) ) ;
#4634 = VECTOR ( 'NONE', #8317, 1000.000000000000000 ) ;
#4635 = ORIENTED_EDGE ( 'NONE', *, *, #7176, .F. ) ;
#4636 = CARTESIAN_POINT ( 'NONE',  ( 135.9528908614400962, -119.5844760786697663, 4.499999999999929834 ) ) ;
#4637 = AXIS2_PLACEMENT_3D ( 'NONE', #4384, #1516, #4978 ) ;
#4638 = ORIENTED_EDGE ( 'NONE', *, *, #5763, .F. ) ;
#4639 = EDGE_LOOP ( 'NONE', ( #3240, #5856, #7068, #5350, #390 ) ) ;
#4640 = DIRECTION ( 'NONE',  ( 1.000000000000000000, 0.000000000000000000, 0.000000000000000000 ) ) ;
#4641 = CIRCLE ( 'NONE', #8603, 1.500000000000001332 ) ;
#4642 = ORIENTED_EDGE ( 'NONE', *, *, #1151, .T. ) ;
#4643 = VERTEX_POINT ( 'NONE', #4073 ) ;
#4644 = ORIENTED_EDGE ( 'NONE', *, *, #2504, .T. ) ;
#4645 = FACE_OUTER_BOUND ( 'NONE', #7385, .T. ) ;
#4646 = DIRECTION ( 'NONE',  ( -1.000000000000000000, 0.000000000000000000, 0.000000000000000000 ) ) ;
#4647 = AXIS2_PLACEMENT_3D ( 'NONE', #8596, #854, #6606 ) ;
#4648 = DIRECTION ( 'NONE',  ( 1.000000000000000000, 0.000000000000000000, 0.000000000000000000 ) ) ;
#4649 = EDGE_CURVE ( 'NONE', #3812, #1250, #6975, .T. ) ;
#4650 = CIRCLE ( 'NONE', #2293, 1.500000000000001332 ) ;
#4651 = EDGE_CURVE ( 'NONE', #959, #6375, #7716, .T. ) ;
#4652 = EDGE_CURVE ( 'NONE', #4118, #1162, #8881, .T. ) ;
#4653 = VECTOR ( 'NONE', #4216, 1000.000000000000000 ) ;
#4654 = DIRECTION ( 'NONE',  ( 1.000000000000000000, 0.000000000000000000, 0.000000000000000000 ) ) ;
#4655 = CARTESIAN_POINT ( 'NONE',  ( -50.00000000000000000, 90.00000000000000000, 6.000000000000000000 ) ) ;
#4656 = ORIENTED_EDGE ( 'NONE', *, *, #1775, .F. ) ;
#4657 = AXIS2_PLACEMENT_3D ( 'NONE', #8501, #7852, #262 ) ;
#4658 = ORIENTED_EDGE ( 'NONE', *, *, #8623, .F. ) ;
#4659 = CARTESIAN_POINT ( 'NONE',  ( -10.74999999999992006, -89.99999999999997158, 6.000000000000000000 ) ) ;
#4660 = DIRECTION ( 'NONE',  ( 0.000000000000000000, 0.000000000000000000, 1.000000000000000000 ) ) ;
#4661 = AXIS2_PLACEMENT_3D ( 'NONE', #8706, #3007, #5165 ) ;
#4662 = EDGE_CURVE ( 'NONE', #2879, #8324, #5403, .T. ) ;
#4663 = VERTEX_POINT ( 'NONE', #2043 ) ;
#4664 = AXIS2_PLACEMENT_3D ( 'NONE', #3978, #8211, #1725 ) ;
#4665 = EDGE_CURVE ( 'NONE', #784, #6162, #8003, .T. ) ;
#4666 = DIRECTION ( 'NONE',  ( 0.000000000000000000, 0.000000000000000000, 1.000000000000000000 ) ) ;
#4667 = CIRCLE ( 'NONE', #3643, 1.499999999999999556 ) ;
#4668 = DIRECTION ( 'NONE',  ( -0.000000000000000000, -0.000000000000000000, -1.000000000000000000 ) ) ;
#4669 = DIRECTION ( 'NONE',  ( 0.7071067811865491270, 0.000000000000000000, 0.7071067811865459074 ) ) ;
#4670 = CARTESIAN_POINT ( 'NONE',  ( -49.99999999999993605, -89.99999999999997158, 2.000000000000000000 ) ) ;
#4671 = ORIENTED_EDGE ( 'NONE', *, *, #3862, .F. ) ;
#4672 = EDGE_CURVE ( 'NONE', #7800, #7940, #1944, .T. ) ;
#4673 = PLANE ( 'NONE',  #1934 ) ;
#4674 = LINE ( 'NONE', #515, #6812 ) ;
#4675 = ORIENTED_EDGE ( 'NONE', *, *, #622, .F. ) ;
#4676 = AXIS2_PLACEMENT_3D ( 'NONE', #3113, #2470, #5917 ) ;
#4677 = DIRECTION ( 'NONE',  ( 0.000000000000000000, 0.000000000000000000, 1.000000000000000000 ) ) ;
#4678 = EDGE_LOOP ( 'NONE', ( #4559, #1970, #1486, #2694 ) ) ;
#4679 = CARTESIAN_POINT ( 'NONE',  ( 126.6932809897922425, 26.69328098979224251, 6.000000000000000000 ) ) ;
#4680 = CARTESIAN_POINT ( 'NONE',  ( 135.3095118169259194, -120.9394902502118896, 4.499999999999929834 ) ) ;
#4681 = CARTESIAN_POINT ( 'NONE',  ( -134.6666209613876504, -18.40619165170990001, 6.000000000000000000 ) ) ;
#4682 = CARTESIAN_POINT ( 'NONE',  ( 194.5000000000000000, -124.9999999999999574, 6.000000000000000000 ) ) ;
#4683 = CARTESIAN_POINT ( 'NONE',  ( 184.6577470838595332, -66.84225291614049524, 6.000000000000000000 ) ) ;
#4684 = VERTEX_POINT ( 'NONE', #7562 ) ;
#4685 = VERTEX_POINT ( 'NONE', #8988 ) ;
#4686 = DIRECTION ( 'NONE',  ( 1.000000000000000000, 1.206764157201250833E-15, 0.000000000000000000 ) ) ;
#4687 = ORIENTED_EDGE ( 'NONE', *, *, #8235, .T. ) ;
#4688 = VERTEX_POINT ( 'NONE', #4809 ) ;
#4689 = DIRECTION ( 'NONE',  ( -0.000000000000000000, -0.000000000000000000, 1.000000000000000000 ) ) ;
#4690 = ORIENTED_EDGE ( 'NONE', *, *, #8978, .F. ) ;
#4691 = ORIENTED_EDGE ( 'NONE', *, *, #8648, .T. ) ;
#4692 = EDGE_CURVE ( 'NONE', #6985, #676, #3004, .T. ) ;
#4693 = DIRECTION ( 'NONE',  ( -0.000000000000000000, -0.000000000000000000, -1.000000000000000000 ) ) ;
#4694 = DIRECTION ( 'NONE',  ( 0.000000000000000000, -0.000000000000000000, -1.000000000000000000 ) ) ;
#4695 = CARTESIAN_POINT ( 'NONE',  ( 66.55419968925683349, 122.8103790384721492, 6.000000000000000000 ) ) ;
#4696 = ORIENTED_EDGE ( 'NONE', *, *, #4197, .F. ) ;
#4697 = FACE_OUTER_BOUND ( 'NONE', #3371, .T. ) ;
#4698 = ORIENTED_EDGE ( 'NONE', *, *, #4496, .F. ) ;
#4699 = CARTESIAN_POINT ( 'NONE',  ( -17.18962096152796448, 106.5541996892569472, 4.499999999999929834 ) ) ;
#4700 = ORIENTED_EDGE ( 'NONE', *, *, #8233, .T. ) ;
#4701 = EDGE_CURVE ( 'NONE', #7800, #2279, #6400, .T. ) ;
#4702 = ORIENTED_EDGE ( 'NONE', *, *, #7894, .T. ) ;
#4703 = DIRECTION ( 'NONE',  ( -0.000000000000000000, -0.000000000000000000, -1.000000000000000000 ) ) ;
#4704 = CARTESIAN_POINT ( 'NONE',  ( 16.55419968925675889, 32.81037903847214920, 6.000000000000000000 ) ) ;
#4705 = ADVANCED_FACE ( 'NONE', ( #1391, #2591 ), #203, .T. ) ;
#4706 = CARTESIAN_POINT ( 'NONE',  ( -200.0000000000000000, -124.9999999999999574, 6.000000000000000000 ) ) ;
#4707 = CARTESIAN_POINT ( 'NONE',  ( -18.68962096152796448, 106.5541996892569472, 6.000000000000000000 ) ) ;
#4708 = ADVANCED_FACE ( 'NONE', ( #838 ), #1573, .F. ) ;
#4709 = CARTESIAN_POINT ( 'NONE',  ( -120.0755197280078193, 105.7949132570895046, 4.500000000000054179 ) ) ;
#4710 = CARTESIAN_POINT ( 'NONE',  ( -66.55419968925680507, 57.18962096152788632, 2.000000000000000000 ) ) ;
#4711 = VERTEX_POINT ( 'NONE', #4428 ) ;
#4712 = EDGE_CURVE ( 'NONE', #1588, #8977, #4391, .T. ) ;
#4713 = FACE_OUTER_BOUND ( 'NONE', #2604, .T. ) ;
#4714 = ADVANCED_FACE ( 'NONE', ( #5026 ), #1087, .F. ) ;
#4715 = CARTESIAN_POINT ( 'NONE',  ( 0.000000000000000000, 0.000000000000000000, 0.000000000000000000 ) ) ;
#4716 = ORIENTED_EDGE ( 'NONE', *, *, #2853, .T. ) ;
#4717 = CARTESIAN_POINT ( 'NONE',  ( -100.0000000000000000, 0.000000000000000000, 4.500000000000019540 ) ) ;
#4718 = ORIENTED_EDGE ( 'NONE', *, *, #2218, .F. ) ;
#4719 = CARTESIAN_POINT ( 'NONE',  ( -119.0605097497880678, -75.30951181692573471, 6.000000000000000000 ) ) ;
#4720 = CARTESIAN_POINT ( 'NONE',  ( 150.0000000000000568, 90.00000000000007105, 4.500000000000130562 ) ) ;
#4721 = CARTESIAN_POINT ( 'NONE',  ( -80.51288365201855868, 33.62662009552744280, 2.000000000000000000 ) ) ;
#4722 = VERTEX_POINT ( 'NONE', #7154 ) ;
#4723 = DIRECTION ( 'NONE',  ( -0.4848210009917034435, 0.5147315776182789238, -0.7071067811865477948 ) ) ;
#4724 = DIRECTION ( 'NONE',  ( 1.000000000000000000, 0.000000000000000000, 0.000000000000000000 ) ) ;
#4725 = EDGE_LOOP ( 'NONE', ( #559, #1575, #1403 ) ) ;
#4726 = LINE ( 'NONE', #3239, #5757 ) ;
#4727 = ORIENTED_EDGE ( 'NONE', *, *, #7349, .F. ) ;
#4728 = ORIENTED_EDGE ( 'NONE', *, *, #1600, .T. ) ;
#4729 = CARTESIAN_POINT ( 'NONE',  ( 120.4155239213303474, -104.0471091385599891, 6.000000000000000000 ) ) ;
#4730 = ORIENTED_EDGE ( 'NONE', *, *, #8364, .F. ) ;
#4731 = CIRCLE ( 'NONE', #7812, 3.299999999999997158 ) ;
#4732 = ORIENTED_EDGE ( 'NONE', *, *, #5826, .T. ) ;
#4733 = CYLINDRICAL_SURFACE ( 'NONE', #6978, 10.00000000000000178 ) ;
#4734 = DIRECTION ( 'NONE',  ( -0.000000000000000000, -0.000000000000000000, -1.000000000000000000 ) ) ;
#4735 = ORIENTED_EDGE ( 'NONE', *, *, #1833, .T. ) ;
#4736 = CIRCLE ( 'NONE', #8101, 35.25000000000000000 ) ;
#4737 = ADVANCED_FACE ( 'NONE', ( #792 ), #802, .F. ) ;
#4738 = EDGE_CURVE ( 'NONE', #1380, #5539, #2815, .T. ) ;
#4739 = CARTESIAN_POINT ( 'NONE',  ( -194.5000000000000000, -124.9999999999999574, 4.000000000000000000 ) ) ;
#4740 = ORIENTED_EDGE ( 'NONE', *, *, #6953, .T. ) ;
#4741 = LINE ( 'NONE', #3863, #7847 ) ;
#4742 = ORIENTED_EDGE ( 'NONE', *, *, #2950, .T. ) ;
#4743 = AXIS2_PLACEMENT_3D ( 'NONE', #6819, #8888, #3225 ) ;
#4744 = ORIENTED_EDGE ( 'NONE', *, *, #916, .F. ) ;
#4745 = CARTESIAN_POINT ( 'NONE',  ( -135.3095118169255215, 120.9394902502118327, 2.000000000000000000 ) ) ;
#4746 = AXIS2_PLACEMENT_3D ( 'NONE', #7644, #1385, #5627 ) ;
#4747 = AXIS2_PLACEMENT_3D ( 'NONE', #655, #7100, #790 ) ;
#4748 = CIRCLE ( 'NONE', #774, 10.00000000000000178 ) ;
#4749 = CARTESIAN_POINT ( 'NONE',  ( -3.299999999999998490, 125.0000000000000568, 8.673617379884035472E-16 ) ) ;
#4750 = CARTESIAN_POINT ( 'NONE',  ( 31.78191838608340092, 17.64611025633111652, 4.499999999999929834 ) ) ;
#4751 = DIRECTION ( 'NONE',  ( -0.000000000000000000, 0.000000000000000000, 1.000000000000000000 ) ) ;
#4752 = DIRECTION ( 'NONE',  ( 1.000000000000000000, 0.000000000000000000, 0.000000000000000000 ) ) ;
#4753 = VERTEX_POINT ( 'NONE', #5811 ) ;
#4754 = AXIS2_PLACEMENT_3D ( 'NONE', #2573, #7362, #2521 ) ;
#4755 = CARTESIAN_POINT ( 'NONE',  ( -149.9999999999999432, -90.00000000000002842, 4.499999999999950262 ) ) ;
#4756 = VECTOR ( 'NONE', #8285, 1000.000000000000000 ) ;
#4757 = CARTESIAN_POINT ( 'NONE',  ( 173.1577470838595048, -66.84225291614049524, 6.000000000000000000 ) ) ;
#4758 = CIRCLE ( 'NONE', #627, 10.00000000000000888 ) ;
#4759 = ORIENTED_EDGE ( 'NONE', *, *, #3646, .T. ) ;
#4760 = CIRCLE ( 'NONE', #4463, 10.00000000000000533 ) ;
#4761 = EDGE_CURVE ( 'NONE', #1303, #8406, #5685, .T. ) ;
#4762 = DIRECTION ( 'NONE',  ( -1.000000000000000000, 0.000000000000000000, 0.000000000000000000 ) ) ;
#4763 = VERTEX_POINT ( 'NONE', #8443 ) ;
#4764 = DIRECTION ( 'NONE',  ( 1.000000000000000000, 0.000000000000000000, 0.000000000000000000 ) ) ;
#4765 = EDGE_CURVE ( 'NONE', #2844, #7382, #8622, .T. ) ;
#4766 = AXIS2_PLACEMENT_3D ( 'NONE', #8925, #8088, #1039 ) ;
#4767 = DIRECTION ( 'NONE',  ( -0.000000000000000000, -0.000000000000000000, -1.000000000000000000 ) ) ;
#4768 = DIRECTION ( 'NONE',  ( -0.000000000000000000, -0.000000000000000000, 1.000000000000000000 ) ) ;
#4769 = VECTOR ( 'NONE', #1907, 999.9999999999998863 ) ;
#4770 = DIRECTION ( 'NONE',  ( -0.000000000000000000, -0.000000000000000000, 1.000000000000000000 ) ) ;
#4771 = CARTESIAN_POINT ( 'NONE',  ( -173.1577470838593342, -113.1577470838594905, 6.000000000000000000 ) ) ;
#4772 = ORIENTED_EDGE ( 'NONE', *, *, #3979, .T. ) ;
#4773 = DIRECTION ( 'NONE',  ( 1.000000000000000000, 0.000000000000000000, 0.000000000000000000 ) ) ;
#4774 = AXIS2_PLACEMENT_3D ( 'NONE', #8369, #8416, #2065 ) ;
#4775 = VERTEX_POINT ( 'NONE', #7197 ) ;
#4776 = EDGE_CURVE ( 'NONE', #1119, #2798, #506, .T. ) ;
#4777 = VERTEX_POINT ( 'NONE', #2315 ) ;
#4778 = ADVANCED_FACE ( 'NONE', ( #156 ), #2268, .F. ) ;
#4779 = CARTESIAN_POINT ( 'NONE',  ( 15.87851806928713216, 31.47117989404467409, 2.000000000000000000 ) ) ;
#4780 = CARTESIAN_POINT ( 'NONE',  ( -76.69328098979205777, -116.6932809897921857, 4.500000000000033751 ) ) ;
#4781 = VERTEX_POINT ( 'NONE', #1437 ) ;
#4782 = EDGE_LOOP ( 'NONE', ( #8673, #3032, #6054, #8168 ) ) ;
#4783 = DIRECTION ( 'NONE',  ( -1.000000000000000000, 0.000000000000000000, 0.000000000000000000 ) ) ;
#4784 = LINE ( 'NONE', #5512, #3105 ) ;
#4785 = VECTOR ( 'NONE', #2058, 1000.000000000000000 ) ;
#4786 = ORIENTED_EDGE ( 'NONE', *, *, #761, .T. ) ;
#4787 = CARTESIAN_POINT ( 'NONE',  ( -35.25000000000000000, 0.000000000000000000, 2.000000000000000000 ) ) ;
#4788 = DIRECTION ( 'NONE',  ( 0.000000000000000000, -0.000000000000000000, -1.000000000000000000 ) ) ;
#4789 = ORIENTED_EDGE ( 'NONE', *, *, #4425, .F. ) ;
#4790 = ORIENTED_EDGE ( 'NONE', *, *, #5158, .F. ) ;
#4791 = FACE_OUTER_BOUND ( 'NONE', #8143, .T. ) ;
#4792 = AXIS2_PLACEMENT_3D ( 'NONE', #4469, #6542, #8739 ) ;
#4793 = CARTESIAN_POINT ( 'NONE',  ( 65.87851806928715348, 121.4711798940446670, 6.000000000000000000 ) ) ;
#4794 = CIRCLE ( 'NONE', #3173, 9.999999999999994671 ) ;
#4795 = ORIENTED_EDGE ( 'NONE', *, *, #8469, .F. ) ;
#4796 = DIRECTION ( 'NONE',  ( -1.000000000000000000, 0.000000000000000000, 0.000000000000000000 ) ) ;
#4797 = DIRECTION ( 'NONE',  ( -1.000000000000000000, 0.000000000000000000, 0.000000000000000000 ) ) ;
#4798 = CARTESIAN_POINT ( 'NONE',  ( 32.81037903847204973, 16.55419968925690455, 2.000000000000000000 ) ) ;
#4799 = LINE ( 'NONE', #4939, #8920 ) ;
#4800 = AXIS2_PLACEMENT_3D ( 'NONE', #6144, #6646, #7480 ) ;
#4801 = EDGE_LOOP ( 'NONE', ( #7487, #2668, #7325, #1077 ) ) ;
#4802 = DIRECTION ( 'NONE',  ( -0.000000000000000000, -0.000000000000000000, -1.000000000000000000 ) ) ;
#4803 = CYLINDRICAL_SURFACE ( 'NONE', #4885, 30.25000000000002842 ) ;
#4804 = VERTEX_POINT ( 'NONE', #2184 ) ;
#4805 = VECTOR ( 'NONE', #7105, 1000.000000000000000 ) ;
#4806 = FACE_OUTER_BOUND ( 'NONE', #4281, .T. ) ;
#4807 = ORIENTED_EDGE ( 'NONE', *, *, #4882, .T. ) ;
#4808 = CARTESIAN_POINT ( 'NONE',  ( 81.59380834829030960, -34.66662096138771432, 4.499999999999922728 ) ) ;
#4809 = CARTESIAN_POINT ( 'NONE',  ( -133.3417819437550520, -17.70277031470189399, 4.500000000000019540 ) ) ;
#4810 = DIRECTION ( 'NONE',  ( -0.000000000000000000, -0.000000000000000000, 1.000000000000000000 ) ) ;
#4811 = CARTESIAN_POINT ( 'NONE',  ( 205.5000000000000284, -124.9999999999999574, 6.000000000000000000 ) ) ;
#4812 = DIRECTION ( 'NONE',  ( 1.000000000000000000, 0.000000000000000000, 0.000000000000000000 ) ) ;
#4813 = ORIENTED_EDGE ( 'NONE', *, *, #416, .F. ) ;
#4814 = ORIENTED_EDGE ( 'NONE', *, *, #6344, .F. ) ;
#4815 = EDGE_CURVE ( 'NONE', #7678, #5398, #21, .T. ) ;
#4816 = FACE_OUTER_BOUND ( 'NONE', #1534, .T. ) ;
#4817 = AXIS2_PLACEMENT_3D ( 'NONE', #4247, #645, #3461 ) ;
#4818 = EDGE_CURVE ( 'NONE', #857, #1274, #1682, .T. ) ;
#4819 = EDGE_CURVE ( 'NONE', #172, #5267, #4479, .T. ) ;
#4820 = VERTEX_POINT ( 'NONE', #1475 ) ;
#4821 = AXIS2_PLACEMENT_3D ( 'NONE', #6315, #5392, #6815 ) ;
#4822 = EDGE_LOOP ( 'NONE', ( #1543, #3893, #8462, #4675 ) ) ;
#4823 = LINE ( 'NONE', #6247, #6811 ) ;
#4824 = DIRECTION ( 'NONE',  ( 1.000000000000000000, 0.000000000000000000, 0.000000000000000000 ) ) ;
#4825 = VERTEX_POINT ( 'NONE', #7052 ) ;
#4826 = ADVANCED_FACE ( 'NONE', ( #4296 ), #120, .F. ) ;
#4827 = DIRECTION ( 'NONE',  ( 0.000000000000000000, -0.000000000000000000, -1.000000000000000000 ) ) ;
#4828 = DIRECTION ( 'NONE',  ( 0.000000000000000000, -0.000000000000000000, -1.000000000000000000 ) ) ;
#4829 = EDGE_CURVE ( 'NONE', #4853, #6567, #7834, .T. ) ;
#4830 = ORIENTED_EDGE ( 'NONE', *, *, #3518, .T. ) ;
#4831 = ADVANCED_FACE ( 'NONE', ( #5891 ), #8151, .F. ) ;
#4832 = ORIENTED_EDGE ( 'NONE', *, *, #5266, .F. ) ;
#4833 = CARTESIAN_POINT ( 'NONE',  ( 135.9528908614400962, -119.5844760786697663, 2.000000000000000000 ) ) ;
#4834 = FACE_OUTER_BOUND ( 'NONE', #479, .T. ) ;
#4835 = ORIENTED_EDGE ( 'NONE', *, *, #2230, .F. ) ;
#4836 = ORIENTED_EDGE ( 'NONE', *, *, #7762, .F. ) ;
#4837 = CARTESIAN_POINT ( 'NONE',  ( -215.0000000000000000, 0.000000000000000000, 6.000000000000000000 ) ) ;
#4838 = FACE_OUTER_BOUND ( 'NONE', #4948, .T. ) ;
#4839 = CARTESIAN_POINT ( 'NONE',  ( -149.9999999999999432, 90.00000000000002842, 6.000000000000000000 ) ) ;
#4840 = FACE_OUTER_BOUND ( 'NONE', #5252, .T. ) ;
#4841 = DIRECTION ( 'NONE',  ( -0.000000000000000000, -0.000000000000000000, -1.000000000000000000 ) ) ;
#4842 = EDGE_LOOP ( 'NONE', ( #911, #1165, #2755 ) ) ;
#4843 = CARTESIAN_POINT ( 'NONE',  ( 13.30671901020796710, -116.6932809897921857, 2.000000000000000000 ) ) ;
#4844 = CARTESIAN_POINT ( 'NONE',  ( 84.66662096138783511, -71.59380834828996854, 6.000000000000000000 ) ) ;
#4845 = ORIENTED_EDGE ( 'NONE', *, *, #2094, .F. ) ;
#4846 = EDGE_CURVE ( 'NONE', #142, #8511, #5213, .T. ) ;
#4847 = CARTESIAN_POINT ( 'NONE',  ( -31.59380834829013551, -55.33337903861221463, 6.000000000000000000 ) ) ;
#4848 = EDGE_LOOP ( 'NONE', ( #3989, #2648, #6132, #1190, #7094, #5647, #4184, #4217, #6533, #4392, #5568 ) ) ;
#4849 = CARTESIAN_POINT ( 'NONE',  ( -179.9244802719920244, 74.20508674291049545, 4.500000000000054179 ) ) ;
#4850 = CARTESIAN_POINT ( 'NONE',  ( -119.0605097497880678, -75.30951181692573471, 4.499999999999950262 ) ) ;
#4851 = CARTESIAN_POINT ( 'NONE',  ( 182.7500000000000853, 90.00000000000007105, 4.500000000000130562 ) ) ;
#4852 = CYLINDRICAL_SURFACE ( 'NONE', #1708, 1.500000000000001332 ) ;
#4853 = VERTEX_POINT ( 'NONE', #3877 ) ;
#4854 = ORIENTED_EDGE ( 'NONE', *, *, #5103, .F. ) ;
#4855 = CARTESIAN_POINT ( 'NONE',  ( 134.6666209613877925, 18.40619165170996041, 2.000000000000000000 ) ) ;
#4856 = CARTESIAN_POINT ( 'NONE',  ( 83.34178194375510884, -72.29722968529803495, 6.000000000000000000 ) ) ;
#4857 = VERTEX_POINT ( 'NONE', #7419 ) ;
#4858 = EDGE_CURVE ( 'NONE', #3360, #8188, #1793, .T. ) ;
#4859 = ORIENTED_EDGE ( 'NONE', *, *, #3806, .F. ) ;
#4860 = CARTESIAN_POINT ( 'NONE',  ( -50.00000000000000000, 90.00000000000000000, 6.000000000000000000 ) ) ;
#4861 = CARTESIAN_POINT ( 'NONE',  ( 12.25000000000007283, -89.99999999999995737, 6.000000000000000000 ) ) ;
#4862 = EDGE_CURVE ( 'NONE', #1396, #4545, #82, .T. ) ;
#4863 = CARTESIAN_POINT ( 'NONE',  ( -182.7499999999999432, 90.00000000000002842, 4.500000000000054179 ) ) ;
#4864 = ORIENTED_EDGE ( 'NONE', *, *, #4858, .F. ) ;
#4865 = VERTEX_POINT ( 'NONE', #1843 ) ;
#4866 = CARTESIAN_POINT ( 'NONE',  ( 3.081487911019577365E-30, 125.0000000000000568, 6.000000000000000000 ) ) ;
#4867 = CARTESIAN_POINT ( 'NONE',  ( 164.0471091385600175, 119.5844760786698657, 4.500000000000130562 ) ) ;
#4868 = EDGE_CURVE ( 'NONE', #8188, #7513, #6630, .T. ) ;
#4869 = EDGE_CURVE ( 'NONE', #5539, #2935, #7420, .T. ) ;
#4870 = DIRECTION ( 'NONE',  ( -0.000000000000000000, -0.000000000000000000, -1.000000000000000000 ) ) ;
#4871 = ORIENTED_EDGE ( 'NONE', *, *, #6292, .F. ) ;
#4872 = CARTESIAN_POINT ( 'NONE',  ( 3.081487911019577365E-30, 125.0000000000000568, 4.000000000000000000 ) ) ;
#4873 = EDGE_CURVE ( 'NONE', #1316, #5912, #3445, .T. ) ;
#4874 = VERTEX_POINT ( 'NONE', #1054 ) ;
#4875 = ORIENTED_EDGE ( 'NONE', *, *, #1484, .F. ) ;
#4876 = EDGE_LOOP ( 'NONE', ( #6120, #3912, #4389 ) ) ;
#4877 = DIRECTION ( 'NONE',  ( 1.000000000000000000, 0.000000000000000000, 0.000000000000000000 ) ) ;
#4878 = CARTESIAN_POINT ( 'NONE',  ( -80.51288365201855868, 33.62662009552744280, 4.500000000000019540 ) ) ;
#4879 = EDGE_CURVE ( 'NONE', #6985, #3575, #1103, .T. ) ;
#4880 = CIRCLE ( 'NONE', #5168, 1.500000000000001332 ) ;
#4881 = LINE ( 'NONE', #8475, #7538 ) ;
#4882 = EDGE_CURVE ( 'NONE', #634, #2291, #1748, .T. ) ;
#4883 = EDGE_CURVE ( 'NONE', #6849, #2385, #6982, .T. ) ;
#4884 = CARTESIAN_POINT ( 'NONE',  ( -149.9999999999999432, -90.00000000000002842, 2.000000000000000000 ) ) ;
#4885 = AXIS2_PLACEMENT_3D ( 'NONE', #7606, #1284, #8383 ) ;
#4886 = DIRECTION ( 'NONE',  ( -0.000000000000000000, -0.000000000000000000, 1.000000000000000000 ) ) ;
#4887 = DIRECTION ( 'NONE',  ( -0.000000000000000000, -0.000000000000000000, -1.000000000000000000 ) ) ;
#4888 = ORIENTED_EDGE ( 'NONE', *, *, #2958, .T. ) ;
#4889 = CYLINDRICAL_SURFACE ( 'NONE', #3860, 1.500000000000001332 ) ;
#4890 = CARTESIAN_POINT ( 'NONE',  ( 133.1666209613877072, 18.40619165170996041, 4.499999999999922728 ) ) ;
#4891 = AXIS2_PLACEMENT_3D ( 'NONE', #6589, #918, #1524 ) ;
#4892 = AXIS2_PLACEMENT_3D ( 'NONE', #7914, #5880, #1602 ) ;
#4893 = FACE_OUTER_BOUND ( 'NONE', #6777, .T. ) ;
#4894 = EDGE_LOOP ( 'NONE', ( #1685, #5129, #8053, #4164, #2734, #2749, #5225, #7675, #706, #8467, #1346 ) ) ;
#4895 = DIRECTION ( 'NONE',  ( -1.000000000000000000, 0.000000000000000000, 0.000000000000000000 ) ) ;
#4896 = VECTOR ( 'NONE', #2769, 1000.000000000000114 ) ;
#4897 = DIRECTION ( 'NONE',  ( 1.000000000000000000, 0.000000000000000000, 0.000000000000000000 ) ) ;
#4898 = CARTESIAN_POINT ( 'NONE',  ( 164.0471091385600175, 119.5844760786698657, 6.000000000000000000 ) ) ;
#4899 = ORIENTED_EDGE ( 'NONE', *, *, #7143, .F. ) ;
#4900 = DIRECTION ( 'NONE',  ( 0.000000000000000000, 0.000000000000000000, 1.000000000000000000 ) ) ;
#4901 = DIRECTION ( 'NONE',  ( 1.000000000000000000, 0.000000000000000000, 0.000000000000000000 ) ) ;
#4902 = ORIENTED_EDGE ( 'NONE', *, *, #4879, .T. ) ;
#4903 = CIRCLE ( 'NONE', #342, 37.75000000000000711 ) ;
#4904 = ORIENTED_EDGE ( 'NONE', *, *, #7995, .F. ) ;
#4905 = AXIS2_PLACEMENT_3D ( 'NONE', #3387, #4135, #2161 ) ;
#4906 = CARTESIAN_POINT ( 'NONE',  ( -117.2499999999999432, -90.00000000000002842, 4.499999999999950262 ) ) ;
#4907 = AXIS2_PLACEMENT_3D ( 'NONE', #549, #3306, #4877 ) ;
#4908 = EDGE_CURVE ( 'NONE', #3469, #4256, #4525, .T. ) ;
#4909 = LINE ( 'NONE', #7111, #6347 ) ;
#4910 = ORIENTED_EDGE ( 'NONE', *, *, #1556, .F. ) ;
#4911 = VECTOR ( 'NONE', #2566, 1000.000000000000000 ) ;
#4912 = AXIS2_PLACEMENT_3D ( 'NONE', #6704, #4689, #7486 ) ;
#4913 = ORIENTED_EDGE ( 'NONE', *, *, #5312, .T. ) ;
#4914 = CARTESIAN_POINT ( 'NONE',  ( 180.9394902502119180, 104.6904881830743363, 2.000000000000000000 ) ) ;
#4915 = CARTESIAN_POINT ( 'NONE',  ( -49.99999999999993605, -89.99999999999997158, 6.000000000000000000 ) ) ;
#4916 = DIRECTION ( 'NONE',  ( -0.000000000000000000, -0.000000000000000000, 1.000000000000000000 ) ) ;
#4917 = ORIENTED_EDGE ( 'NONE', *, *, #5670, .T. ) ;
#4918 = ORIENTED_EDGE ( 'NONE', *, *, #3517, .T. ) ;
#4919 = DIRECTION ( 'NONE',  ( 1.000000000000000000, 0.000000000000000000, 0.000000000000000000 ) ) ;
#4920 = DIRECTION ( 'NONE',  ( -1.000000000000000000, 0.000000000000000000, 0.000000000000000000 ) ) ;
#4921 = AXIS2_PLACEMENT_3D ( 'NONE', #3675, #7943, #7132 ) ;
#4922 = VECTOR ( 'NONE', #5823, 999.9999999999998863 ) ;
#4923 = ORIENTED_EDGE ( 'NONE', *, *, #7960, .T. ) ;
#4924 = EDGE_CURVE ( 'NONE', #2147, #7747, #5364, .T. ) ;
#4925 = CARTESIAN_POINT ( 'NONE',  ( 80.51288365201870079, -33.62662009552742859, 6.000000000000000000 ) ) ;
#4926 = AXIS2_PLACEMENT_3D ( 'NONE', #7515, #6141, #1199 ) ;
#4927 = CARTESIAN_POINT ( 'NONE',  ( 164.0471091385600744, -60.41552392133019822, 6.000000000000000000 ) ) ;
#4928 = ORIENTED_EDGE ( 'NONE', *, *, #4199, .T. ) ;
#4929 = EDGE_LOOP ( 'NONE', ( #6008, #7151, #1243, #2116 ) ) ;
#4930 = EDGE_LOOP ( 'NONE', ( #1177, #3477, #1446, #3168, #3156 ) ) ;
#4931 = DIRECTION ( 'NONE',  ( 0.000000000000000000, -0.000000000000000000, -1.000000000000000000 ) ) ;
#4932 = EDGE_CURVE ( 'NONE', #5407, #8419, #3160, .T. ) ;
#4933 = SURFACE_SIDE_STYLE ('',( #1228 ) ) ;
#4934 = CONICAL_SURFACE ( 'NONE', #2287, 10.00000000000000178, 0.7853981633974528309 ) ;
#4935 = EDGE_CURVE ( 'NONE', #7162, #6908, #7725, .T. ) ;
#4936 = DIRECTION ( 'NONE',  ( 0.000000000000000000, -0.000000000000000000, -1.000000000000000000 ) ) ;
#4937 = CARTESIAN_POINT ( 'NONE',  ( -73.30671901020787118, 26.69328098979220343, 4.500000000000019540 ) ) ;
#4938 = DIRECTION ( 'NONE',  ( -0.000000000000000000, -0.000000000000000000, -1.000000000000000000 ) ) ;
#4939 = CARTESIAN_POINT ( 'NONE',  ( -119.0605097497879541, 104.6904881830740663, 6.000000000000000000 ) ) ;
#4940 = ORIENTED_EDGE ( 'NONE', *, *, #6558, .T. ) ;
#4941 = EDGE_CURVE ( 'NONE', #7314, #3454, #1687, .T. ) ;
#4942 = CARTESIAN_POINT ( 'NONE',  ( 179.9244802719920244, 105.7949132570897888, 4.500000000000130562 ) ) ;
#4943 = DIRECTION ( 'NONE',  ( -1.000000000000000000, 0.000000000000000000, 0.000000000000000000 ) ) ;
#4944 = ADVANCED_FACE ( 'NONE', ( #2483 ), #286, .T. ) ;
#4945 = VERTEX_POINT ( 'NONE', #3088 ) ;
#4946 = FACE_OUTER_BOUND ( 'NONE', #4822, .T. ) ;
#4947 = DIRECTION ( 'NONE',  ( 0.000000000000000000, 0.000000000000000000, 1.000000000000000000 ) ) ;
#4948 = EDGE_LOOP ( 'NONE', ( #7648, #6779, #4476, #347 ) ) ;
#4949 = DIRECTION ( 'NONE',  ( -0.000000000000000000, -0.000000000000000000, -1.000000000000000000 ) ) ;
#4950 = DIRECTION ( 'NONE',  ( -0.000000000000000000, -0.000000000000000000, -1.000000000000000000 ) ) ;
#4951 = ORIENTED_EDGE ( 'NONE', *, *, #862, .F. ) ;
#4952 = CIRCLE ( 'NONE', #2011, 9.999999999999994671 ) ;
#4953 = CARTESIAN_POINT ( 'NONE',  ( 135.9528908614400962, -119.5844760786697663, 6.000000000000000000 ) ) ;
#4954 = LINE ( 'NONE', #2875, #6040 ) ;
#4955 = EDGE_LOOP ( 'NONE', ( #8397, #705, #7527 ) ) ;
#4956 = ORIENTED_EDGE ( 'NONE', *, *, #3394, .T. ) ;
#4957 = CARTESIAN_POINT ( 'NONE',  ( 14.75000000000000000, 90.00000000000000000, 2.000000000000000000 ) ) ;
#4958 = FACE_OUTER_BOUND ( 'NONE', #6835, .T. ) ;
#4959 = CARTESIAN_POINT ( 'NONE',  ( 5.500000000000000000, 125.0000000000000568, 6.000000000000000000 ) ) ;
#4960 = ORIENTED_EDGE ( 'NONE', *, *, #1930, .F. ) ;
#4961 = VECTOR ( 'NONE', #5943, 1000.000000000000000 ) ;
#4962 = EDGE_LOOP ( 'NONE', ( #7263, #7281 ) ) ;
#4963 = DIRECTION ( 'NONE',  ( -1.000000000000000000, 0.000000000000000000, 0.000000000000000000 ) ) ;
#4964 = CARTESIAN_POINT ( 'NONE',  ( -49.99999999999993605, -89.99999999999997158, 6.000000000000000000 ) ) ;
#4965 = VECTOR ( 'NONE', #4609, 1000.000000000000000 ) ;
#4966 = VERTEX_POINT ( 'NONE', #3184 ) ;
#4967 = AXIS2_PLACEMENT_3D ( 'NONE', #8732, #8478, #2428 ) ;
#4968 = CARTESIAN_POINT ( 'NONE',  ( -24.92551403682574573, -24.92551403682584876, 2.000000000000000000 ) ) ;
#4969 = EDGE_CURVE ( 'NONE', #844, #797, #8057, .T. ) ;
#4970 = CARTESIAN_POINT ( 'NONE',  ( -119.0605097497879399, 104.6904881830740379, 2.000000000000000000 ) ) ;
#4971 = ORIENTED_EDGE ( 'NONE', *, *, #1254, .T. ) ;
#4972 = ORIENTED_EDGE ( 'NONE', *, *, #7183, .F. ) ;
#4973 = DIRECTION ( 'NONE',  ( 0.000000000000000000, -0.000000000000000000, -1.000000000000000000 ) ) ;
#4974 = CARTESIAN_POINT ( 'NONE',  ( -17.18962096152791474, 106.5541996892569045, 6.000000000000000000 ) ) ;
#4975 = EDGE_CURVE ( 'NONE', #8011, #4491, #2401, .T. ) ;
#4976 = ORIENTED_EDGE ( 'NONE', *, *, #7010, .F. ) ;
#4977 = DIRECTION ( 'NONE',  ( 1.000000000000000000, 0.000000000000000000, 0.000000000000000000 ) ) ;
#4978 = DIRECTION ( 'NONE',  ( 1.000000000000000000, 0.000000000000000000, 0.000000000000000000 ) ) ;
#4979 = DIRECTION ( 'NONE',  ( 0.000000000000000000, 0.000000000000000000, 1.000000000000000000 ) ) ;
#4980 = ADVANCED_FACE ( 'NONE', ( #8199 ), #7872, .T. ) ;
#4981 = CARTESIAN_POINT ( 'NONE',  ( -16.55419968925679086, -32.81037903847211368, 4.499999999999929834 ) ) ;
#4982 = ORIENTED_EDGE ( 'NONE', *, *, #4544, .F. ) ;
#4983 = CYLINDRICAL_SURFACE ( 'NONE', #6794, 9.999999999999994671 ) ;
#4984 = FACE_OUTER_BOUND ( 'NONE', #1212, .T. ) ;
#4985 = ADVANCED_FACE ( 'NONE', ( #7547 ), #6858, .F. ) ;
#4986 = ADVANCED_FACE ( 'NONE', ( #5477 ), #3312, .F. ) ;
#4987 = DIRECTION ( 'NONE',  ( 0.000000000000000000, -0.000000000000000000, -1.000000000000000000 ) ) ;
#4988 = CARTESIAN_POINT ( 'NONE',  ( -33.44580031074323045, 122.8103790384721208, 2.000000000000000000 ) ) ;
#4989 = CARTESIAN_POINT ( 'NONE',  ( 0.000000000000000000, 0.000000000000000000, 0.000000000000000000 ) ) ;
#4990 = ADVANCED_FACE ( 'NONE', ( #6077 ), #4195, .T. ) ;
#4991 = ORIENTED_EDGE ( 'NONE', *, *, #7240, .F. ) ;
#4992 = DIRECTION ( 'NONE',  ( -1.000000000000000000, 0.000000000000000000, 0.000000000000000000 ) ) ;
#4993 = EDGE_CURVE ( 'NONE', #739, #7707, #6168, .T. ) ;
#4994 = CARTESIAN_POINT ( 'NONE',  ( 64.75000000000014211, 2.775557561562891351E-14, 2.000000000000000000 ) ) ;
#4995 = ORIENTED_EDGE ( 'NONE', *, *, #5879, .F. ) ;
#4996 = DIRECTION ( 'NONE',  ( 0.000000000000000000, -0.000000000000000000, -1.000000000000000000 ) ) ;
#4997 = CARTESIAN_POINT ( 'NONE',  ( 116.8422529161406089, 66.84225291614060893, 4.500000000000130562 ) ) ;
#4998 = EDGE_LOOP ( 'NONE', ( #4451, #2411, #728, #2441, #8091 ) ) ;
#4999 = EDGE_LOOP ( 'NONE', ( #5491, #8491, #5867, #3527 ) ) ;
#5000 = CYLINDRICAL_SURFACE ( 'NONE', #7665, 1.500000000000001332 ) ;
#5001 = CARTESIAN_POINT ( 'NONE',  ( 134.6666209613877925, 18.40619165170996041, 4.499999999999922728 ) ) ;
#5002 = CYLINDRICAL_SURFACE ( 'NONE', #6266, 3.299999999999997158 ) ;
#5003 = ORIENTED_EDGE ( 'NONE', *, *, #590, .F. ) ;
#5004 = ORIENTED_EDGE ( 'NONE', *, *, #57, .F. ) ;
#5005 = DIRECTION ( 'NONE',  ( 1.000000000000000000, 0.000000000000000000, 0.000000000000000000 ) ) ;
#5006 = ORIENTED_EDGE ( 'NONE', *, *, #1881, .F. ) ;
#5007 = AXIS2_PLACEMENT_3D ( 'NONE', #5471, #8970, #3541 ) ;
#5008 = CYLINDRICAL_SURFACE ( 'NONE', #8869, 37.75000000000000000 ) ;
#5009 = CARTESIAN_POINT ( 'NONE',  ( -23.30671901020783920, -63.30671901020773618, 4.500000000000033751 ) ) ;
#5010 = VERTEX_POINT ( 'NONE', #2715 ) ;
#5011 = EDGE_LOOP ( 'NONE', ( #5204, #5605, #1460, #2945 ) ) ;
#5012 = CARTESIAN_POINT ( 'NONE',  ( -200.0000000000000000, 125.0000000000000568, 4.000000000000000000 ) ) ;
#5013 = CARTESIAN_POINT ( 'NONE',  ( -15.33337903861228035, -71.59380834828998275, 4.500000000000033751 ) ) ;
#5014 = EDGE_CURVE ( 'NONE', #6557, #5592, #3900, .T. ) ;
#5015 = CARTESIAN_POINT ( 'NONE',  ( -13.24999999999994316, 90.00000000000000000, 6.000000000000000000 ) ) ;
#5016 = DIRECTION ( 'NONE',  ( 0.000000000000000000, 0.000000000000000000, 1.000000000000000000 ) ) ;
#5017 = CARTESIAN_POINT ( 'NONE',  ( -149.9999999999999432, -90.00000000000002842, 4.499999999999950262 ) ) ;
#5018 = ORIENTED_EDGE ( 'NONE', *, *, #7500, .T. ) ;
#5019 = CIRCLE ( 'NONE', #6348, 39.25000000000009237 ) ;
#5020 = DIRECTION ( 'NONE',  ( 0.000000000000000000, -0.000000000000000000, -1.000000000000000000 ) ) ;
#5021 = DIRECTION ( 'NONE',  ( -0.000000000000000000, -0.000000000000000000, 1.000000000000000000 ) ) ;
#5022 = CIRCLE ( 'NONE', #7083, 34.25000000000002842 ) ;
#5023 = VECTOR ( 'NONE', #7667, 1000.000000000000000 ) ;
#5024 = EDGE_LOOP ( 'NONE', ( #999, #3242 ) ) ;
#5025 = CARTESIAN_POINT ( 'NONE',  ( -67.64611025633101349, 58.21808161391653158, 2.000000000000000000 ) ) ;
#5026 = FACE_OUTER_BOUND ( 'NONE', #5094, .T. ) ;
#5027 = ORIENTED_EDGE ( 'NONE', *, *, #2230, .T. ) ;
#5028 = CARTESIAN_POINT ( 'NONE',  ( 100.0000000000001137, 2.775557561562891351E-14, 6.000000000000000000 ) ) ;
#5029 = DIRECTION ( 'NONE',  ( -0.000000000000000000, -0.000000000000000000, 1.000000000000000000 ) ) ;
#5030 = VERTEX_POINT ( 'NONE', #8377 ) ;
#5031 = AXIS2_PLACEMENT_3D ( 'NONE', #3562, #7654, #1481 ) ;
#5032 = DIRECTION ( 'NONE',  ( 0.000000000000000000, -0.000000000000000000, -1.000000000000000000 ) ) ;
#5033 = EDGE_CURVE ( 'NONE', #3287, #4857, #6545, .T. ) ;
#5034 = CARTESIAN_POINT ( 'NONE',  ( 135.9528908614400962, -119.5844760786697663, 4.499999999999929834 ) ) ;
#5035 = CIRCLE ( 'NONE', #1509, 1.500000000000001332 ) ;
#5036 = VERTEX_POINT ( 'NONE', #4750 ) ;
#5037 = ADVANCED_FACE ( 'NONE', ( #2073 ), #1926, .T. ) ;
#5038 = EDGE_CURVE ( 'NONE', #3658, #8630, #9076, .T. ) ;
#5039 = AXIS2_PLACEMENT_3D ( 'NONE', #3652, #4423, #2996 ) ;
#5040 = EDGE_CURVE ( 'NONE', #6908, #7382, #5807, .T. ) ;
#5041 = ORIENTED_EDGE ( 'NONE', *, *, #2215, .F. ) ;
#5042 = FACE_OUTER_BOUND ( 'NONE', #6834, .T. ) ;
#5043 = VECTOR ( 'NONE', #3087, 1000.000000000000000 ) ;
#5044 = FACE_BOUND ( 'NONE', #3462, .T. ) ;
#5045 = LINE ( 'NONE', #1493, #6844 ) ;
#5046 = DIRECTION ( 'NONE',  ( 1.000000000000000000, 0.000000000000000000, 0.000000000000000000 ) ) ;
#5047 = ORIENTED_EDGE ( 'NONE', *, *, #8635, .F. ) ;
#5048 = DIRECTION ( 'NONE',  ( 0.000000000000000000, -0.000000000000000000, -1.000000000000000000 ) ) ;
#5049 = ADVANCED_FACE ( 'NONE', ( #593 ), #3401, .T. ) ;
#5050 = AXIS2_PLACEMENT_3D ( 'NONE', #6410, #238, #2991 ) ;
#5051 = ORIENTED_EDGE ( 'NONE', *, *, #2729, .F. ) ;
#5052 = CIRCLE ( 'NONE', #1069, 39.25000000000000711 ) ;
#5053 = AXIS2_PLACEMENT_3D ( 'NONE', #4745, #1227, #2897 ) ;
#5054 = ADVANCED_FACE ( 'NONE', ( #8332 ), #4934, .F. ) ;
#5055 = CARTESIAN_POINT ( 'NONE',  ( 0.000000000000000000, 0.000000000000000000, 4.499999999999929834 ) ) ;
#5056 = ORIENTED_EDGE ( 'NONE', *, *, #5382, .T. ) ;
#5057 = DIRECTION ( 'NONE',  ( 1.000000000000000000, 0.000000000000000000, 0.000000000000000000 ) ) ;
#5058 = ORIENTED_EDGE ( 'NONE', *, *, #3185, .F. ) ;
#5059 = ORIENTED_EDGE ( 'NONE', *, *, #212, .F. ) ;
#5060 = CIRCLE ( 'NONE', #8137, 1.500000000000001332 ) ;
#5061 = CONICAL_SURFACE ( 'NONE', #4028, 9.999999999999994671, 0.7853981633974644883 ) ;
#5062 = CARTESIAN_POINT ( 'NONE',  ( -12.24999999999993427, -89.99999999999997158, 4.500000000000033751 ) ) ;
#5063 = CARTESIAN_POINT ( 'NONE',  ( -0.000000000000000000, 139.9999999999999716, 0.000000000000000000 ) ) ;
#5064 = AXIS2_PLACEMENT_3D ( 'NONE', #858, #6531, #6774 ) ;
#5065 = CONICAL_SURFACE ( 'NONE', #6534, 1.500000000000056843, 0.7853981633974457255 ) ;
#5066 = DIRECTION ( 'NONE',  ( 1.000000000000000000, 0.000000000000000000, 0.000000000000000000 ) ) ;
#5067 = DIRECTION ( 'NONE',  ( 0.000000000000000000, 0.000000000000000000, 1.000000000000000000 ) ) ;
#5068 = DIRECTION ( 'NONE',  ( 0.000000000000000000, 0.000000000000000000, 1.000000000000000000 ) ) ;
#5069 = FACE_OUTER_BOUND ( 'NONE', #1720, .T. ) ;
#5070 = EDGE_LOOP ( 'NONE', ( #1909, #3375 ) ) ;
#5071 = AXIS2_PLACEMENT_3D ( 'NONE', #1945, #6871, #7313 ) ;
#5072 = AXIS2_PLACEMENT_3D ( 'NONE', #1661, #3743, #8660 ) ;
#5073 = DIRECTION ( 'NONE',  ( -0.000000000000000000, -0.000000000000000000, 1.000000000000000000 ) ) ;
#5074 = CYLINDRICAL_SURFACE ( 'NONE', #4009, 1.500000000000001332 ) ;
#5075 = AXIS2_PLACEMENT_3D ( 'NONE', #4839, #553, #8933 ) ;
#5076 = FACE_OUTER_BOUND ( 'NONE', #4955, .T. ) ;
#5077 = DIRECTION ( 'NONE',  ( 1.000000000000000000, 0.000000000000000000, 0.000000000000000000 ) ) ;
#5078 = EDGE_CURVE ( 'NONE', #2223, #7513, #5391, .T. ) ;
#5079 = ORIENTED_EDGE ( 'NONE', *, *, #754, .F. ) ;
#5080 = CARTESIAN_POINT ( 'NONE',  ( 173.1577470838594479, 113.1577470838595332, 4.500000000000130562 ) ) ;
#5081 = DIRECTION ( 'NONE',  ( -1.000000000000000000, 0.000000000000000000, 0.000000000000000000 ) ) ;
#5082 = ORIENTED_EDGE ( 'NONE', *, *, #622, .T. ) ;
#5083 = CARTESIAN_POINT ( 'NONE',  ( 82.81037903847203552, 106.5541996892568903, 4.499999999999936051 ) ) ;
#5084 = CARTESIAN_POINT ( 'NONE',  ( -203.3000000000000114, -124.9999999999999574, 6.000000000000000000 ) ) ;
#5085 = VECTOR ( 'NONE', #3865, 1000.000000000000000 ) ;
#5086 = ORIENTED_EDGE ( 'NONE', *, *, #6808, .T. ) ;
#5087 = VECTOR ( 'NONE', #7519, 1000.000000000000000 ) ;
#5088 = ORIENTED_EDGE ( 'NONE', *, *, #1980, .F. ) ;
#5089 = CARTESIAN_POINT ( 'NONE',  ( 150.0000000000000568, 90.00000000000007105, 0.000000000000000000 ) ) ;
#5090 = FACE_BOUND ( 'NONE', #3885, .T. ) ;
#5091 = EDGE_CURVE ( 'NONE', #3378, #4711, #1323, .T. ) ;
#5092 = VECTOR ( 'NONE', #8314, 1000.000000000000114 ) ;
#5093 = CARTESIAN_POINT ( 'NONE',  ( 150.0000000000001137, -89.99999999999998579, 4.499999999999929834 ) ) ;
#5094 = EDGE_LOOP ( 'NONE', ( #5869, #8450, #1951, #2548, #1030 ) ) ;
#5095 = ORIENTED_EDGE ( 'NONE', *, *, #274, .T. ) ;
#5096 = DIRECTION ( 'NONE',  ( 0.000000000000000000, 0.000000000000000000, 1.000000000000000000 ) ) ;
#5097 = EDGE_CURVE ( 'NONE', #6746, #7314, #7464, .T. ) ;
#5098 = EDGE_CURVE ( 'NONE', #4874, #6304, #6100, .T. ) ;
#5099 = VERTEX_POINT ( 'NONE', #2620 ) ;
#5100 = AXIS2_PLACEMENT_3D ( 'NONE', #1615, #3006, #4347 ) ;
#5101 = AXIS2_PLACEMENT_3D ( 'NONE', #5689, #3476, #4901 ) ;
#5102 = LINE ( 'NONE', #4369, #2847 ) ;
#5103 = EDGE_CURVE ( 'NONE', #5316, #7230, #4641, .T. ) ;
#5104 = FACE_OUTER_BOUND ( 'NONE', #6974, .T. ) ;
#5105 = ORIENTED_EDGE ( 'NONE', *, *, #9022, .T. ) ;
#5106 = CONICAL_SURFACE ( 'NONE', #3328, 1.499999999999959588, 0.7853981633974416177 ) ;
#5107 = EDGE_LOOP ( 'NONE', ( #5989, #4580, #6136, #3574 ) ) ;
#5108 = EDGE_CURVE ( 'NONE', #6242, #3957, #90, .T. ) ;
#5109 = DIRECTION ( 'NONE',  ( -0.000000000000000000, 0.000000000000000000, 1.000000000000000000 ) ) ;
#5110 = EDGE_CURVE ( 'NONE', #5201, #5428, #2993, .T. ) ;
#5111 = FACE_BOUND ( 'NONE', #8259, .T. ) ;
#5112 = CIRCLE ( 'NONE', #5390, 3.299999999999997158 ) ;
#5113 = CARTESIAN_POINT ( 'NONE',  ( 73.30671901020801329, -26.69328098979219988, 2.000000000000000000 ) ) ;
#5114 = CARTESIAN_POINT ( 'NONE',  ( 3.081487911019577365E-30, 125.0000000000000568, 6.000000000000000000 ) ) ;
#5115 = CARTESIAN_POINT ( 'NONE',  ( -164.6904881830741090, -120.9394902502119464, 4.499999999999950262 ) ) ;
#5116 = CARTESIAN_POINT ( 'NONE',  ( -133.6266200955273860, -19.48711634798150527, 6.000000000000000000 ) ) ;
#5117 = CARTESIAN_POINT ( 'NONE',  ( -205.0000000000000000, -130.0000000000000000, 6.000000000000000000 ) ) ;
#5118 = LINE ( 'NONE', #195, #7237 ) ;
#5119 = ORIENTED_EDGE ( 'NONE', *, *, #3475, .F. ) ;
#5120 = CARTESIAN_POINT ( 'NONE',  ( 118.4061916517099746, 34.66662096138785643, 6.000000000000000000 ) ) ;
#5121 = DIRECTION ( 'NONE',  ( -0.6313045309225702173, -0.3185193702691081485, 0.7071067811865505703 ) ) ;
#5122 = DIRECTION ( 'NONE',  ( 0.000000000000000000, 0.000000000000000000, 1.000000000000000000 ) ) ;
#5123 = CYLINDRICAL_SURFACE ( 'NONE', #2891, 32.75000000000000000 ) ;
#5124 = ORIENTED_EDGE ( 'NONE', *, *, #993, .T. ) ;
#5125 = DIRECTION ( 'NONE',  ( 0.000000000000000000, 0.000000000000000000, -1.000000000000000000 ) ) ;
#5126 = LINE ( 'NONE', #3094, #4141 ) ;
#5127 = EDGE_LOOP ( 'NONE', ( #7623, #6524, #7765, #2921 ) ) ;
#5128 = EDGE_CURVE ( 'NONE', #7513, #7112, #2134, .T. ) ;
#5129 = ORIENTED_EDGE ( 'NONE', *, *, #2337, .T. ) ;
#5130 = DIRECTION ( 'NONE',  ( 0.000000000000000000, -0.000000000000000000, -1.000000000000000000 ) ) ;
#5131 = FACE_BOUND ( 'NONE', #1187, .T. ) ;
#5132 = CARTESIAN_POINT ( 'NONE',  ( 150.0000000000000568, 90.00000000000007105, 4.500000000000130562 ) ) ;
#5133 = DIRECTION ( 'NONE',  ( -0.000000000000000000, -0.000000000000000000, -1.000000000000000000 ) ) ;
#5134 = ORIENTED_EDGE ( 'NONE', *, *, #8557, .F. ) ;
#5135 = DIRECTION ( 'NONE',  ( 1.000000000000000000, 0.000000000000000000, 0.000000000000000000 ) ) ;
#5136 = VERTEX_POINT ( 'NONE', #3544 ) ;
#5137 = EDGE_LOOP ( 'NONE', ( #1535, #4224, #7299, #8213 ) ) ;
#5138 = LINE ( 'NONE', #2978, #7256 ) ;
#5139 = DIRECTION ( 'NONE',  ( 0.000000000000000000, 0.000000000000000000, 1.000000000000000000 ) ) ;
#5140 = ORIENTED_EDGE ( 'NONE', *, *, #4626, .T. ) ;
#5141 = ORIENTED_EDGE ( 'NONE', *, *, #6537, .F. ) ;
#5142 = DIRECTION ( 'NONE',  ( -1.000000000000000000, 0.000000000000000000, 0.000000000000000000 ) ) ;
#5143 = PLANE ( 'NONE',  #8825 ) ;
#5144 = FACE_BOUND ( 'NONE', #2956, .T. ) ;
#5145 = EDGE_CURVE ( 'NONE', #7259, #5316, #1831, .T. ) ;
#5146 = ORIENTED_EDGE ( 'NONE', *, *, #451, .F. ) ;
#5147 = EDGE_CURVE ( 'NONE', #818, #9079, #7000, .T. ) ;
#5148 = AXIS2_PLACEMENT_3D ( 'NONE', #7737, #1463, #4283 ) ;
#5149 = EDGE_CURVE ( 'NONE', #6544, #3484, #2943, .T. ) ;
#5150 = CARTESIAN_POINT ( 'NONE',  ( -100.0000000000000000, 0.000000000000000000, 2.000000000000000000 ) ) ;
#5151 = DIRECTION ( 'NONE',  ( 1.000000000000000000, 0.000000000000000000, 0.000000000000000000 ) ) ;
#5152 = CARTESIAN_POINT ( 'NONE',  ( 68.40619165170994620, -55.33337903861215068, 6.000000000000000000 ) ) ;
#5153 = DIRECTION ( 'NONE',  ( -1.000000000000000000, 0.000000000000000000, 0.000000000000000000 ) ) ;
#5154 = VERTEX_POINT ( 'NONE', #5804 ) ;
#5155 = LINE ( 'NONE', #1569, #50 ) ;
#5156 = EDGE_CURVE ( 'NONE', #4125, #2369, #5948, .T. ) ;
#5157 = ADVANCED_FACE ( 'NONE', ( #5751 ), #2209, .F. ) ;
#5158 = EDGE_CURVE ( 'NONE', #801, #5906, #1377, .T. ) ;
#5159 = CIRCLE ( 'NONE', #312, 36.75000000000007105 ) ;
#5160 = ORIENTED_EDGE ( 'NONE', *, *, #8780, .F. ) ;
#5161 = CARTESIAN_POINT ( 'NONE',  ( 3.081487911019577365E-30, 125.0000000000000568, 4.000000000000000000 ) ) ;
#5162 = DIRECTION ( 'NONE',  ( -0.000000000000000000, 0.000000000000000000, 1.000000000000000000 ) ) ;
#5163 = CIRCLE ( 'NONE', #3247, 1.500000000000001332 ) ;
#5164 = CYLINDRICAL_SURFACE ( 'NONE', #2451, 1.500000000000001332 ) ;
#5165 = DIRECTION ( 'NONE',  ( 1.000000000000000000, 0.000000000000000000, 0.000000000000000000 ) ) ;
#5166 = ORIENTED_EDGE ( 'NONE', *, *, #3411, .F. ) ;
#5167 = DIRECTION ( 'NONE',  ( -0.000000000000000000, -0.000000000000000000, 1.000000000000000000 ) ) ;
#5168 = AXIS2_PLACEMENT_3D ( 'NONE', #4855, #4996, #3479 ) ;
#5169 = FACE_OUTER_BOUND ( 'NONE', #6763, .T. ) ;
#5170 = VERTEX_POINT ( 'NONE', #1466 ) ;
#5171 = AXIS2_PLACEMENT_3D ( 'NONE', #8539, #5734, #2231 ) ;
#5172 = ORIENTED_EDGE ( 'NONE', *, *, #2669, .F. ) ;
#5173 = DIRECTION ( 'NONE',  ( 0.000000000000000000, 0.000000000000000000, 1.000000000000000000 ) ) ;
#5174 = CONICAL_SURFACE ( 'NONE', #2522, 32.75000000000001421, 0.7853981633974391752 ) ;
#5175 = DIRECTION ( 'NONE',  ( 1.000000000000000000, 0.000000000000000000, 0.000000000000000000 ) ) ;
#5176 = LINE ( 'NONE', #7807, #5524 ) ;
#5177 = DIRECTION ( 'NONE',  ( 1.000000000000000000, 0.000000000000000000, 0.000000000000000000 ) ) ;
#5178 = ORIENTED_EDGE ( 'NONE', *, *, #678, .T. ) ;
#5179 = ORIENTED_EDGE ( 'NONE', *, *, #3243, .F. ) ;
#5180 = CIRCLE ( 'NONE', #6650, 39.25000000000002132 ) ;
#5181 = CARTESIAN_POINT ( 'NONE',  ( 135.2500000000000853, 3.207245558262332748E-14, 2.000000000000000000 ) ) ;
#5182 = VERTEX_POINT ( 'NONE', #4198 ) ;
#5183 = CIRCLE ( 'NONE', #4601, 1.500000000000001332 ) ;
#5184 = CIRCLE ( 'NONE', #7682, 9.999999999999994671 ) ;
#5185 = ORIENTED_EDGE ( 'NONE', *, *, #5614, .T. ) ;
#5186 = FACE_OUTER_BOUND ( 'NONE', #4372, .T. ) ;
#5187 = DIRECTION ( 'NONE',  ( -0.000000000000000000, -0.000000000000000000, -1.000000000000000000 ) ) ;
#5188 = ORIENTED_EDGE ( 'NONE', *, *, #5547, .T. ) ;
#5189 = VECTOR ( 'NONE', #6756, 1000.000000000000000 ) ;
#5190 = LINE ( 'NONE', #357, #4081 ) ;
#5191 = DIRECTION ( 'NONE',  ( 0.000000000000000000, -0.000000000000000000, -1.000000000000000000 ) ) ;
#5192 = AXIS2_PLACEMENT_3D ( 'NONE', #5847, #8005, #3682 ) ;
#5193 = CIRCLE ( 'NONE', #5334, 11.50000000000009415 ) ;
#5194 = CARTESIAN_POINT ( 'NONE',  ( 73.30671901020801329, -26.69328098979219988, 6.000000000000000000 ) ) ;
#5195 = CONICAL_SURFACE ( 'NONE', #6241, 34.24999999999998579, 0.7853981633974574939 ) ;
#5196 = DIRECTION ( 'NONE',  ( 0.000000000000000000, -0.000000000000000000, -1.000000000000000000 ) ) ;
#5197 = AXIS2_PLACEMENT_3D ( 'NONE', #5413, #8727, #1869 ) ;
#5198 = LINE ( 'NONE', #1649, #1969 ) ;
#5199 = AXIS2_PLACEMENT_3D ( 'NONE', #19, #3551, #697 ) ;
#5200 = DIRECTION ( 'NONE',  ( 1.000000000000000000, 0.000000000000000000, 0.000000000000000000 ) ) ;
#5201 = VERTEX_POINT ( 'NONE', #3505 ) ;
#5202 = ADVANCED_FACE ( 'NONE', ( #7142 ), #6986, .F. ) ;
#5203 = CARTESIAN_POINT ( 'NONE',  ( 65.33337903861237805, -18.40619165170998528, 6.000000000000000000 ) ) ;
#5204 = ORIENTED_EDGE ( 'NONE', *, *, #2744, .F. ) ;
#5205 = DIRECTION ( 'NONE',  ( -0.000000000000000000, 0.000000000000000000, 1.000000000000000000 ) ) ;
#5206 = EDGE_CURVE ( 'NONE', #8419, #5407, #6264, .T. ) ;
#5207 = ADVANCED_FACE ( 'NONE', ( #8561 ), #1693, .T. ) ;
#5208 = AXIS2_PLACEMENT_3D ( 'NONE', #991, #6142, #7478 ) ;
#5209 = AXIS2_PLACEMENT_3D ( 'NONE', #2413, #1856, #7303 ) ;
#5210 = EDGE_LOOP ( 'NONE', ( #5933, #3967, #1393, #1161 ) ) ;
#5211 = ORIENTED_EDGE ( 'NONE', *, *, #4652, .F. ) ;
#5212 = DIRECTION ( 'NONE',  ( -0.000000000000000000, -0.000000000000000000, 1.000000000000000000 ) ) ;
#5213 = LINE ( 'NONE', #8752, #6684 ) ;
#5214 = EDGE_CURVE ( 'NONE', #6375, #6874, #2724, .T. ) ;
#5215 = VECTOR ( 'NONE', #2730, 1000.000000000000000 ) ;
#5216 = CARTESIAN_POINT ( 'NONE',  ( -50.00000000000000000, 90.00000000000000000, 6.000000000000000000 ) ) ;
#5217 = DIRECTION ( 'NONE',  ( 0.000000000000000000, -0.000000000000000000, -1.000000000000000000 ) ) ;
#5218 = VERTEX_POINT ( 'NONE', #7876 ) ;
#5219 = DIRECTION ( 'NONE',  ( -0.000000000000000000, -0.000000000000000000, 1.000000000000000000 ) ) ;
#5220 = EDGE_CURVE ( 'NONE', #5099, #8372, #1549, .T. ) ;
#5221 = AXIS2_PLACEMENT_3D ( 'NONE', #1910, #7625, #2509 ) ;
#5222 = DIRECTION ( 'NONE',  ( -1.000000000000000000, 0.000000000000000000, 0.000000000000000000 ) ) ;
#5223 = ORIENTED_EDGE ( 'NONE', *, *, #2740, .F. ) ;
#5224 = VECTOR ( 'NONE', #5016, 1000.000000000000000 ) ;
#5225 = ORIENTED_EDGE ( 'NONE', *, *, #6730, .T. ) ;
#5226 = DIRECTION ( 'NONE',  ( -0.000000000000000000, -0.000000000000000000, -1.000000000000000000 ) ) ;
#5227 = CARTESIAN_POINT ( 'NONE',  ( -85.24999999999997158, -89.99999999999997158, 0.000000000000000000 ) ) ;
#5228 = DIRECTION ( 'NONE',  ( 1.000000000000000000, 0.000000000000000000, 0.000000000000000000 ) ) ;
#5229 = VERTEX_POINT ( 'NONE', #2857 ) ;
#5230 = ORIENTED_EDGE ( 'NONE', *, *, #5320, .F. ) ;
#5231 = AXIS2_PLACEMENT_3D ( 'NONE', #6338, #4124, #8358 ) ;
#5232 = CARTESIAN_POINT ( 'NONE',  ( 15.33337903861241713, -108.4061916517099178, 6.000000000000000000 ) ) ;
#5233 = VERTEX_POINT ( 'NONE', #2174 ) ;
#5234 = CIRCLE ( 'NONE', #2438, 35.25000000000000000 ) ;
#5235 = CARTESIAN_POINT ( 'NONE',  ( 50.00000000000007105, -89.99999999999995737, 4.499999999999929834 ) ) ;
#5236 = ORIENTED_EDGE ( 'NONE', *, *, #762, .T. ) ;
#5237 = CIRCLE ( 'NONE', #1256, 10.00000000000000178 ) ;
#5238 = LINE ( 'NONE', #6615, #7319 ) ;
#5239 = CARTESIAN_POINT ( 'NONE',  ( 81.31037903847197867, 106.5541996892568903, 4.499999999999936051 ) ) ;
#5240 = AXIS2_PLACEMENT_3D ( 'NONE', #6827, #4770, #6326 ) ;
#5241 = FACE_OUTER_BOUND ( 'NONE', #6105, .T. ) ;
#5242 = VECTOR ( 'NONE', #4431, 1000.000000000000000 ) ;
#5243 = ADVANCED_FACE ( 'NONE', ( #4285 ), #8749, .F. ) ;
#5244 = CYLINDRICAL_SURFACE ( 'NONE', #8279, 32.75000000000002842 ) ;
#5245 = ORIENTED_EDGE ( 'NONE', *, *, #5938, .F. ) ;
#5246 = CARTESIAN_POINT ( 'NONE',  ( 116.8422529161406089, 66.84225291614060893, 6.000000000000000000 ) ) ;
#5247 = CARTESIAN_POINT ( 'NONE',  ( -120.4155239213302053, -75.95289086143993984, 2.000000000000000000 ) ) ;
#5248 = EDGE_LOOP ( 'NONE', ( #1941, #1867, #2057, #122 ) ) ;
#5249 = EDGE_LOOP ( 'NONE', ( #4644, #1004, #615, #1905, #7243 ) ) ;
#5250 = DIRECTION ( 'NONE',  ( -0.000000000000000000, -0.000000000000000000, -1.000000000000000000 ) ) ;
#5251 = AXIS2_PLACEMENT_3D ( 'NONE', #1887, #6131, #4013 ) ;
#5252 = EDGE_LOOP ( 'NONE', ( #5958, #3508, #1122, #8674 ) ) ;
#5253 = DIRECTION ( 'NONE',  ( -1.000000000000000000, 0.000000000000000000, 0.000000000000000000 ) ) ;
#5254 = CIRCLE ( 'NONE', #1130, 3.299999999999997158 ) ;
#5255 = ADVANCED_FACE ( 'NONE', ( #111 ), #1101, .T. ) ;
#5256 = VERTEX_POINT ( 'NONE', #5152 ) ;
#5257 = DIRECTION ( 'NONE',  ( -0.000000000000000000, -0.000000000000000000, 1.000000000000000000 ) ) ;
#5258 = CARTESIAN_POINT ( 'NONE',  ( 50.00000000000000000, 90.00000000000000000, 6.000000000000000000 ) ) ;
#5259 = FACE_OUTER_BOUND ( 'NONE', #5497, .T. ) ;
#5260 = CARTESIAN_POINT ( 'NONE',  ( 119.7500000000000995, -89.99999999999998579, 0.000000000000000000 ) ) ;
#5261 = ORIENTED_EDGE ( 'NONE', *, *, #5496, .F. ) ;
#5262 = CARTESIAN_POINT ( 'NONE',  ( -180.2499999999999716, 90.00000000000002842, 0.000000000000000000 ) ) ;
#5263 = LINE ( 'NONE', #1671, #2080 ) ;
#5264 = VERTEX_POINT ( 'NONE', #2436 ) ;
#5265 = EDGE_CURVE ( 'NONE', #567, #2549, #2876, .T. ) ;
#5266 = EDGE_CURVE ( 'NONE', #6626, #2404, #2572, .T. ) ;
#5267 = VERTEX_POINT ( 'NONE', #366 ) ;
#5268 = EDGE_CURVE ( 'NONE', #3898, #5311, #4501, .T. ) ;
#5269 = DIRECTION ( 'NONE',  ( 1.000000000000000000, 0.000000000000000000, 0.000000000000000000 ) ) ;
#5270 = EDGE_CURVE ( 'NONE', #165, #4874, #3170, .T. ) ;
#5271 = DIRECTION ( 'NONE',  ( -1.000000000000000000, 0.000000000000000000, 0.000000000000000000 ) ) ;
#5272 = EDGE_LOOP ( 'NONE', ( #6294, #167, #1226, #4702, #4864, #2101, #812, #3490 ) ) ;
#5273 = CARTESIAN_POINT ( 'NONE',  ( -126.8422529161405663, -66.84225291614050946, 2.000000000000000000 ) ) ;
#5274 = DIRECTION ( 'NONE',  ( -0.000000000000000000, -0.000000000000000000, 1.000000000000000000 ) ) ;
#5275 = ORIENTED_EDGE ( 'NONE', *, *, #7218, .F. ) ;
#5276 = ORIENTED_EDGE ( 'NONE', *, *, #452, .F. ) ;
#5277 = DIRECTION ( 'NONE',  ( -0.6387598062008653654, -0.3032917901662031679, 0.7071067811865564545 ) ) ;
#5278 = ORIENTED_EDGE ( 'NONE', *, *, #3096, .T. ) ;
#5279 = EDGE_LOOP ( 'NONE', ( #3095, #4398, #8338, #5579 ) ) ;
#5280 = EDGE_CURVE ( 'NONE', #5233, #3875, #2348, .T. ) ;
#5281 = CARTESIAN_POINT ( 'NONE',  ( 118.4061916517099320, 34.66662096138776405, 2.000000000000000000 ) ) ;
#5282 = ORIENTED_EDGE ( 'NONE', *, *, #8352, .F. ) ;
#5283 = ORIENTED_EDGE ( 'NONE', *, *, #7518, .T. ) ;
#5284 = LINE ( 'NONE', #4548, #2601 ) ;
#5285 = CARTESIAN_POINT ( 'NONE',  ( -120.0755197280079756, -74.20508674291026807, 6.000000000000000000 ) ) ;
#5286 = FACE_BOUND ( 'NONE', #7, .T. ) ;
#5287 = LINE ( 'NONE', #1175, #4020 ) ;
#5288 = CARTESIAN_POINT ( 'NONE',  ( 205.0000000000000000, 129.9999999999999716, 6.000000000000000000 ) ) ;
#5289 = CARTESIAN_POINT ( 'NONE',  ( 118.4061916517099746, 34.66662096138785643, 6.000000000000000000 ) ) ;
#5290 = ORIENTED_EDGE ( 'NONE', *, *, #8644, .T. ) ;
#5291 = VERTEX_POINT ( 'NONE', #3042 ) ;
#5292 = DIRECTION ( 'NONE',  ( -0.4902611097931391937, 0.5095527884571150468, 0.7071067811865320296 ) ) ;
#5293 = EDGE_CURVE ( 'NONE', #5233, #8271, #7144, .T. ) ;
#5294 = CARTESIAN_POINT ( 'NONE',  ( 150.0000000000000568, 90.00000000000007105, 6.000000000000000000 ) ) ;
#5295 = CARTESIAN_POINT ( 'NONE',  ( -200.0000000000000000, 125.0000000000000568, 6.000000000000000000 ) ) ;
#5296 = DIRECTION ( 'NONE',  ( -0.7071067811865445751, 0.000000000000000000, -0.7071067811865503483 ) ) ;
#5297 = CIRCLE ( 'NONE', #1319, 3.299999999999997158 ) ;
#5298 = DIRECTION ( 'NONE',  ( -1.000000000000000000, 0.000000000000000000, 0.000000000000000000 ) ) ;
#5299 = DIRECTION ( 'NONE',  ( -0.4902611097931252049, 0.5095527884571098287, -0.7071067811865454633 ) ) ;
#5300 = ORIENTED_EDGE ( 'NONE', *, *, #2390, .F. ) ;
#5301 = FACE_OUTER_BOUND ( 'NONE', #7494, .T. ) ;
#5302 = DIRECTION ( 'NONE',  ( -0.000000000000000000, -0.000000000000000000, -1.000000000000000000 ) ) ;
#5303 = ORIENTED_EDGE ( 'NONE', *, *, #7240, .T. ) ;
#5304 = CIRCLE ( 'NONE', #5450, 30.25000000000000000 ) ;
#5305 = AXIS2_PLACEMENT_3D ( 'NONE', #8222, #3296, #3438 ) ;
#5306 = EDGE_LOOP ( 'NONE', ( #6514, #6262, #8289 ) ) ;
#5307 = CARTESIAN_POINT ( 'NONE',  ( 117.2500000000000995, -89.99999999999998579, 6.000000000000000000 ) ) ;
#5308 = DIRECTION ( 'NONE',  ( -0.000000000000000000, 0.000000000000000000, 1.000000000000000000 ) ) ;
#5309 = DIRECTION ( 'NONE',  ( 1.000000000000000000, 0.000000000000000000, 0.000000000000000000 ) ) ;
#5310 = CARTESIAN_POINT ( 'NONE',  ( 126.8422529161406231, 66.84225291614060893, 4.500000000000130562 ) ) ;
#5311 = VERTEX_POINT ( 'NONE', #3822 ) ;
#5312 = EDGE_CURVE ( 'NONE', #2093, #8011, #4200, .T. ) ;
#5313 = CARTESIAN_POINT ( 'NONE',  ( -182.7499999999999716, -90.00000000000002842, 6.000000000000000000 ) ) ;
#5314 = CIRCLE ( 'NONE', #456, 9.999999999999994671 ) ;
#5315 = EDGE_CURVE ( 'NONE', #5201, #9055, #235, .T. ) ;
#5316 = VERTEX_POINT ( 'NONE', #5247 ) ;
#5317 = EDGE_CURVE ( 'NONE', #3804, #1162, #1698, .T. ) ;
#5318 = CARTESIAN_POINT ( 'NONE',  ( -165.7949132570895472, -119.9244802719920528, 4.499999999999950262 ) ) ;
#5319 = ORIENTED_EDGE ( 'NONE', *, *, #3467, .F. ) ;
#5320 = EDGE_CURVE ( 'NONE', #7259, #2404, #5974, .T. ) ;
#5321 = DIRECTION ( 'NONE',  ( -0.000000000000000000, -0.000000000000000000, -1.000000000000000000 ) ) ;
#5322 = CYLINDRICAL_SURFACE ( 'NONE', #8396, 1.500000000000001332 ) ;
#5323 = AXIS2_PLACEMENT_3D ( 'NONE', #2320, #5771, #4484 ) ;
#5324 = LINE ( 'NONE', #1036, #17 ) ;
#5325 = EDGE_CURVE ( 'NONE', #3405, #947, #5369, .T. ) ;
#5326 = VECTOR ( 'NONE', #6813, 1000.000000000000000 ) ;
#5327 = AXIS2_PLACEMENT_3D ( 'NONE', #4847, #8206, #4762 ) ;
#5328 = CIRCLE ( 'NONE', #6365, 1.500000000000001332 ) ;
#5329 = DIRECTION ( 'NONE',  ( -0.000000000000000000, -0.000000000000000000, -1.000000000000000000 ) ) ;
#5330 = DIRECTION ( 'NONE',  ( 0.000000000000000000, -0.000000000000000000, -1.000000000000000000 ) ) ;
#5331 = ORIENTED_EDGE ( 'NONE', *, *, #5838, .T. ) ;
#5332 = CIRCLE ( 'NONE', #914, 37.75000000000000711 ) ;
#5333 = ORIENTED_EDGE ( 'NONE', *, *, #758, .F. ) ;
#5334 = AXIS2_PLACEMENT_3D ( 'NONE', #6846, #8187, #7405 ) ;
#5335 = DIRECTION ( 'NONE',  ( -0.000000000000000000, -0.000000000000000000, 1.000000000000000000 ) ) ;
#5336 = AXIS2_PLACEMENT_3D ( 'NONE', #6206, #7541, #6755 ) ;
#5337 = FACE_OUTER_BOUND ( 'NONE', #3927, .T. ) ;
#5338 = AXIS2_PLACEMENT_3D ( 'NONE', #2031, #592, #9023 ) ;
#5339 = VECTOR ( 'NONE', #3987, 999.9999999999998863 ) ;
#5340 = CIRCLE ( 'NONE', #3874, 1.499999999999999556 ) ;
#5341 = CARTESIAN_POINT ( 'NONE',  ( -64.75000000000001421, 4.316879966994418706E-15, 2.000000000000000000 ) ) ;
#5342 = CARTESIAN_POINT ( 'NONE',  ( -49.99999999999993605, -89.99999999999997158, 4.500000000000033751 ) ) ;
#5343 = CYLINDRICAL_SURFACE ( 'NONE', #1713, 32.75000000000002132 ) ;
#5344 = CYLINDRICAL_SURFACE ( 'NONE', #2169, 32.75000000000002132 ) ;
#5345 = EDGE_LOOP ( 'NONE', ( #1432, #2309, #6742, #5954 ) ) ;
#5346 = AXIS2_PLACEMENT_3D ( 'NONE', #3169, #7536, #2515 ) ;
#5347 = CONICAL_SURFACE ( 'NONE', #1375, 35.25000000000000000, 0.7853981633974437271 ) ;
#5348 = DIRECTION ( 'NONE',  ( -0.000000000000000000, -0.000000000000000000, 1.000000000000000000 ) ) ;
#5349 = DIRECTION ( 'NONE',  ( -0.000000000000000000, -0.000000000000000000, -1.000000000000000000 ) ) ;
#5350 = ORIENTED_EDGE ( 'NONE', *, *, #3013, .F. ) ;
#5351 = VECTOR ( 'NONE', #6233, 1000.000000000000000 ) ;
#5352 = EDGE_CURVE ( 'NONE', #1908, #5539, #814, .T. ) ;
#5353 = VERTEX_POINT ( 'NONE', #4419 ) ;
#5354 = FACE_OUTER_BOUND ( 'NONE', #8763, .T. ) ;
#5355 = CARTESIAN_POINT ( 'NONE',  ( -50.00000000000000000, 90.00000000000000000, 6.000000000000000000 ) ) ;
#5356 = CARTESIAN_POINT ( 'NONE',  ( -136.6932809897921572, -26.69328098979219632, 4.500000000000019540 ) ) ;
#5357 = LINE ( 'NONE', #4682, #7736 ) ;
#5358 = DIRECTION ( 'NONE',  ( 1.000000000000000000, -1.850371707708592551E-14, 0.000000000000000000 ) ) ;
#5359 = AXIS2_PLACEMENT_3D ( 'NONE', #718, #759, #1411 ) ;
#5360 = ORIENTED_EDGE ( 'NONE', *, *, #529, .T. ) ;
#5361 = EDGE_LOOP ( 'NONE', ( #8228, #37, #4485, #3761 ) ) ;
#5362 = CARTESIAN_POINT ( 'NONE',  ( -32.75000000000002132, 0.000000000000000000, 0.000000000000000000 ) ) ;
#5363 = PRODUCT_DEFINITION_FORMATION_WITH_SPECIFIED_SOURCE ( 'ä»', '', #2619, .NOT_KNOWN. ) ;
#5364 = CIRCLE ( 'NONE', #373, 30.25000000000000000 ) ;
#5365 = ORIENTED_EDGE ( 'NONE', *, *, #8892, .F. ) ;
#5366 = ADVANCED_FACE ( 'NONE', ( #1738 ), #1241, .T. ) ;
#5367 = VERTEX_POINT ( 'NONE', #6714 ) ;
#5368 = CARTESIAN_POINT ( 'NONE',  ( -119.0605097497880678, -75.30951181692573471, 4.499999999999950262 ) ) ;
#5369 = CIRCLE ( 'NONE', #8014, 3.299999999999997158 ) ;
#5370 = ORIENTED_EDGE ( 'NONE', *, *, #8402, .F. ) ;
#5371 = EDGE_CURVE ( 'NONE', #4820, #6463, #3214, .T. ) ;
#5372 = ORIENTED_EDGE ( 'NONE', *, *, #148, .F. ) ;
#5373 = DIRECTION ( 'NONE',  ( -0.000000000000000000, -0.000000000000000000, -1.000000000000000000 ) ) ;
#5374 = CARTESIAN_POINT ( 'NONE',  ( 126.8422529161406231, 66.84225291614060893, 6.000000000000000000 ) ) ;
#5375 = LINE ( 'NONE', #4695, #2650 ) ;
#5376 = ORIENTED_EDGE ( 'NONE', *, *, #4692, .T. ) ;
#5377 = AXIS2_PLACEMENT_3D ( 'NONE', #9054, #4087, #4177 ) ;
#5378 = EDGE_CURVE ( 'NONE', #3153, #1361, #319, .T. ) ;
#5379 = DIRECTION ( 'NONE',  ( 0.000000000000000000, -0.000000000000000000, -1.000000000000000000 ) ) ;
#5380 = EDGE_CURVE ( 'NONE', #3091, #128, #1992, .T. ) ;
#5381 = CARTESIAN_POINT ( 'NONE',  ( 50.00000000000000000, 90.00000000000000000, 6.000000000000000000 ) ) ;
#5382 = EDGE_CURVE ( 'NONE', #3936, #5291, #1040, .T. ) ;
#5383 = EDGE_LOOP ( 'NONE', ( #3337, #8080, #5914, #8078 ) ) ;
#5384 = AXIS2_PLACEMENT_3D ( 'NONE', #5273, #430, #8166 ) ;
#5385 = CARTESIAN_POINT ( 'NONE',  ( -179.9244802719919392, -105.7949132570897461, 2.000000000000000000 ) ) ;
#5386 = CARTESIAN_POINT ( 'NONE',  ( 136.6932809897922425, 26.69328098979224251, 4.499999999999922728 ) ) ;
#5387 = VECTOR ( 'NONE', #1186, 1000.000000000000114 ) ;
#5388 = AXIS2_PLACEMENT_3D ( 'NONE', #6218, #4886, #1324 ) ;
#5389 = DIRECTION ( 'NONE',  ( 1.000000000000000000, 0.000000000000000000, 0.000000000000000000 ) ) ;
#5390 = AXIS2_PLACEMENT_3D ( 'NONE', #3314, #8201, #1105 ) ;
#5391 = LINE ( 'NONE', #2032, #7427 ) ;
#5392 = DIRECTION ( 'NONE',  ( 0.000000000000000000, -0.000000000000000000, -1.000000000000000000 ) ) ;
#5393 = DIRECTION ( 'NONE',  ( 1.000000000000000000, 8.881784197001252323E-16, 0.000000000000000000 ) ) ;
#5394 = VERTEX_POINT ( 'NONE', #5289 ) ;
#5395 = VECTOR ( 'NONE', #6625, 1000.000000000000000 ) ;
#5396 = CARTESIAN_POINT ( 'NONE',  ( -31.59380834829012841, -55.33337903861220042, 6.000000000000000000 ) ) ;
#5397 = DIRECTION ( 'NONE',  ( -1.000000000000000000, 0.000000000000000000, 0.000000000000000000 ) ) ;
#5398 = VERTEX_POINT ( 'NONE', #8089 ) ;
#5399 = AXIS2_PLACEMENT_3D ( 'NONE', #4981, #8777, #8082 ) ;
#5400 = CARTESIAN_POINT ( 'NONE',  ( 33.44580031074326598, 57.18962096152783658, 6.000000000000000000 ) ) ;
#5401 = VERTEX_POINT ( 'NONE', #7917 ) ;
#5402 = DIRECTION ( 'NONE',  ( 0.000000000000000000, -0.000000000000000000, -1.000000000000000000 ) ) ;
#5403 = LINE ( 'NONE', #9086, #648 ) ;
#5404 = FACE_OUTER_BOUND ( 'NONE', #1270, .T. ) ;
#5405 = LINE ( 'NONE', #2540, #8760 ) ;
#5406 = CARTESIAN_POINT ( 'NONE',  ( 180.9394902502120033, -75.30951181692573471, 4.499999999999929834 ) ) ;
#5407 = VERTEX_POINT ( 'NONE', #1604 ) ;
#5408 = CARTESIAN_POINT ( 'NONE',  ( 18.52882010595539342, 74.12148193071271862, 2.000000000000000000 ) ) ;
#5409 = EDGE_CURVE ( 'NONE', #6433, #8035, #4650, .T. ) ;
#5410 = EDGE_LOOP ( 'NONE', ( #8726, #3651, #114, #6193 ) ) ;
#5411 = VERTEX_POINT ( 'NONE', #5558 ) ;
#5412 = ORIENTED_EDGE ( 'NONE', *, *, #8010, .T. ) ;
#5413 = CARTESIAN_POINT ( 'NONE',  ( 0.000000000000000000, -124.9999999999999574, 6.000000000000000000 ) ) ;
#5414 = EDGE_LOOP ( 'NONE', ( #3797, #2628, #7532, #3289 ) ) ;
#5415 = ORIENTED_EDGE ( 'NONE', *, *, #820, .T. ) ;
#5416 = ORIENTED_EDGE ( 'NONE', *, *, #7102, .F. ) ;
#5417 = DIRECTION ( 'NONE',  ( -1.000000000000000000, 0.000000000000000000, 0.000000000000000000 ) ) ;
#5418 = CARTESIAN_POINT ( 'NONE',  ( -84.66662096138759352, -108.4061916517099320, 2.000000000000000000 ) ) ;
#5419 = ORIENTED_EDGE ( 'NONE', *, *, #3347, .F. ) ;
#5420 = CYLINDRICAL_SURFACE ( 'NONE', #59, 10.00000000000000888 ) ;
#5421 = DIRECTION ( 'NONE',  ( 0.000000000000000000, -1.000000000000000000, 0.000000000000000000 ) ) ;
#5422 = ORIENTED_EDGE ( 'NONE', *, *, #5266, .T. ) ;
#5423 = ORIENTED_EDGE ( 'NONE', *, *, #1498, .F. ) ;
#5424 = LINE ( 'NONE', #4140, #7542 ) ;
#5425 = ADVANCED_FACE ( 'NONE', ( #1962 ), #3166, .F. ) ;
#5426 = CARTESIAN_POINT ( 'NONE',  ( -17.64611025633100283, -31.78191838608346842, 2.000000000000000000 ) ) ;
#5427 = EDGE_CURVE ( 'NONE', #5411, #3823, #2431, .T. ) ;
#5428 = VERTEX_POINT ( 'NONE', #5598 ) ;
#5429 = DIRECTION ( 'NONE',  ( -1.000000000000000000, 0.000000000000000000, 0.000000000000000000 ) ) ;
#5430 = CARTESIAN_POINT ( 'NONE',  ( -119.0605097497880678, -75.30951181692573471, 2.000000000000000000 ) ) ;
#5431 = FACE_OUTER_BOUND ( 'NONE', #2613, .T. ) ;
#5432 = PLANE ( 'NONE',  #2312 ) ;
#5433 = EDGE_LOOP ( 'NONE', ( #8993, #8409, #5423, #8072 ) ) ;
#5434 = EDGE_CURVE ( 'NONE', #4119, #6260, #3466, .T. ) ;
#5435 = CYLINDRICAL_SURFACE ( 'NONE', #2679, 35.25000000000000000 ) ;
#5436 = DIRECTION ( 'NONE',  ( 1.000000000000000000, 0.000000000000000000, 0.000000000000000000 ) ) ;
#5437 = ADVANCED_FACE ( 'NONE', ( #1302 ), #6190, .F. ) ;
#5438 = VERTEX_POINT ( 'NONE', #9002 ) ;
#5439 = ADVANCED_FACE ( 'NONE', ( #1261 ), #3525, .T. ) ;
#5440 = AXIS2_PLACEMENT_3D ( 'NONE', #8816, #8734, #407 ) ;
#5441 = CARTESIAN_POINT ( 'NONE',  ( 100.0000000000001137, 2.775557561562891351E-14, 6.000000000000000000 ) ) ;
#5442 = EDGE_LOOP ( 'NONE', ( #1285, #3435 ) ) ;
#5443 = CARTESIAN_POINT ( 'NONE',  ( 150.0000000000000568, 90.00000000000007105, 4.500000000000130562 ) ) ;
#5444 = DIRECTION ( 'NONE',  ( 0.5095527884571138255, -0.4902611097931329764, -0.7071067811865372477 ) ) ;
#5445 = CARTESIAN_POINT ( 'NONE',  ( -120.0755197280078193, 105.7949132570895046, 2.000000000000000000 ) ) ;
#5446 = FACE_OUTER_BOUND ( 'NONE', #5361, .T. ) ;
#5447 = CARTESIAN_POINT ( 'NONE',  ( -196.7000000000000171, 125.0000000000000568, 6.000000000000000000 ) ) ;
#5448 = VERTEX_POINT ( 'NONE', #5651 ) ;
#5449 = CARTESIAN_POINT ( 'NONE',  ( 68.40619165170990357, -55.33337903861222884, 4.499999999999929834 ) ) ;
#5450 = AXIS2_PLACEMENT_3D ( 'NONE', #3952, #3250, #2560 ) ;
#5451 = ORIENTED_EDGE ( 'NONE', *, *, #6505, .T. ) ;
#5452 = ORIENTED_EDGE ( 'NONE', *, *, #550, .T. ) ;
#5453 = CARTESIAN_POINT ( 'NONE',  ( 83.16662096138776405, -71.59380834828999696, 2.000000000000000000 ) ) ;
#5454 = CARTESIAN_POINT ( 'NONE',  ( 82.29722968529831917, -33.34178194375505910, 4.499999999999922728 ) ) ;
#5455 = VERTEX_POINT ( 'NONE', #4863 ) ;
#5456 = AXIS2_PLACEMENT_3D ( 'NONE', #8318, #6107, #7530 ) ;
#5457 = ORIENTED_EDGE ( 'NONE', *, *, #7853, .F. ) ;
#5458 = CARTESIAN_POINT ( 'NONE',  ( -82.81037903847203552, 73.44580031074306703, 2.000000000000000000 ) ) ;
#5459 = DIRECTION ( 'NONE',  ( 0.7071067811865588970, 0.000000000000000000, 0.7071067811865361374 ) ) ;
#5460 = ORIENTED_EDGE ( 'NONE', *, *, #4530, .T. ) ;
#5461 = AXIS2_PLACEMENT_3D ( 'NONE', #3372, #2598, #4686 ) ;
#5462 = CONICAL_SURFACE ( 'NONE', #5759, 10.00000000000000888, 0.7853981633974506105 ) ;
#5463 = DIRECTION ( 'NONE',  ( -0.000000000000000000, 0.000000000000000000, 1.000000000000000000 ) ) ;
#5464 = CARTESIAN_POINT ( 'NONE',  ( 15.07448596317426137, 65.07448596317414058, 4.499999999999936051 ) ) ;
#5465 = ORIENTED_EDGE ( 'NONE', *, *, #6044, .F. ) ;
#5466 = CIRCLE ( 'NONE', #8123, 1.500000000000001332 ) ;
#5467 = ORIENTED_EDGE ( 'NONE', *, *, #8481, .F. ) ;
#5468 = DIRECTION ( 'NONE',  ( 1.000000000000000000, 0.000000000000000000, 0.000000000000000000 ) ) ;
#5469 = AXIS2_PLACEMENT_3D ( 'NONE', #4808, #4630, #8112 ) ;
#5470 = CIRCLE ( 'NONE', #3119, 32.75000000000000000 ) ;
#5471 = CARTESIAN_POINT ( 'NONE',  ( -149.9999999999999432, 90.00000000000002842, 4.500000000000054179 ) ) ;
#5472 = VECTOR ( 'NONE', #4660, 1000.000000000000000 ) ;
#5473 = AXIS2_PLACEMENT_3D ( 'NONE', #4427, #7287, #7329 ) ;
#5474 = ADVANCED_FACE ( 'NONE', ( #8456 ), #2151, .F. ) ;
#5475 = CIRCLE ( 'NONE', #5774, 36.75000000000005684 ) ;
#5476 = CARTESIAN_POINT ( 'NONE',  ( 196.7000000000000171, 125.0000000000000568, 4.000000000000000000 ) ) ;
#5477 = FACE_OUTER_BOUND ( 'NONE', #4554, .T. ) ;
#5478 = DIRECTION ( 'NONE',  ( -0.000000000000000000, -0.000000000000000000, 1.000000000000000000 ) ) ;
#5479 = EDGE_CURVE ( 'NONE', #2277, #6754, #3307, .T. ) ;
#5480 = EDGE_CURVE ( 'NONE', #3106, #7112, #3434, .T. ) ;
#5481 = FACE_OUTER_BOUND ( 'NONE', #5306, .T. ) ;
#5482 = VERTEX_POINT ( 'NONE', #4959 ) ;
#5483 = VECTOR ( 'NONE', #4521, 1000.000000000000000 ) ;
#5484 = DIRECTION ( 'NONE',  ( -0.000000000000000000, -0.000000000000000000, -1.000000000000000000 ) ) ;
#5485 = DIRECTION ( 'NONE',  ( 0.000000000000000000, -0.000000000000000000, -1.000000000000000000 ) ) ;
#5486 = CIRCLE ( 'NONE', #1513, 1.500000000000001332 ) ;
#5487 = EDGE_LOOP ( 'NONE', ( #7423, #4148, #8494, #1705, #8614, #6905, #1751, #6384, #7079, #93, #6454 ) ) ;
#5488 = CIRCLE ( 'NONE', #1515, 1.500000000000001332 ) ;
#5489 = EDGE_CURVE ( 'NONE', #3153, #2028, #7578, .T. ) ;
#5490 = CARTESIAN_POINT ( 'NONE',  ( 126.8422529161406231, 66.84225291614060893, 2.000000000000000000 ) ) ;
#5491 = ORIENTED_EDGE ( 'NONE', *, *, #4320, .F. ) ;
#5492 = LINE ( 'NONE', #5307, #1937 ) ;
#5493 = CARTESIAN_POINT ( 'NONE',  ( 0.000000000000000000, 0.000000000000000000, 2.000000000000000000 ) ) ;
#5494 = LINE ( 'NONE', #6612, #4474 ) ;
#5495 = CIRCLE ( 'NONE', #6668, 37.75000000000000711 ) ;
#5496 = EDGE_CURVE ( 'NONE', #1949, #6184, #240, .T. ) ;
#5497 = EDGE_LOOP ( 'NONE', ( #3630, #7175, #4814, #5777 ) ) ;
#5498 = CARTESIAN_POINT ( 'NONE',  ( -83.62662009552731490, -109.4871163479815266, 2.000000000000000000 ) ) ;
#5499 = EDGE_CURVE ( 'NONE', #2536, #2915, #3478, .T. ) ;
#5500 = DIRECTION ( 'NONE',  ( 1.000000000000000000, 0.000000000000000000, 0.000000000000000000 ) ) ;
#5501 = EDGE_LOOP ( 'NONE', ( #8480, #1072, #742, #413, #2612 ) ) ;
#5502 = DIRECTION ( 'NONE',  ( -0.000000000000000000, -0.000000000000000000, -1.000000000000000000 ) ) ;
#5503 = ORIENTED_EDGE ( 'NONE', *, *, #6988, .T. ) ;
#5504 = AXIS2_PLACEMENT_3D ( 'NONE', #5001, #3708, #2925 ) ;
#5505 = ORIENTED_EDGE ( 'NONE', *, *, #6888, .T. ) ;
#5506 = CARTESIAN_POINT ( 'NONE',  ( 82.75000000000001421, 90.00000000000000000, 0.000000000000000000 ) ) ;
#5507 = DIRECTION ( 'NONE',  ( 0.000000000000000000, -0.000000000000000000, -1.000000000000000000 ) ) ;
#5508 = ORIENTED_EDGE ( 'NONE', *, *, #4101, .T. ) ;
#5509 = CIRCLE ( 'NONE', #79, 10.00000000000000178 ) ;
#5510 = ORIENTED_EDGE ( 'NONE', *, *, #5091, .F. ) ;
#5511 = CARTESIAN_POINT ( 'NONE',  ( -80.51288365201855868, 33.62662009552744280, 6.000000000000000000 ) ) ;
#5512 = CARTESIAN_POINT ( 'NONE',  ( -83.62662009552731490, -109.4871163479815266, 6.000000000000000000 ) ) ;
#5513 = CIRCLE ( 'NONE', #226, 1.500000000000001332 ) ;
#5514 = ORIENTED_EDGE ( 'NONE', *, *, #1771, .T. ) ;
#5515 = AXIS2_PLACEMENT_3D ( 'NONE', #7289, #8703, #966 ) ;
#5516 = DIRECTION ( 'NONE',  ( 0.000000000000000000, -0.000000000000000000, -1.000000000000000000 ) ) ;
#5517 = DIRECTION ( 'NONE',  ( -0.000000000000000000, -0.000000000000000000, 1.000000000000000000 ) ) ;
#5518 = ORIENTED_EDGE ( 'NONE', *, *, #1438, .F. ) ;
#5519 = ORIENTED_EDGE ( 'NONE', *, *, #1889, .F. ) ;
#5520 = LINE ( 'NONE', #4837, #3727 ) ;
#5521 = AXIS2_PLACEMENT_3D ( 'NONE', #4937, #6489, #188 ) ;
#5522 = DIRECTION ( 'NONE',  ( 0.7071067811865376918, 0.000000000000000000, 0.7071067811865574537 ) ) ;
#5523 = EDGE_CURVE ( 'NONE', #5850, #4410, #822, .T. ) ;
#5524 = VECTOR ( 'NONE', #935, 1000.000000000000000 ) ;
#5525 = ORIENTED_EDGE ( 'NONE', *, *, #7163, .F. ) ;
#5526 = CARTESIAN_POINT ( 'NONE',  ( -81.78191838608339026, 72.35388974366887282, 2.000000000000000000 ) ) ;
#5527 = DIRECTION ( 'NONE',  ( 1.000000000000000000, 0.000000000000000000, 0.000000000000000000 ) ) ;
#5528 = DIRECTION ( 'NONE',  ( 1.000000000000000000, 0.000000000000000000, 0.000000000000000000 ) ) ;
#5529 = CARTESIAN_POINT ( 'NONE',  ( -50.00000000000000000, 90.00000000000000000, 6.000000000000000000 ) ) ;
#5530 = VECTOR ( 'NONE', #524, 1000.000000000000114 ) ;
#5531 = ORIENTED_EDGE ( 'NONE', *, *, #3394, .F. ) ;
#5532 = DIRECTION ( 'NONE',  ( -1.000000000000000000, 0.000000000000000000, 0.000000000000000000 ) ) ;
#5533 = EDGE_CURVE ( 'NONE', #3304, #9055, #6980, .T. ) ;
#5534 = FACE_OUTER_BOUND ( 'NONE', #8028, .T. ) ;
#5535 = AXIS2_PLACEMENT_3D ( 'NONE', #1576, #6504, #2354 ) ;
#5536 = ORIENTED_EDGE ( 'NONE', *, *, #8799, .F. ) ;
#5537 = CONICAL_SURFACE ( 'NONE', #2748, 1.500000000000015099, 0.7853981633974640442 ) ;
#5538 = CARTESIAN_POINT ( 'NONE',  ( 85.25000000000004263, -89.99999999999995737, 2.000000000000000000 ) ) ;
#5539 = VERTEX_POINT ( 'NONE', #3573 ) ;
#5540 = DIRECTION ( 'NONE',  ( 0.5095527884571084964, -0.4902611097931272033, -0.7071067811865450192 ) ) ;
#5541 = CARTESIAN_POINT ( 'NONE',  ( -149.9999999999999432, -90.00000000000002842, 4.499999999999950262 ) ) ;
#5542 = VECTOR ( 'NONE', #6079, 1000.000000000000000 ) ;
#5543 = CARTESIAN_POINT ( 'NONE',  ( -117.7027703147018372, -33.34178194375506621, 6.000000000000000000 ) ) ;
#5544 = CARTESIAN_POINT ( 'NONE',  ( -118.4061916517098894, -34.66662096138768590, 6.000000000000000000 ) ) ;
#5545 = VERTEX_POINT ( 'NONE', #8957 ) ;
#5546 = CYLINDRICAL_SURFACE ( 'NONE', #3408, 32.75000000000000000 ) ;
#5547 = EDGE_CURVE ( 'NONE', #5850, #8565, #2641, .T. ) ;
#5548 = AXIS2_PLACEMENT_3D ( 'NONE', #3076, #6579, #3034 ) ;
#5549 = EDGE_CURVE ( 'NONE', #4865, #4820, #1559, .T. ) ;
#5550 = FACE_OUTER_BOUND ( 'NONE', #7922, .T. ) ;
#5551 = ORIENTED_EDGE ( 'NONE', *, *, #7669, .T. ) ;
#5552 = AXIS2_PLACEMENT_3D ( 'NONE', #6414, #7744, #1429 ) ;
#5553 = EDGE_CURVE ( 'NONE', #3360, #3320, #2882, .T. ) ;
#5554 = EDGE_CURVE ( 'NONE', #548, #7439, #6419, .T. ) ;
#5555 = VERTEX_POINT ( 'NONE', #4314 ) ;
#5556 = DIRECTION ( 'NONE',  ( 0.000000000000000000, 0.000000000000000000, 1.000000000000000000 ) ) ;
#5557 = DIRECTION ( 'NONE',  ( 1.000000000000000000, 0.000000000000000000, 0.000000000000000000 ) ) ;
#5558 = CARTESIAN_POINT ( 'NONE',  ( -135.2499999999999716, 0.000000000000000000, 0.000000000000000000 ) ) ;
#5559 = EDGE_LOOP ( 'NONE', ( #5146, #1820, #4171, #1282 ) ) ;
#5560 = VERTEX_POINT ( 'NONE', #6520 ) ;
#5561 = CARTESIAN_POINT ( 'NONE',  ( -24.92551403682574573, -24.92551403682584876, 6.000000000000000000 ) ) ;
#5562 = DIRECTION ( 'NONE',  ( 1.000000000000000000, -3.700743415417185102E-14, 0.000000000000000000 ) ) ;
#5563 = EDGE_CURVE ( 'NONE', #1584, #4256, #9062, .T. ) ;
#5564 = EDGE_LOOP ( 'NONE', ( #1815, #6735, #7426, #3390, #4687 ) ) ;
#5565 = EDGE_CURVE ( 'NONE', #5030, #6466, #5045, .T. ) ;
#5566 = DIRECTION ( 'NONE',  ( 1.000000000000000000, 0.000000000000000000, 0.000000000000000000 ) ) ;
#5567 = DIRECTION ( 'NONE',  ( 1.000000000000000000, 0.000000000000000000, 0.000000000000000000 ) ) ;
#5568 = ORIENTED_EDGE ( 'NONE', *, *, #1149, .T. ) ;
#5569 = ORIENTED_EDGE ( 'NONE', *, *, #5320, .T. ) ;
#5570 = ORIENTED_EDGE ( 'NONE', *, *, #7749, .T. ) ;
#5571 = CARTESIAN_POINT ( 'NONE',  ( -119.0605097497879399, 104.6904881830740379, 4.500000000000054179 ) ) ;
#5572 = CARTESIAN_POINT ( 'NONE',  ( 3.299999999999998934, 125.0000000000000568, 6.000000000000000000 ) ) ;
#5573 = VERTEX_POINT ( 'NONE', #7305 ) ;
#5574 = DIRECTION ( 'NONE',  ( -0.000000000000000000, -0.000000000000000000, -1.000000000000000000 ) ) ;
#5575 = CARTESIAN_POINT ( 'NONE',  ( 126.8422529161406800, -113.1577470838594195, 2.000000000000000000 ) ) ;
#5576 = EDGE_CURVE ( 'NONE', #4777, #928, #7150, .T. ) ;
#5577 = CARTESIAN_POINT ( 'NONE',  ( 63.30671901020801329, -26.69328098979219988, 4.499999999999922728 ) ) ;
#5578 = CARTESIAN_POINT ( 'NONE',  ( 126.6932809897922425, 26.69328098979224251, 6.000000000000000000 ) ) ;
#5579 = ORIENTED_EDGE ( 'NONE', *, *, #4765, .T. ) ;
#5580 = DIRECTION ( 'NONE',  ( -0.000000000000000000, -0.000000000000000000, -1.000000000000000000 ) ) ;
#5581 = CARTESIAN_POINT ( 'NONE',  ( -84.66662096138760774, -108.4061916517099462, 6.000000000000000000 ) ) ;
#5582 = LINE ( 'NONE', #1853, #2524 ) ;
#5583 = ORIENTED_EDGE ( 'NONE', *, *, #6944, .F. ) ;
#5584 = DIRECTION ( 'NONE',  ( 0.000000000000000000, 0.000000000000000000, 1.000000000000000000 ) ) ;
#5585 = CARTESIAN_POINT ( 'NONE',  ( 31.31037903847204973, 16.55419968925690455, 2.000000000000000000 ) ) ;
#5586 = DIRECTION ( 'NONE',  ( -0.000000000000000000, 0.000000000000000000, 1.000000000000000000 ) ) ;
#5587 = DIRECTION ( 'NONE',  ( -0.000000000000000000, 0.000000000000000000, 1.000000000000000000 ) ) ;
#5588 = ORIENTED_EDGE ( 'NONE', *, *, #2283, .T. ) ;
#5589 = ORIENTED_EDGE ( 'NONE', *, *, #5563, .T. ) ;
#5590 = CARTESIAN_POINT ( 'NONE',  ( 173.1577470838594479, 113.1577470838595332, 6.000000000000000000 ) ) ;
#5591 = PLANE ( 'NONE',  #3393 ) ;
#5592 = VERTEX_POINT ( 'NONE', #981 ) ;
#5593 = AXIS2_PLACEMENT_3D ( 'NONE', #5013, #7139, #823 ) ;
#5594 = ORIENTED_EDGE ( 'NONE', *, *, #8364, .T. ) ;
#5595 = CYLINDRICAL_SURFACE ( 'NONE', #8256, 1.500000000000001332 ) ;
#5596 = LINE ( 'NONE', #2786, #7127 ) ;
#5597 = EDGE_CURVE ( 'NONE', #3227, #6389, #6702, .T. ) ;
#5598 = CARTESIAN_POINT ( 'NONE',  ( -134.2050867429100549, 119.9244802719919392, 2.000000000000000000 ) ) ;
#5599 = ORIENTED_EDGE ( 'NONE', *, *, #4422, .T. ) ;
#5600 = ORIENTED_EDGE ( 'NONE', *, *, #3798, .F. ) ;
#5601 = ORIENTED_EDGE ( 'NONE', *, *, #7621, .F. ) ;
#5602 = CARTESIAN_POINT ( 'NONE',  ( 76.69328098979219988, -63.30671901020773618, 6.000000000000000000 ) ) ;
#5603 = CARTESIAN_POINT ( 'NONE',  ( -35.25000000000000000, 0.000000000000000000, 6.000000000000000000 ) ) ;
#5604 = ADVANCED_FACE ( 'NONE', ( #3668 ), #5002, .F. ) ;
#5605 = ORIENTED_EDGE ( 'NONE', *, *, #5270, .T. ) ;
#5606 = CIRCLE ( 'NONE', #3990, 9.999999999999994671 ) ;
#5607 = LINE ( 'NONE', #4925, #8124 ) ;
#5608 = ADVANCED_FACE ( 'NONE', ( #220 ), #1850, .F. ) ;
#5609 = DIRECTION ( 'NONE',  ( 0.000000000000000000, -0.000000000000000000, -1.000000000000000000 ) ) ;
#5610 = ORIENTED_EDGE ( 'NONE', *, *, #6165, .F. ) ;
#5611 = ORIENTED_EDGE ( 'NONE', *, *, #3385, .T. ) ;
#5612 = ORIENTED_EDGE ( 'NONE', *, *, #1484, .T. ) ;
#5613 = CARTESIAN_POINT ( 'NONE',  ( 0.000000000000000000, 0.000000000000000000, 0.000000000000000000 ) ) ;
#5614 = EDGE_CURVE ( 'NONE', #6390, #5218, #5959, .T. ) ;
#5615 = CARTESIAN_POINT ( 'NONE',  ( -164.0471091385599038, -119.5844760786698089, 4.499999999999950262 ) ) ;
#5616 = CIRCLE ( 'NONE', #756, 30.25000000000000000 ) ;
#5617 = ORIENTED_EDGE ( 'NONE', *, *, #3518, .F. ) ;
#5618 = FACE_OUTER_BOUND ( 'NONE', #6934, .T. ) ;
#5619 = CARTESIAN_POINT ( 'NONE',  ( 205.0000000000000000, 129.9999999999999716, 6.000000000000000000 ) ) ;
#5620 = VECTOR ( 'NONE', #5226, 1000.000000000000000 ) ;
#5621 = AXIS2_PLACEMENT_3D ( 'NONE', #5721, #6224, #5681 ) ;
#5622 = CARTESIAN_POINT ( 'NONE',  ( 3.299999999999998490, -124.9999999999999574, 8.673617379884035472E-16 ) ) ;
#5623 = DIRECTION ( 'NONE',  ( 1.000000000000000000, 0.000000000000000000, 0.000000000000000000 ) ) ;
#5624 = ORIENTED_EDGE ( 'NONE', *, *, #7913, .F. ) ;
#5625 = CARTESIAN_POINT ( 'NONE',  ( 3.081487911019577365E-30, 125.0000000000000568, 6.000000000000000000 ) ) ;
#5626 = AXIS2_PLACEMENT_3D ( 'NONE', #2909, #4387, #5719 ) ;
#5627 = DIRECTION ( 'NONE',  ( -0.000000000000000000, 0.000000000000000000, -1.000000000000000000 ) ) ;
#5628 = AXIS2_PLACEMENT_3D ( 'NONE', #3790, #3050, #8572 ) ;
#5629 = CIRCLE ( 'NONE', #8424, 11.50000000000002487 ) ;
#5630 = CARTESIAN_POINT ( 'NONE',  ( 180.2500000000000568, 90.00000000000007105, 2.000000000000000000 ) ) ;
#5631 = VECTOR ( 'NONE', #18, 1000.000000000000000 ) ;
#5632 = CARTESIAN_POINT ( 'NONE',  ( -15.33337903861227325, -71.59380834828998275, 6.000000000000000000 ) ) ;
#5633 =( NAMED_UNIT ( * ) PLANE_ANGLE_UNIT ( ) SI_UNIT ( $, .RADIAN. ) );
#5634 = ORIENTED_EDGE ( 'NONE', *, *, #7762, .T. ) ;
#5635 = DIRECTION ( 'NONE',  ( -0.000000000000000000, -0.000000000000000000, -1.000000000000000000 ) ) ;
#5636 = CARTESIAN_POINT ( 'NONE',  ( 200.0000000000000000, 125.0000000000000568, 6.000000000000000000 ) ) ;
#5637 = ORIENTED_EDGE ( 'NONE', *, *, #4199, .F. ) ;
#5638 = AXIS2_PLACEMENT_3D ( 'NONE', #6540, #5714, #7915 ) ;
#5639 = AXIS2_PLACEMENT_3D ( 'NONE', #6480, #7866, #7942 ) ;
#5640 = LINE ( 'NONE', #1296, #33 ) ;
#5641 = AXIS2_PLACEMENT_3D ( 'NONE', #181, #6993, #5665 ) ;
#5642 = CARTESIAN_POINT ( 'NONE',  ( 24.92551403682575284, 24.92551403682584166, 6.000000000000000000 ) ) ;
#5643 = ORIENTED_EDGE ( 'NONE', *, *, #401, .F. ) ;
#5644 = EDGE_CURVE ( 'NONE', #4753, #5229, #5176, .T. ) ;
#5645 = VECTOR ( 'NONE', #2707, 1000.000000000000227 ) ;
#5646 = CIRCLE ( 'NONE', #1667, 1.500000000000001332 ) ;
#5647 = ORIENTED_EDGE ( 'NONE', *, *, #3642, .T. ) ;
#5648 = DIRECTION ( 'NONE',  ( 0.000000000000000000, 0.000000000000000000, 1.000000000000000000 ) ) ;
#5649 = AXIS2_PLACEMENT_3D ( 'NONE', #4715, #385, #8889 ) ;
#5650 = DIRECTION ( 'NONE',  ( -0.000000000000000000, -0.000000000000000000, -1.000000000000000000 ) ) ;
#5651 = CARTESIAN_POINT ( 'NONE',  ( -34.92551403682574573, -24.92551403682584876, 4.499999999999929834 ) ) ;
#5652 = ORIENTED_EDGE ( 'NONE', *, *, #8485, .F. ) ;
#5653 = ORIENTED_EDGE ( 'NONE', *, *, #3530, .F. ) ;
#5654 = DIRECTION ( 'NONE',  ( 1.000000000000000000, 6.454785026890445375E-17, 0.000000000000000000 ) ) ;
#5655 = DIRECTION ( 'NONE',  ( -0.000000000000000000, -0.000000000000000000, -1.000000000000000000 ) ) ;
#5656 = CIRCLE ( 'NONE', #1673, 32.75000000000002842 ) ;
#5657 = ORIENTED_EDGE ( 'NONE', *, *, #5206, .T. ) ;
#5658 = EDGE_CURVE ( 'NONE', #1578, #3898, #3029, .T. ) ;
#5659 = ADVANCED_FACE ( 'NONE', ( #6388, #3019 ), #2883, .F. ) ;
#5660 = DIRECTION ( 'NONE',  ( 0.000000000000000000, -0.000000000000000000, -1.000000000000000000 ) ) ;
#5661 = AXIS2_PLACEMENT_3D ( 'NONE', #4344, #2869, #3657 ) ;
#5662 = DIRECTION ( 'NONE',  ( 1.000000000000000000, -1.767871058320308724E-15, 0.000000000000000000 ) ) ;
#5663 = ORIENTED_EDGE ( 'NONE', *, *, #370, .F. ) ;
#5664 = ORIENTED_EDGE ( 'NONE', *, *, #3895, .T. ) ;
#5665 = DIRECTION ( 'NONE',  ( 1.000000000000000000, 0.000000000000000000, 0.000000000000000000 ) ) ;
#5666 = AXIS2_PLACEMENT_3D ( 'NONE', #6153, #4827, #8180 ) ;
#5667 = FILL_AREA_STYLE_COLOUR ( '', #3680 ) ;
#5668 = ADVANCED_FACE ( 'NONE', ( #8541 ), #1541, .F. ) ;
#5669 = VECTOR ( 'NONE', #8884, 1000.000000000000000 ) ;
#5670 = EDGE_CURVE ( 'NONE', #1012, #8175, #2575, .T. ) ;
#5671 = EDGE_CURVE ( 'NONE', #2404, #2340, #4401, .T. ) ;
#5672 = ORIENTED_EDGE ( 'NONE', *, *, #3190, .T. ) ;
#5673 = DIRECTION ( 'NONE',  ( 1.000000000000000000, 3.389993968321088796E-15, 0.000000000000000000 ) ) ;
#5674 = CARTESIAN_POINT ( 'NONE',  ( -149.9999999999999432, -90.00000000000002842, 6.000000000000000000 ) ) ;
#5675 = VECTOR ( 'NONE', #3082, 1000.000000000000114 ) ;
#5676 = CARTESIAN_POINT ( 'NONE',  ( 15.33337903861233542, -108.4061916517099604, 6.000000000000000000 ) ) ;
#5677 = FACE_OUTER_BOUND ( 'NONE', #8864, .T. ) ;
#5678 = VERTEX_POINT ( 'NONE', #2327 ) ;
#5679 = CARTESIAN_POINT ( 'NONE',  ( 179.9244802719920813, -74.20508674291025386, 2.000000000000000000 ) ) ;
#5680 = AXIS2_PLACEMENT_3D ( 'NONE', #1630, #3807, #6477 ) ;
#5681 = DIRECTION ( 'NONE',  ( 1.000000000000000000, 0.000000000000000000, 0.000000000000000000 ) ) ;
#5682 = AXIS2_PLACEMENT_3D ( 'NONE', #4359, #1586, #7168 ) ;
#5683 = CYLINDRICAL_SURFACE ( 'NONE', #2984, 10.00000000000000888 ) ;
#5684 = CIRCLE ( 'NONE', #2157, 10.00000000000000888 ) ;
#5685 = LINE ( 'NONE', #8488, #6088 ) ;
#5686 = FACE_OUTER_BOUND ( 'NONE', #6571, .T. ) ;
#5687 = ORIENTED_EDGE ( 'NONE', *, *, #4289, .F. ) ;
#5688 = DIRECTION ( 'NONE',  ( 1.000000000000000000, 0.000000000000000000, 0.000000000000000000 ) ) ;
#5689 = CARTESIAN_POINT ( 'NONE',  ( 31.59380834829025986, -124.6666209613877072, 2.000000000000000000 ) ) ;
#5690 = ORIENTED_EDGE ( 'NONE', *, *, #2690, .T. ) ;
#5691 = AXIS2_PLACEMENT_3D ( 'NONE', #6464, #5766, #1529 ) ;
#5692 = LINE ( 'NONE', #7712, #1049 ) ;
#5693 = CARTESIAN_POINT ( 'NONE',  ( 0.000000000000000000, 0.000000000000000000, 2.000000000000000000 ) ) ;
#5694 = CIRCLE ( 'NONE', #679, 32.75000000000000000 ) ;
#5695 = ORIENTED_EDGE ( 'NONE', *, *, #3283, .T. ) ;
#5696 = VECTOR ( 'NONE', #3925, 1000.000000000000114 ) ;
#5697 = ORIENTED_EDGE ( 'NONE', *, *, #1473, .F. ) ;
#5698 = DIRECTION ( 'NONE',  ( -0.000000000000000000, -0.000000000000000000, -1.000000000000000000 ) ) ;
#5699 = FACE_BOUND ( 'NONE', #5070, .T. ) ;
#5700 = DIRECTION ( 'NONE',  ( -0.000000000000000000, 0.000000000000000000, 1.000000000000000000 ) ) ;
#5701 = ORIENTED_EDGE ( 'NONE', *, *, #2289, .T. ) ;
#5702 = ORIENTED_EDGE ( 'NONE', *, *, #6319, .T. ) ;
#5703 = EDGE_CURVE ( 'NONE', #7162, #6463, #3758, .T. ) ;
#5704 = CARTESIAN_POINT ( 'NONE',  ( 31.47117989404462435, 15.87851806928723697, 2.000000000000000000 ) ) ;
#5705 = CYLINDRICAL_SURFACE ( 'NONE', #1927, 10.00000000000000888 ) ;
#5706 = AXIS2_PLACEMENT_3D ( 'NONE', #5931, #8052, #322 ) ;
#5707 = EDGE_LOOP ( 'NONE', ( #2248, #3215, #7809, #1621 ) ) ;
#5708 = LINE ( 'NONE', #2202, #4769 ) ;
#5709 = LINE ( 'NONE', #5836, #4627 ) ;
#5710 = EDGE_LOOP ( 'NONE', ( #2056, #8723, #9097, #4875 ) ) ;
#5711 = ORIENTED_EDGE ( 'NONE', *, *, #4542, .T. ) ;
#5712 = LINE ( 'NONE', #2938, #1809 ) ;
#5713 = FACE_BOUND ( 'NONE', #7158, .T. ) ;
#5714 = DIRECTION ( 'NONE',  ( -0.000000000000000000, -0.000000000000000000, 1.000000000000000000 ) ) ;
#5715 = DIRECTION ( 'NONE',  ( -0.000000000000000000, 0.000000000000000000, 1.000000000000000000 ) ) ;
#5716 = ADVANCED_FACE ( 'NONE', ( #8636 ), #8320, .F. ) ;
#5717 = DIRECTION ( 'NONE',  ( -1.000000000000000000, 0.000000000000000000, 0.000000000000000000 ) ) ;
#5718 = ORIENTED_EDGE ( 'NONE', *, *, #5312, .F. ) ;
#5719 = DIRECTION ( 'NONE',  ( 1.000000000000000000, -1.206764157201254580E-15, 0.000000000000000000 ) ) ;
#5720 = ADVANCED_FACE ( 'NONE', ( #475 ), #7517, .T. ) ;
#5721 = CARTESIAN_POINT ( 'NONE',  ( 50.00000000000007105, -89.99999999999995737, 2.000000000000000000 ) ) ;
#5722 = CARTESIAN_POINT ( 'NONE',  ( -215.0000000000000000, 129.9999999999999716, 0.000000000000000000 ) ) ;
#5723 = DIRECTION ( 'NONE',  ( -0.000000000000000000, -0.000000000000000000, -1.000000000000000000 ) ) ;
#5724 = EDGE_CURVE ( 'NONE', #1971, #8406, #1810, .T. ) ;
#5725 = VERTEX_POINT ( 'NONE', #4632 ) ;
#5726 = DIRECTION ( 'NONE',  ( -1.000000000000000000, 0.000000000000000000, 0.000000000000000000 ) ) ;
#5727 = DIRECTION ( 'NONE',  ( 0.000000000000000000, -0.000000000000000000, -1.000000000000000000 ) ) ;
#5728 = ORIENTED_EDGE ( 'NONE', *, *, #5380, .T. ) ;
#5729 = DIRECTION ( 'NONE',  ( 1.000000000000000000, 0.000000000000000000, 0.000000000000000000 ) ) ;
#5730 = EDGE_CURVE ( 'NONE', #1118, #6162, #8805, .T. ) ;
#5731 = DIRECTION ( 'NONE',  ( 1.000000000000000000, 0.000000000000000000, 0.000000000000000000 ) ) ;
#5732 = ORIENTED_EDGE ( 'NONE', *, *, #6006, .T. ) ;
#5733 = ORIENTED_EDGE ( 'NONE', *, *, #3961, .F. ) ;
#5734 = DIRECTION ( 'NONE',  ( 0.000000000000000000, -0.000000000000000000, -1.000000000000000000 ) ) ;
#5735 = CARTESIAN_POINT ( 'NONE',  ( 84.66662096138776405, -71.59380834828999696, 6.000000000000000000 ) ) ;
#5736 = DIRECTION ( 'NONE',  ( -1.000000000000000000, 0.000000000000000000, -0.000000000000000000 ) ) ;
#5737 = DIRECTION ( 'NONE',  ( 0.7071067811865431318, 0.000000000000000000, 0.7071067811865520136 ) ) ;
#5738 = ORIENTED_EDGE ( 'NONE', *, *, #1371, .F. ) ;
#5739 = CARTESIAN_POINT ( 'NONE',  ( 66.55419968925677665, 122.8103790384721350, 6.000000000000000000 ) ) ;
#5740 = ORIENTED_EDGE ( 'NONE', *, *, #3919, .T. ) ;
#5741 = AXIS2_PLACEMENT_3D ( 'NONE', #6209, #7637, #1979 ) ;
#5742 = DIRECTION ( 'NONE',  ( -1.000000000000000000, 0.000000000000000000, 0.000000000000000000 ) ) ;
#5743 = LINE ( 'NONE', #7078, #2704 ) ;
#5744 = ORIENTED_EDGE ( 'NONE', *, *, #6409, .F. ) ;
#5745 = VERTEX_POINT ( 'NONE', #1020 ) ;
#5746 = FACE_OUTER_BOUND ( 'NONE', #2800, .T. ) ;
#5747 = DIRECTION ( 'NONE',  ( 1.000000000000000000, 0.000000000000000000, 0.000000000000000000 ) ) ;
#5748 = CONICAL_SURFACE ( 'NONE', #4134, 34.24999999999997158, 0.7853981633974574939 ) ;
#5749 = DIRECTION ( 'NONE',  ( 0.000000000000000000, 0.000000000000000000, 1.000000000000000000 ) ) ;
#5750 = FACE_OUTER_BOUND ( 'NONE', #3568, .T. ) ;
#5751 = FACE_OUTER_BOUND ( 'NONE', #2719, .T. ) ;
#5752 = CARTESIAN_POINT ( 'NONE',  ( -137.7499999999999716, 0.000000000000000000, 6.000000000000000000 ) ) ;
#5753 = ORIENTED_EDGE ( 'NONE', *, *, #5078, .T. ) ;
#5754 = CONICAL_SURFACE ( 'NONE', #7085, 1.500000000000084599, 0.7853981633974522758 ) ;
#5755 = CARTESIAN_POINT ( 'NONE',  ( -205.0000000000000000, 129.9999999999999716, 6.000000000000000000 ) ) ;
#5756 = FACE_OUTER_BOUND ( 'NONE', #2077, .T. ) ;
#5757 = VECTOR ( 'NONE', #5502, 1000.000000000000000 ) ;
#5758 = EDGE_CURVE ( 'NONE', #3304, #4643, #7440, .T. ) ;
#5759 = AXIS2_PLACEMENT_3D ( 'NONE', #6336, #7166, #32 ) ;
#5760 = ORIENTED_EDGE ( 'NONE', *, *, #1608, .F. ) ;
#5761 = CYLINDRICAL_SURFACE ( 'NONE', #6946, 10.00000000000000178 ) ;
#5762 = EDGE_CURVE ( 'NONE', #6605, #5912, #5357, .T. ) ;
#5763 = EDGE_CURVE ( 'NONE', #8756, #5560, #5234, .T. ) ;
#5764 = DIRECTION ( 'NONE',  ( 1.000000000000000000, 0.000000000000000000, 0.000000000000000000 ) ) ;
#5765 = ORIENTED_EDGE ( 'NONE', *, *, #5352, .T. ) ;
#5766 = DIRECTION ( 'NONE',  ( 0.000000000000000000, 0.000000000000000000, -1.000000000000000000 ) ) ;
#5767 = DIRECTION ( 'NONE',  ( -0.000000000000000000, 0.000000000000000000, 1.000000000000000000 ) ) ;
#5768 = ORIENTED_EDGE ( 'NONE', *, *, #4935, .T. ) ;
#5769 = AXIS2_PLACEMENT_3D ( 'NONE', #8664, #7293, #5729 ) ;
#5770 = EDGE_CURVE ( 'NONE', #8998, #7576, #6645, .T. ) ;
#5771 = DIRECTION ( 'NONE',  ( -0.000000000000000000, 0.000000000000000000, 1.000000000000000000 ) ) ;
#5772 = AXIS2_PLACEMENT_3D ( 'NONE', #1898, #7514, #4025 ) ;
#5773 = CARTESIAN_POINT ( 'NONE',  ( -126.8422529161403816, 113.1577470838592916, 6.000000000000000000 ) ) ;
#5774 = AXIS2_PLACEMENT_3D ( 'NONE', #1895, #6822, #3414 ) ;
#5775 = ORIENTED_EDGE ( 'NONE', *, *, #7183, .T. ) ;
#5776 = EDGE_CURVE ( 'NONE', #7634, #3715, #8899, .T. ) ;
#5777 = ORIENTED_EDGE ( 'NONE', *, *, #8523, .F. ) ;
#5778 = EDGE_CURVE ( 'NONE', #4298, #5850, #1700, .T. ) ;
#5779 = CARTESIAN_POINT ( 'NONE',  ( -23.30671901020783920, -63.30671901020773618, 4.500000000000033751 ) ) ;
#5780 = EDGE_CURVE ( 'NONE', #5218, #7162, #5405, .T. ) ;
#5781 = DIRECTION ( 'NONE',  ( 1.000000000000000000, 0.000000000000000000, 0.000000000000000000 ) ) ;
#5782 = CIRCLE ( 'NONE', #8719, 1.500000000000001332 ) ;
#5783 = DIRECTION ( 'NONE',  ( -0.6245351022323827328, -0.3315959982864584710, 0.7071067811865434649 ) ) ;
#5784 = CARTESIAN_POINT ( 'NONE',  ( -116.8422529161405805, -66.84225291614050946, 4.499999999999950262 ) ) ;
#5785 = EDGE_LOOP ( 'NONE', ( #5687, #4068, #7710, #4591 ) ) ;
#5786 = DIRECTION ( 'NONE',  ( 0.000000000000000000, 0.000000000000000000, 1.000000000000000000 ) ) ;
#5787 = AXIS2_PLACEMENT_3D ( 'NONE', #8330, #8973, #4796 ) ;
#5788 = VERTEX_POINT ( 'NONE', #5952 ) ;
#5789 = CONICAL_SURFACE ( 'NONE', #2117, 35.25000000000000000, 0.7853981633974437271 ) ;
#5790 = VECTOR ( 'NONE', #52, 1000.000000000000114 ) ;
#5791 = CARTESIAN_POINT ( 'NONE',  ( 36.42551403682580968, 24.92551403682584166, 6.000000000000000000 ) ) ;
#5792 = CARTESIAN_POINT ( 'NONE',  ( 203.3000000000000114, 125.0000000000000568, 4.000000000000000000 ) ) ;
#5793 = EDGE_LOOP ( 'NONE', ( #6692, #433, #3548, #7722 ) ) ;
#5794 = AXIS2_PLACEMENT_3D ( 'NONE', #146, #5067, #7875 ) ;
#5795 = EDGE_LOOP ( 'NONE', ( #7412, #7832, #1702, #3560, #5236, #3045, #5753, #4317 ) ) ;
#5796 = AXIS2_PLACEMENT_3D ( 'NONE', #5735, #1623, #8540 ) ;
#5797 = DIRECTION ( 'NONE',  ( -0.000000000000000000, -0.000000000000000000, -1.000000000000000000 ) ) ;
#5798 = FACE_BOUND ( 'NONE', #8025, .T. ) ;
#5799 = AXIS2_PLACEMENT_3D ( 'NONE', #2893, #8510, #6576 ) ;
#5800 = VECTOR ( 'NONE', #877, 1000.000000000000000 ) ;
#5801 = DIRECTION ( 'NONE',  ( 1.000000000000000000, 0.000000000000000000, 0.000000000000000000 ) ) ;
#5802 = DIRECTION ( 'NONE',  ( 1.000000000000000000, 0.000000000000000000, 0.000000000000000000 ) ) ;
#5803 = VECTOR ( 'NONE', #5373, 1000.000000000000000 ) ;
#5804 = CARTESIAN_POINT ( 'NONE',  ( 135.9528908614400393, 60.41552392133027638, 2.000000000000000000 ) ) ;
#5805 = DIRECTION ( 'NONE',  ( -0.000000000000000000, -0.000000000000000000, 1.000000000000000000 ) ) ;
#5806 = EDGE_CURVE ( 'NONE', #3454, #9038, #8170, .T. ) ;
#5807 = CIRCLE ( 'NONE', #1096, 37.75000000000000000 ) ;
#5808 = CARTESIAN_POINT ( 'NONE',  ( 196.7000000000000171, -124.9999999999999574, 6.000000000000000000 ) ) ;
#5809 = CYLINDRICAL_SURFACE ( 'NONE', #6500, 1.500000000000001332 ) ;
#5810 = DIRECTION ( 'NONE',  ( -0.000000000000000000, -0.000000000000000000, 1.000000000000000000 ) ) ;
#5811 = CARTESIAN_POINT ( 'NONE',  ( 119.4871163479815408, 33.62662009552747833, 4.499999999999922728 ) ) ;
#5812 = ORIENTED_EDGE ( 'NONE', *, *, #8349, .F. ) ;
#5813 = DIRECTION ( 'NONE',  ( -0.000000000000000000, 0.000000000000000000, 1.000000000000000000 ) ) ;
#5814 = DIRECTION ( 'NONE',  ( 0.000000000000000000, -0.000000000000000000, -1.000000000000000000 ) ) ;
#5815 = AXIS2_PLACEMENT_3D ( 'NONE', #8769, #4541, #4446 ) ;
#5816 = EDGE_LOOP ( 'NONE', ( #6671, #8677, #6476, #1888 ) ) ;
#5817 = CARTESIAN_POINT ( 'NONE',  ( 82.81037903847203552, 106.5541996892568903, 6.000000000000000000 ) ) ;
#5818 = DIRECTION ( 'NONE',  ( -0.4848210009917018337, 0.5147315776182836977, 0.7071067811865453523 ) ) ;
#5819 = ORIENTED_EDGE ( 'NONE', *, *, #6031, .F. ) ;
#5820 = VECTOR ( 'NONE', #5737, 999.9999999999998863 ) ;
#5821 = VERTEX_POINT ( 'NONE', #7379 ) ;
#5822 = DIRECTION ( 'NONE',  ( 1.000000000000000000, 0.000000000000000000, 0.000000000000000000 ) ) ;
#5823 = DIRECTION ( 'NONE',  ( -0.4784802923808532116, 0.5206309727658555708, -0.7071067811865561215 ) ) ;
#5824 = AXIS2_PLACEMENT_3D ( 'NONE', #2968, #8593, #87 ) ;
#5825 = DIRECTION ( 'NONE',  ( -0.3315959982864523092, -0.6245351022323933909, 0.7071067811865370256 ) ) ;
#5826 = EDGE_CURVE ( 'NONE', #5256, #8750, #4209, .T. ) ;
#5827 = CARTESIAN_POINT ( 'NONE',  ( 25.07448596317426137, 65.07448596317414058, 4.499999999999936051 ) ) ;
#5828 = VERTEX_POINT ( 'NONE', #7479 ) ;
#5829 = EDGE_CURVE ( 'NONE', #9029, #5428, #4794, .T. ) ;
#5830 = DIRECTION ( 'NONE',  ( 0.000000000000000000, 0.000000000000000000, 1.000000000000000000 ) ) ;
#5831 = EDGE_CURVE ( 'NONE', #172, #6060, #6738, .T. ) ;
#5832 = ORIENTED_EDGE ( 'NONE', *, *, #7302, .T. ) ;
#5833 = AXIS2_PLACEMENT_3D ( 'NONE', #5028, #159, #205 ) ;
#5834 = VECTOR ( 'NONE', #4887, 1000.000000000000000 ) ;
#5835 = DIRECTION ( 'NONE',  ( 0.000000000000000000, -0.000000000000000000, -1.000000000000000000 ) ) ;
#5836 = CARTESIAN_POINT ( 'NONE',  ( -12.24999999999993427, -89.99999999999997158, 4.500000000000033751 ) ) ;
#5837 = EDGE_LOOP ( 'NONE', ( #4262, #1732, #1760, #3415 ) ) ;
#5838 = EDGE_CURVE ( 'NONE', #7064, #2922, #4358, .T. ) ;
#5839 = AXIS2_PLACEMENT_3D ( 'NONE', #2034, #1378, #1280 ) ;
#5840 = CARTESIAN_POINT ( 'NONE',  ( 69.48711634798151238, -56.37337990447251457, 6.000000000000000000 ) ) ;
#5841 = DIRECTION ( 'NONE',  ( -0.000000000000000000, -0.000000000000000000, -1.000000000000000000 ) ) ;
#5842 = DIRECTION ( 'NONE',  ( 1.000000000000000000, 0.000000000000000000, 0.000000000000000000 ) ) ;
#5843 = EDGE_CURVE ( 'NONE', #5267, #2114, #7740, .T. ) ;
#5844 = EDGE_CURVE ( 'NONE', #2330, #2389, #1258, .T. ) ;
#5845 = CIRCLE ( 'NONE', #4676, 10.00000000000000888 ) ;
#5846 = DIRECTION ( 'NONE',  ( 0.000000000000000000, -0.000000000000000000, -1.000000000000000000 ) ) ;
#5847 = CARTESIAN_POINT ( 'NONE',  ( 0.000000000000000000, -124.9999999999999574, 4.000000000000000000 ) ) ;
#5848 = DIRECTION ( 'NONE',  ( 1.000000000000000000, 2.775557561562888827E-14, 0.000000000000000000 ) ) ;
#5849 = CARTESIAN_POINT ( 'NONE',  ( -82.29722968529817706, 33.34178194375505910, 2.000000000000000000 ) ) ;
#5850 = VERTEX_POINT ( 'NONE', #4538 ) ;
#5851 = DIRECTION ( 'NONE',  ( -0.000000000000000000, -0.000000000000000000, -1.000000000000000000 ) ) ;
#5852 = DIRECTION ( 'NONE',  ( 1.000000000000000000, 0.000000000000000000, 0.000000000000000000 ) ) ;
#5853 = DIRECTION ( 'NONE',  ( -1.000000000000000000, 0.000000000000000000, 0.000000000000000000 ) ) ;
#5854 = DIRECTION ( 'NONE',  ( -0.000000000000000000, -0.000000000000000000, -1.000000000000000000 ) ) ;
#5855 = LINE ( 'NONE', #1664, #2302 ) ;
#5856 = ORIENTED_EDGE ( 'NONE', *, *, #8160, .F. ) ;
#5857 = CARTESIAN_POINT ( 'NONE',  ( 179.4394902502120317, 104.6904881830743363, 4.500000000000130562 ) ) ;
#5858 = DIRECTION ( 'NONE',  ( 1.000000000000000000, 0.000000000000000000, 0.000000000000000000 ) ) ;
#5859 = ORIENTED_EDGE ( 'NONE', *, *, #8384, .T. ) ;
#5860 = ORIENTED_EDGE ( 'NONE', *, *, #6677, .T. ) ;
#5861 = CARTESIAN_POINT ( 'NONE',  ( 133.1666209613877925, 18.40619165170996041, 6.000000000000000000 ) ) ;
#5862 = CARTESIAN_POINT ( 'NONE',  ( -87.74999999999994316, -89.99999999999997158, 6.000000000000000000 ) ) ;
#5863 = DIRECTION ( 'NONE',  ( -0.000000000000000000, -0.000000000000000000, 1.000000000000000000 ) ) ;
#5864 = DIRECTION ( 'NONE',  ( 0.000000000000000000, 0.000000000000000000, 1.000000000000000000 ) ) ;
#5865 = VERTEX_POINT ( 'NONE', #8070 ) ;
#5866 = CARTESIAN_POINT ( 'NONE',  ( -120.5605097497879399, 104.6904881830740379, 2.000000000000000000 ) ) ;
#5867 = ORIENTED_EDGE ( 'NONE', *, *, #1601, .F. ) ;
#5868 = EDGE_CURVE ( 'NONE', #4298, #8565, #1758, .T. ) ;
#5869 = ORIENTED_EDGE ( 'NONE', *, *, #151, .T. ) ;
#5870 = CARTESIAN_POINT ( 'NONE',  ( 81.31037903847203552, 106.5541996892568903, 4.499999999999936051 ) ) ;
#5871 = LINE ( 'NONE', #3072, #6676 ) ;
#5872 = EDGE_CURVE ( 'NONE', #7707, #853, #246, .T. ) ;
#5873 = EDGE_LOOP ( 'NONE', ( #5600, #3974, #5664, #1111 ) ) ;
#5874 = ORIENTED_EDGE ( 'NONE', *, *, #6730, .F. ) ;
#5875 = DIRECTION ( 'NONE',  ( 1.000000000000000000, 0.000000000000000000, 0.000000000000000000 ) ) ;
#5876 = DIRECTION ( 'NONE',  ( -0.000000000000000000, 0.000000000000000000, 1.000000000000000000 ) ) ;
#5877 = CARTESIAN_POINT ( 'NONE',  ( 0.000000000000000000, 0.000000000000000000, 2.000000000000000000 ) ) ;
#5878 = CIRCLE ( 'NONE', #4126, 1.499999999999999556 ) ;
#5879 = EDGE_CURVE ( 'NONE', #1162, #6641, #3319, .T. ) ;
#5880 = DIRECTION ( 'NONE',  ( 0.000000000000000000, -0.000000000000000000, -1.000000000000000000 ) ) ;
#5881 = DIRECTION ( 'NONE',  ( 1.000000000000000000, 0.000000000000000000, 0.000000000000000000 ) ) ;
#5882 = ADVANCED_FACE ( 'NONE', ( #3513 ), #2139, .F. ) ;
#5883 = DIRECTION ( 'NONE',  ( 0.000000000000000000, -0.000000000000000000, -1.000000000000000000 ) ) ;
#5884 = CARTESIAN_POINT ( 'NONE',  ( -63.30671901020785697, 26.69328098979220343, 4.500000000000019540 ) ) ;
#5885 = ORIENTED_EDGE ( 'NONE', *, *, #6960, .F. ) ;
#5886 = CARTESIAN_POINT ( 'NONE',  ( -73.30671901020787118, 26.69328098979220343, 4.500000000000019540 ) ) ;
#5887 = EDGE_CURVE ( 'NONE', #6754, #5010, #4952, .T. ) ;
#5888 = ORIENTED_EDGE ( 'NONE', *, *, #4651, .T. ) ;
#5889 = ORIENTED_EDGE ( 'NONE', *, *, #3135, .T. ) ;
#5890 = CARTESIAN_POINT ( 'NONE',  ( -14.74999999999990941, -89.99999999999997158, 0.000000000000000000 ) ) ;
#5891 = FACE_OUTER_BOUND ( 'NONE', #6258, .T. ) ;
#5892 = CIRCLE ( 'NONE', #3549, 1.500000000000001332 ) ;
#5893 = FACE_OUTER_BOUND ( 'NONE', #8169, .T. ) ;
#5894 = CARTESIAN_POINT ( 'NONE',  ( -133.3417819437550520, -17.70277031470189399, 6.000000000000000000 ) ) ;
#5895 = ORIENTED_EDGE ( 'NONE', *, *, #3067, .T. ) ;
#5896 = FACE_OUTER_BOUND ( 'NONE', #31, .T. ) ;
#5897 = FACE_OUTER_BOUND ( 'NONE', #720, .T. ) ;
#5898 = ORIENTED_EDGE ( 'NONE', *, *, #4426, .F. ) ;
#5899 = ORIENTED_EDGE ( 'NONE', *, *, #3517, .F. ) ;
#5900 = CARTESIAN_POINT ( 'NONE',  ( 24.92551403682575284, 24.92551403682584166, 4.499999999999929834 ) ) ;
#5901 = CONICAL_SURFACE ( 'NONE', #1500, 1.499999999999973577, 0.7853981633974416177 ) ;
#5902 = DIRECTION ( 'NONE',  ( 0.000000000000000000, -0.000000000000000000, -1.000000000000000000 ) ) ;
#5903 = DIRECTION ( 'NONE',  ( -0.000000000000000000, -0.000000000000000000, -1.000000000000000000 ) ) ;
#5904 = LINE ( 'NONE', #133, #3315 ) ;
#5905 = CIRCLE ( 'NONE', #4151, 35.25000000000000000 ) ;
#5906 = VERTEX_POINT ( 'NONE', #2632 ) ;
#5907 = AXIS2_PLACEMENT_3D ( 'NONE', #8204, #2585, #6135 ) ;
#5908 = LINE ( 'NONE', #299, #100 ) ;
#5909 = EDGE_CURVE ( 'NONE', #4322, #1316, #8388, .T. ) ;
#5910 = VERTEX_POINT ( 'NONE', #565 ) ;
#5911 = AXIS2_PLACEMENT_3D ( 'NONE', #1706, #6547, #8751 ) ;
#5912 = VERTEX_POINT ( 'NONE', #1336 ) ;
#5913 = CARTESIAN_POINT ( 'NONE',  ( -87.74999999999994316, -89.99999999999997158, 2.000000000000000000 ) ) ;
#5914 = ORIENTED_EDGE ( 'NONE', *, *, #6319, .F. ) ;
#5915 = AXIS2_PLACEMENT_3D ( 'NONE', #7461, #3258, #8230 ) ;
#5916 = ORIENTED_EDGE ( 'NONE', *, *, #4935, .F. ) ;
#5917 = DIRECTION ( 'NONE',  ( 1.000000000000000000, 0.000000000000000000, 0.000000000000000000 ) ) ;
#5918 = DIRECTION ( 'NONE',  ( 1.000000000000000000, 0.000000000000000000, 0.000000000000000000 ) ) ;
#5919 = AXIS2_PLACEMENT_3D ( 'NONE', #417, #4666, #1182 ) ;
#5920 = ADVANCED_FACE ( 'NONE', ( #6236 ), #1946, .F. ) ;
#5921 = CONICAL_SURFACE ( 'NONE', #7690, 37.75000000000000000, 0.7853981633974644883 ) ;
#5922 = FACE_OUTER_BOUND ( 'NONE', #748, .T. ) ;
#5923 = AXIS2_PLACEMENT_3D ( 'NONE', #6310, #2206, #3540 ) ;
#5924 = ADVANCED_FACE ( 'NONE', ( #4116 ), #6181, .T. ) ;
#5925 = AXIS2_PLACEMENT_3D ( 'NONE', #8611, #2305, #8782 ) ;
#5926 = CARTESIAN_POINT ( 'NONE',  ( -149.9999999999999432, -90.00000000000002842, 2.000000000000000000 ) ) ;
#5927 = CIRCLE ( 'NONE', #4912, 5.500000000000005329 ) ;
#5928 = DIRECTION ( 'NONE',  ( -0.000000000000000000, -0.000000000000000000, -1.000000000000000000 ) ) ;
#5929 = CARTESIAN_POINT ( 'NONE',  ( 173.1577470838595048, -66.84225291614049524, 6.000000000000000000 ) ) ;
#5930 = ORIENTED_EDGE ( 'NONE', *, *, #8853, .F. ) ;
#5931 = CARTESIAN_POINT ( 'NONE',  ( 81.59380834829030960, -34.66662096138771432, 2.000000000000000000 ) ) ;
#5932 = EDGE_CURVE ( 'NONE', #6444, #8594, #3040, .T. ) ;
#5933 = ORIENTED_EDGE ( 'NONE', *, *, #7636, .F. ) ;
#5934 = EDGE_CURVE ( 'NONE', #739, #7252, #3181, .T. ) ;
#5935 = DIRECTION ( 'NONE',  ( 1.000000000000000000, 2.544261098099314758E-14, 0.000000000000000000 ) ) ;
#5936 = VECTOR ( 'NONE', #3497, 1000.000000000000114 ) ;
#5937 = ADVANCED_FACE ( 'NONE', ( #1293 ), #6564, .T. ) ;
#5938 = EDGE_CURVE ( 'NONE', #1443, #7120, #4029, .T. ) ;
#5939 = CARTESIAN_POINT ( 'NONE',  ( -180.2499999999999716, 90.00000000000002842, 2.000000000000000000 ) ) ;
#5940 = DIRECTION ( 'NONE',  ( 1.000000000000000000, 0.000000000000000000, 0.000000000000000000 ) ) ;
#5941 = AXIS2_PLACEMENT_3D ( 'NONE', #4720, #4163, #9040 ) ;
#5942 = FACE_OUTER_BOUND ( 'NONE', #2836, .T. ) ;
#5943 = DIRECTION ( 'NONE',  ( -0.000000000000000000, -0.000000000000000000, -1.000000000000000000 ) ) ;
#5944 = ORIENTED_EDGE ( 'NONE', *, *, #8810, .F. ) ;
#5945 = CARTESIAN_POINT ( 'NONE',  ( -134.6666209613876788, -18.40619165170991423, 4.500000000000019540 ) ) ;
#5946 = DIRECTION ( 'NONE',  ( 0.000000000000000000, -0.000000000000000000, -1.000000000000000000 ) ) ;
#5947 = ORIENTED_EDGE ( 'NONE', *, *, #3340, .T. ) ;
#5948 = CIRCLE ( 'NONE', #6408, 10.00000000000000178 ) ;
#5949 = ORIENTED_EDGE ( 'NONE', *, *, #8872, .F. ) ;
#5950 = DIRECTION ( 'NONE',  ( 1.000000000000000000, 0.000000000000000000, 0.000000000000000000 ) ) ;
#5951 = DIRECTION ( 'NONE',  ( -0.000000000000000000, -0.000000000000000000, -1.000000000000000000 ) ) ;
#5952 = CARTESIAN_POINT ( 'NONE',  ( -15.87851806928712151, -31.47117989404468119, 2.000000000000000000 ) ) ;
#5953 = CARTESIAN_POINT ( 'NONE',  ( -115.7499999999999432, 90.00000000000002842, 6.000000000000000000 ) ) ;
#5954 = ORIENTED_EDGE ( 'NONE', *, *, #7437, .T. ) ;
#5955 = AXIS2_PLACEMENT_3D ( 'NONE', #7188, #2905, #868 ) ;
#5956 = DIRECTION ( 'NONE',  ( 1.000000000000000000, 0.000000000000000000, 0.000000000000000000 ) ) ;
#5957 = CIRCLE ( 'NONE', #4206, 10.00000000000000888 ) ;
#5958 = ORIENTED_EDGE ( 'NONE', *, *, #4481, .F. ) ;
#5959 = CIRCLE ( 'NONE', #5824, 1.500000000000001332 ) ;
#5960 = EDGE_LOOP ( 'NONE', ( #4910, #6829, #8626 ) ) ;
#5961 = LINE ( 'NONE', #3946, #925 ) ;
#5962 = EDGE_CURVE ( 'NONE', #3601, #2546, #8251, .T. ) ;
#5963 = EDGE_CURVE ( 'NONE', #6389, #3227, #2159, .T. ) ;
#5964 = ORIENTED_EDGE ( 'NONE', *, *, #2289, .F. ) ;
#5965 = AXIS2_PLACEMENT_3D ( 'NONE', #2364, #6523, #5177 ) ;
#5966 = FACE_OUTER_BOUND ( 'NONE', #2635, .T. ) ;
#5967 = DIRECTION ( 'NONE',  ( -0.000000000000000000, -0.000000000000000000, 1.000000000000000000 ) ) ;
#5968 = VECTOR ( 'NONE', #1440, 1000.000000000000000 ) ;
#5969 = FACE_OUTER_BOUND ( 'NONE', #3238, .T. ) ;
#5970 = VECTOR ( 'NONE', #5029, 1000.000000000000000 ) ;
#5971 = CYLINDRICAL_SURFACE ( 'NONE', #3425, 3.299999999999997158 ) ;
#5972 = AXIS2_PLACEMENT_3D ( 'NONE', #5216, #4526, #2447 ) ;
#5973 = DIRECTION ( 'NONE',  ( 0.000000000000000000, -0.000000000000000000, 1.000000000000000000 ) ) ;
#5974 = LINE ( 'NONE', #6585, #3762 ) ;
#5975 = VERTEX_POINT ( 'NONE', #5498 ) ;
#5976 = ORIENTED_EDGE ( 'NONE', *, *, #6640, .T. ) ;
#5977 = DIRECTION ( 'NONE',  ( 1.000000000000000000, 0.000000000000000000, 0.000000000000000000 ) ) ;
#5978 = AXIS2_PLACEMENT_3D ( 'NONE', #6633, #458, #512 ) ;
#5979 = EDGE_LOOP ( 'NONE', ( #8552, #8981, #4110, #3196 ) ) ;
#5980 = LINE ( 'NONE', #3308, #5483 ) ;
#5981 = VECTOR ( 'NONE', #4938, 1000.000000000000000 ) ;
#5982 = ADVANCED_FACE ( 'NONE', ( #5446 ), #7448, .F. ) ;
#5983 = ORIENTED_EDGE ( 'NONE', *, *, #4586, .T. ) ;
#5984 = DIRECTION ( 'NONE',  ( -0.000000000000000000, -0.000000000000000000, 1.000000000000000000 ) ) ;
#5985 = CARTESIAN_POINT ( 'NONE',  ( 31.31037903847199644, 16.55419968925690455, 4.499999999999929834 ) ) ;
#5986 = DIRECTION ( 'NONE',  ( -1.000000000000000000, 0.000000000000000000, 0.000000000000000000 ) ) ;
#5987 = EDGE_CURVE ( 'NONE', #1966, #5170, #9043, .T. ) ;
#5988 = DIRECTION ( 'NONE',  ( 0.000000000000000000, -0.000000000000000000, -1.000000000000000000 ) ) ;
#5989 = ORIENTED_EDGE ( 'NONE', *, *, #2232, .F. ) ;
#5990 = EDGE_CURVE ( 'NONE', #8360, #4218, #1115, .T. ) ;
#5991 = DIRECTION ( 'NONE',  ( -0.000000000000000000, -0.000000000000000000, 1.000000000000000000 ) ) ;
#5992 = DIRECTION ( 'NONE',  ( -0.000000000000000000, -0.000000000000000000, 1.000000000000000000 ) ) ;
#5993 = VERTEX_POINT ( 'NONE', #8345 ) ;
#5994 = EDGE_CURVE ( 'NONE', #6499, #2205, #2045, .T. ) ;
#5995 = VERTEX_POINT ( 'NONE', #3474 ) ;
#5996 = DIRECTION ( 'NONE',  ( 0.000000000000000000, 0.000000000000000000, 1.000000000000000000 ) ) ;
#5997 = DIRECTION ( 'NONE',  ( -0.000000000000000000, -0.000000000000000000, 1.000000000000000000 ) ) ;
#5998 = DIRECTION ( 'NONE',  ( 0.5095527884571114940, -0.4902611097931269257, 0.7071067811865431318 ) ) ;
#5999 = ADVANCED_FACE ( 'NONE', ( #8492 ), #8627, .F. ) ;
#6000 = DIRECTION ( 'NONE',  ( -0.000000000000000000, -0.000000000000000000, -1.000000000000000000 ) ) ;
#6001 = ORIENTED_EDGE ( 'NONE', *, *, #94, .T. ) ;
#6002 = DIRECTION ( 'NONE',  ( 1.000000000000000000, 0.000000000000000000, 0.000000000000000000 ) ) ;
#6003 = ORIENTED_EDGE ( 'NONE', *, *, #305, .F. ) ;
#6004 = ORIENTED_EDGE ( 'NONE', *, *, #6892, .F. ) ;
#6005 = DIRECTION ( 'NONE',  ( -0.000000000000000000, 0.000000000000000000, 1.000000000000000000 ) ) ;
#6006 = EDGE_CURVE ( 'NONE', #4179, #8784, #109, .T. ) ;
#6007 = EDGE_LOOP ( 'NONE', ( #8953, #4033, #8807, #7811 ) ) ;
#6008 = ORIENTED_EDGE ( 'NONE', *, *, #678, .F. ) ;
#6009 = CARTESIAN_POINT ( 'NONE',  ( -149.9999999999999432, -90.00000000000002842, 2.000000000000000000 ) ) ;
#6010 = CARTESIAN_POINT ( 'NONE',  ( -196.7000000000000171, -124.9999999999999574, 4.000000000000000000 ) ) ;
#6011 = CARTESIAN_POINT ( 'NONE',  ( 16.55419968925682284, 32.81037903847215631, 6.000000000000000000 ) ) ;
#6012 = DIRECTION ( 'NONE',  ( -0.000000000000000000, -0.000000000000000000, -1.000000000000000000 ) ) ;
#6013 = FACE_OUTER_BOUND ( 'NONE', #7171, .T. ) ;
#6014 = DIRECTION ( 'NONE',  ( 0.000000000000000000, 0.000000000000000000, 1.000000000000000000 ) ) ;
#6015 = EDGE_LOOP ( 'NONE', ( #5690, #4700, #8457, #6597 ) ) ;
#6016 = ORIENTED_EDGE ( 'NONE', *, *, #2853, .F. ) ;
#6017 = DIRECTION ( 'NONE',  ( 1.000000000000000000, 0.000000000000000000, 0.000000000000000000 ) ) ;
#6018 = CARTESIAN_POINT ( 'NONE',  ( 183.1577470838595048, -66.84225291614049524, 4.499999999999929834 ) ) ;
#6019 = VECTOR ( 'NONE', #3775, 1000.000000000000000 ) ;
#6020 = EDGE_CURVE ( 'NONE', #7252, #1075, #3036, .T. ) ;
#6021 = CARTESIAN_POINT ( 'NONE',  ( 200.0000000000000000, 125.0000000000000568, 4.000000000000000000 ) ) ;
#6022 = DIRECTION ( 'NONE',  ( 0.000000000000000000, -0.000000000000000000, -1.000000000000000000 ) ) ;
#6023 = DIRECTION ( 'NONE',  ( -0.000000000000000000, -0.000000000000000000, -1.000000000000000000 ) ) ;
#6024 = FACE_OUTER_BOUND ( 'NONE', #7024, .T. ) ;
#6025 = ORIENTED_EDGE ( 'NONE', *, *, #1993, .F. ) ;
#6026 = CARTESIAN_POINT ( 'NONE',  ( -117.7027703147018372, -33.34178194375506621, 2.000000000000000000 ) ) ;
#6027 = EDGE_CURVE ( 'NONE', #5030, #4294, #3659, .T. ) ;
#6028 = DIRECTION ( 'NONE',  ( -0.000000000000000000, -0.000000000000000000, -1.000000000000000000 ) ) ;
#6029 = ORIENTED_EDGE ( 'NONE', *, *, #7210, .T. ) ;
#6030 = CIRCLE ( 'NONE', #7223, 3.299999999999998490 ) ;
#6031 = EDGE_CURVE ( 'NONE', #5136, #7732, #4510, .T. ) ;
#6032 = ADVANCED_FACE ( 'NONE', ( #2187 ), #3632, .F. ) ;
#6033 = AXIS2_PLACEMENT_3D ( 'NONE', #1267, #4694, #1911 ) ;
#6034 = EDGE_LOOP ( 'NONE', ( #7520, #2396 ) ) ;
#6035 = DIRECTION ( 'NONE',  ( -0.000000000000000000, -0.000000000000000000, -1.000000000000000000 ) ) ;
#6036 = DIRECTION ( 'NONE',  ( 0.000000000000000000, -0.000000000000000000, -1.000000000000000000 ) ) ;
#6037 = CARTESIAN_POINT ( 'NONE',  ( -23.30671901020783920, -63.30671901020773618, 6.000000000000000000 ) ) ;
#6038 = CARTESIAN_POINT ( 'NONE',  ( 164.6904881830742227, 120.9394902502120033, 2.000000000000000000 ) ) ;
#6039 = DIRECTION ( 'NONE',  ( -0.3032917901661966176, -0.6387598062008685851, -0.7071067811865564545 ) ) ;
#6040 = VECTOR ( 'NONE', #1533, 1000.000000000000114 ) ;
#6041 = ORIENTED_EDGE ( 'NONE', *, *, #7472, .F. ) ;
#6042 = DIRECTION ( 'NONE',  ( -0.000000000000000000, -0.000000000000000000, -1.000000000000000000 ) ) ;
#6043 = CIRCLE ( 'NONE', #4293, 1.500000000000001332 ) ;
#6044 = EDGE_CURVE ( 'NONE', #8271, #6626, #2741, .T. ) ;
#6045 = ORIENTED_EDGE ( 'NONE', *, *, #463, .T. ) ;
#6046 = ADVANCED_FACE ( 'NONE', ( #7888, #4430 ), #795, .F. ) ;
#6047 = ADVANCED_FACE ( 'NONE', ( #2221, #123 ), #6424, .F. ) ;
#6048 = ORIENTED_EDGE ( 'NONE', *, *, #2955, .T. ) ;
#6049 = AXIS2_PLACEMENT_3D ( 'NONE', #2083, #1289, #8442 ) ;
#6050 = DIRECTION ( 'NONE',  ( 0.000000000000000000, -0.000000000000000000, -1.000000000000000000 ) ) ;
#6051 = CIRCLE ( 'NONE', #5649, 32.75000000000002132 ) ;
#6052 = ORIENTED_EDGE ( 'NONE', *, *, #657, .T. ) ;
#6053 = ORIENTED_EDGE ( 'NONE', *, *, #8667, .T. ) ;
#6054 = ORIENTED_EDGE ( 'NONE', *, *, #8352, .T. ) ;
#6055 = DIRECTION ( 'NONE',  ( 0.000000000000000000, -0.000000000000000000, -1.000000000000000000 ) ) ;
#6056 = LINE ( 'NONE', #9059, #6486 ) ;
#6057 = AXIS2_PLACEMENT_3D ( 'NONE', #6288, #9091, #3426 ) ;
#6058 = DIRECTION ( 'NONE',  ( 1.000000000000000000, 0.000000000000000000, 0.000000000000000000 ) ) ;
#6059 = AXIS2_PLACEMENT_3D ( 'NONE', #6076, #7418, #1925 ) ;
#6060 = VERTEX_POINT ( 'NONE', #2916 ) ;
#6061 = AXIS2_PLACEMENT_3D ( 'NONE', #8341, #1940, #3323 ) ;
#6062 = AXIS2_PLACEMENT_3D ( 'NONE', #5625, #6954, #66 ) ;
#6063 = DIRECTION ( 'NONE',  ( -1.000000000000000000, 0.000000000000000000, 0.000000000000000000 ) ) ;
#6064 = CARTESIAN_POINT ( 'NONE',  ( -165.7949132570895472, -119.9244802719920671, 6.000000000000000000 ) ) ;
#6065 = ORIENTED_EDGE ( 'NONE', *, *, #7871, .F. ) ;
#6066 = CIRCLE ( 'NONE', #7840, 30.25000000000000000 ) ;
#6067 = ORIENTED_EDGE ( 'NONE', *, *, #1435, .F. ) ;
#6068 = AXIS2_PLACEMENT_3D ( 'NONE', #4968, #7775, #1457 ) ;
#6069 = PLANE ( 'NONE',  #8431 ) ;
#6070 = VECTOR ( 'NONE', #4241, 1000.000000000000000 ) ;
#6071 = CARTESIAN_POINT ( 'NONE',  ( 164.6904881830742511, -59.06050974978801804, 6.000000000000000000 ) ) ;
#6072 = AXIS2_PLACEMENT_3D ( 'NONE', #6451, #187, #867 ) ;
#6073 = CIRCLE ( 'NONE', #3142, 1.500000000000001332 ) ;
#6074 = CIRCLE ( 'NONE', #5621, 37.75000000000000711 ) ;
#6075 = EDGE_LOOP ( 'NONE', ( #8744, #5740, #1295, #5570 ) ) ;
#6076 = CARTESIAN_POINT ( 'NONE',  ( 84.66662096138776405, -71.59380834828999696, 4.499999999999929834 ) ) ;
#6077 = FACE_OUTER_BOUND ( 'NONE', #8821, .T. ) ;
#6078 = EDGE_CURVE ( 'NONE', #8216, #1078, #9068, .T. ) ;
#6079 = DIRECTION ( 'NONE',  ( -0.000000000000000000, -0.000000000000000000, -1.000000000000000000 ) ) ;
#6080 = CARTESIAN_POINT ( 'NONE',  ( 76.69328098979219988, -63.30671901020773618, 6.000000000000000000 ) ) ;
#6081 = ORIENTED_EDGE ( 'NONE', *, *, #7041, .T. ) ;
#6082 = AXIS2_PLACEMENT_3D ( 'NONE', #2244, #7267, #5057 ) ;
#6083 = CIRCLE ( 'NONE', #2999, 32.75000000000000000 ) ;
#6084 = DIRECTION ( 'NONE',  ( 1.000000000000000000, 0.000000000000000000, 0.000000000000000000 ) ) ;
#6085 = FACE_OUTER_BOUND ( 'NONE', #371, .T. ) ;
#6086 = ORIENTED_EDGE ( 'NONE', *, *, #8635, .T. ) ;
#6087 = DIRECTION ( 'NONE',  ( 0.000000000000000000, 0.000000000000000000, 1.000000000000000000 ) ) ;
#6088 = VECTOR ( 'NONE', #4947, 1000.000000000000000 ) ;
#6089 = ORIENTED_EDGE ( 'NONE', *, *, #4651, .F. ) ;
#6090 = FACE_OUTER_BOUND ( 'NONE', #5248, .T. ) ;
#6091 = DIRECTION ( 'NONE',  ( 1.000000000000000000, 0.000000000000000000, 0.000000000000000000 ) ) ;
#6092 = FACE_OUTER_BOUND ( 'NONE', #6803, .T. ) ;
#6093 = DIRECTION ( 'NONE',  ( 0.7071067811865442421, 0.000000000000000000, 0.7071067811865507924 ) ) ;
#6094 = DIRECTION ( 'NONE',  ( 1.000000000000000000, 0.000000000000000000, 0.000000000000000000 ) ) ;
#6095 = CIRCLE ( 'NONE', #8882, 32.75000000000001421 ) ;
#6096 = EDGE_LOOP ( 'NONE', ( #259, #7208, #6598, #7592 ) ) ;
#6097 = ORIENTED_EDGE ( 'NONE', *, *, #5014, .T. ) ;
#6098 = DIRECTION ( 'NONE',  ( -1.000000000000000000, 0.000000000000000000, 0.000000000000000000 ) ) ;
#6099 = ADVANCED_FACE ( 'NONE', ( #920 ), #7199, .F. ) ;
#6100 = CIRCLE ( 'NONE', #510, 5.500000000000005329 ) ;
#6101 = ORIENTED_EDGE ( 'NONE', *, *, #3185, .T. ) ;
#6102 = ORIENTED_EDGE ( 'NONE', *, *, #8667, .F. ) ;
#6103 = DIRECTION ( 'NONE',  ( 1.000000000000000000, 0.000000000000000000, 0.000000000000000000 ) ) ;
#6104 = EDGE_CURVE ( 'NONE', #7375, #2582, #6850, .T. ) ;
#6105 = EDGE_LOOP ( 'NONE', ( #1716, #2846, #8497, #6678 ) ) ;
#6106 = DIRECTION ( 'NONE',  ( -0.000000000000000000, -0.000000000000000000, -1.000000000000000000 ) ) ;
#6107 = DIRECTION ( 'NONE',  ( -0.000000000000000000, 0.000000000000000000, 1.000000000000000000 ) ) ;
#6108 = ADVANCED_FACE ( 'NONE', ( #8575 ), #8624, .F. ) ;
#6109 = AXIS2_PLACEMENT_3D ( 'NONE', #5232, #1681, #7989 ) ;
#6110 = DIRECTION ( 'NONE',  ( -0.000000000000000000, -0.000000000000000000, -1.000000000000000000 ) ) ;
#6111 = ORIENTED_EDGE ( 'NONE', *, *, #1662, .F. ) ;
#6112 = AXIS2_PLACEMENT_3D ( 'NONE', #3709, #5700, #7899 ) ;
#6113 = AXIS2_PLACEMENT_3D ( 'NONE', #3200, #5274, #4724 ) ;
#6114 = CARTESIAN_POINT ( 'NONE',  ( 100.0000000000001137, 2.775557561562891351E-14, 6.000000000000000000 ) ) ;
#6115 = ADVANCED_FACE ( 'NONE', ( #7837 ), #6855, .F. ) ;
#6116 = DIRECTION ( 'NONE',  ( -0.000000000000000000, -0.000000000000000000, -1.000000000000000000 ) ) ;
#6117 = ORIENTED_EDGE ( 'NONE', *, *, #1019, .F. ) ;
#6118 = EDGE_CURVE ( 'NONE', #4722, #4499, #8661, .T. ) ;
#6119 = VECTOR ( 'NONE', #8991, 1000.000000000000000 ) ;
#6120 = ORIENTED_EDGE ( 'NONE', *, *, #1088, .F. ) ;
#6121 = CARTESIAN_POINT ( 'NONE',  ( 15.87851806928713572, 31.47117989404468119, 6.000000000000000000 ) ) ;
#6122 = ADVANCED_FACE ( 'NONE', ( #3611 ), #7453, .T. ) ;
#6123 = ADVANCED_FACE ( 'NONE', ( #8530 ), #5106, .T. ) ;
#6124 = CARTESIAN_POINT ( 'NONE',  ( -205.5000000000000284, 125.0000000000000568, 4.000000000000000000 ) ) ;
#6125 = AXIS2_PLACEMENT_3D ( 'NONE', #6374, #6182, #8304 ) ;
#6126 = CONICAL_SURFACE ( 'NONE', #4514, 1.500000000000056843, 0.7853981633974457255 ) ;
#6127 = DIRECTION ( 'NONE',  ( 0.000000000000000000, 0.000000000000000000, 1.000000000000000000 ) ) ;
#6128 = CIRCLE ( 'NONE', #7752, 32.75000000000002842 ) ;
#6129 = DIRECTION ( 'NONE',  ( 0.000000000000000000, -0.000000000000000000, -1.000000000000000000 ) ) ;
#6130 = DIRECTION ( 'NONE',  ( 1.000000000000000000, 0.000000000000000000, 0.000000000000000000 ) ) ;
#6131 = DIRECTION ( 'NONE',  ( 0.000000000000000000, -0.000000000000000000, -1.000000000000000000 ) ) ;
#6132 = ORIENTED_EDGE ( 'NONE', *, *, #6890, .T. ) ;
#6133 = CIRCLE ( 'NONE', #840, 37.75000000000000711 ) ;
#6134 = CARTESIAN_POINT ( 'NONE',  ( 17.24999999999998224, 90.00000000000000000, 2.000000000000000000 ) ) ;
#6135 = DIRECTION ( 'NONE',  ( 1.000000000000000000, 0.000000000000000000, 0.000000000000000000 ) ) ;
#6136 = ORIENTED_EDGE ( 'NONE', *, *, #7554, .T. ) ;
#6137 = VECTOR ( 'NONE', #3600, 1000.000000000000000 ) ;
#6138 = CARTESIAN_POINT ( 'NONE',  ( 23.30671901020797065, -116.6932809897921857, 4.499999999999929834 ) ) ;
#6139 = ORIENTED_EDGE ( 'NONE', *, *, #1501, .T. ) ;
#6140 = DIRECTION ( 'NONE',  ( -0.6387598062008653654, -0.3032917901662031679, -0.7071067811865564545 ) ) ;
#6141 = DIRECTION ( 'NONE',  ( -0.000000000000000000, -0.000000000000000000, 1.000000000000000000 ) ) ;
#6142 = DIRECTION ( 'NONE',  ( 0.000000000000000000, -0.000000000000000000, -1.000000000000000000 ) ) ;
#6143 = CARTESIAN_POINT ( 'NONE',  ( -135.3095118169258342, -59.06050974978807488, 4.499999999999950262 ) ) ;
#6144 = CARTESIAN_POINT ( 'NONE',  ( 126.8422529161406231, 66.84225291614060893, 6.000000000000000000 ) ) ;
#6145 = EDGE_LOOP ( 'NONE', ( #4583, #6001, #1155, #2138 ) ) ;
#6146 = VERTEX_POINT ( 'NONE', #7290 ) ;
#6147 = CARTESIAN_POINT ( 'NONE',  ( 203.3000000000000114, -124.9999999999999574, 8.673617379884035472E-16 ) ) ;
#6148 = EDGE_LOOP ( 'NONE', ( #8219, #7659, #5058, #2885 ) ) ;
#6149 = ORIENTED_EDGE ( 'NONE', *, *, #1501, .F. ) ;
#6150 = CARTESIAN_POINT ( 'NONE',  ( -32.75000000000002132, 0.000000000000000000, 2.000000000000000000 ) ) ;
#6151 = ORIENTED_EDGE ( 'NONE', *, *, #463, .F. ) ;
#6152 = ORIENTED_EDGE ( 'NONE', *, *, #5382, .F. ) ;
#6153 = CARTESIAN_POINT ( 'NONE',  ( -15.33337903861228035, -71.59380834828998275, 2.000000000000000000 ) ) ;
#6154 = DIRECTION ( 'NONE',  ( 1.000000000000000000, 0.000000000000000000, 0.000000000000000000 ) ) ;
#6155 = EDGE_LOOP ( 'NONE', ( #1976, #5663 ) ) ;
#6156 = ADVANCED_FACE ( 'NONE', ( #967 ), #8831, .T. ) ;
#6157 = ADVANCED_FACE ( 'NONE', ( #1794 ), #6126, .T. ) ;
#6158 = ADVANCED_FACE ( 'NONE', ( #5893 ), #3964, .T. ) ;
#6159 = DIRECTION ( 'NONE',  ( 1.000000000000000000, 0.000000000000000000, 0.000000000000000000 ) ) ;
#6160 = CARTESIAN_POINT ( 'NONE',  ( -180.9394902502119180, 75.30951181692596208, 6.000000000000000000 ) ) ;
#6161 = ORIENTED_EDGE ( 'NONE', *, *, #8077, .F. ) ;
#6162 = VERTEX_POINT ( 'NONE', #1710 ) ;
#6163 = CARTESIAN_POINT ( 'NONE',  ( 86.69328098979218566, -63.30671901020773618, 4.499999999999929834 ) ) ;
#6164 = PRESENTATION_STYLE_ASSIGNMENT (( #4056 ) ) ;
#6165 = EDGE_CURVE ( 'NONE', #2576, #2425, #6761, .T. ) ;
#6166 = EDGE_CURVE ( 'NONE', #4410, #5678, #1104, .T. ) ;
#6167 = FACE_OUTER_BOUND ( 'NONE', #1804, .T. ) ;
#6168 = LINE ( 'NONE', #4011, #1544 ) ;
#6169 = DIRECTION ( 'NONE',  ( 1.000000000000000000, 0.000000000000000000, 0.000000000000000000 ) ) ;
#6170 = CYLINDRICAL_SURFACE ( 'NONE', #7009, 35.24999999999999289 ) ;
#6171 = ORIENTED_EDGE ( 'NONE', *, *, #2987, .T. ) ;
#6172 = FACE_OUTER_BOUND ( 'NONE', #4929, .T. ) ;
#6173 = CARTESIAN_POINT ( 'NONE',  ( 50.00000000000007105, -89.99999999999995737, 2.000000000000000000 ) ) ;
#6174 = ORIENTED_EDGE ( 'NONE', *, *, #8748, .F. ) ;
#6175 = AXIS2_PLACEMENT_3D ( 'NONE', #4511, #442, #6749 ) ;
#6176 = DIRECTION ( 'NONE',  ( 1.000000000000000000, -1.850371707708592551E-14, 0.000000000000000000 ) ) ;
#6177 = ORIENTED_EDGE ( 'NONE', *, *, #4197, .T. ) ;
#6178 = DIRECTION ( 'NONE',  ( 1.000000000000000000, 0.000000000000000000, 0.000000000000000000 ) ) ;
#6179 = DIRECTION ( 'NONE',  ( 0.000000000000000000, -0.000000000000000000, -1.000000000000000000 ) ) ;
#6180 = CARTESIAN_POINT ( 'NONE',  ( 3.299999999999999822, -124.9999999999999574, 4.000000000000000000 ) ) ;
#6181 = CYLINDRICAL_SURFACE ( 'NONE', #2304, 1.500000000000001332 ) ;
#6182 = DIRECTION ( 'NONE',  ( -0.000000000000000000, 0.000000000000000000, 1.000000000000000000 ) ) ;
#6183 = EDGE_LOOP ( 'NONE', ( #3871, #3203, #1878, #8253 ) ) ;
#6184 = VERTEX_POINT ( 'NONE', #3831 ) ;
#6185 = CARTESIAN_POINT ( 'NONE',  ( 17.64611025633100638, 31.78191838608346131, 6.000000000000000000 ) ) ;
#6186 = VERTEX_POINT ( 'NONE', #3186 ) ;
#6187 = ORIENTED_EDGE ( 'NONE', *, *, #2044, .F. ) ;
#6188 = CIRCLE ( 'NONE', #3843, 11.50000000000005862 ) ;
#6189 = FACE_OUTER_BOUND ( 'NONE', #4088, .T. ) ;
#6190 = CYLINDRICAL_SURFACE ( 'NONE', #7286, 3.299999999999997158 ) ;
#6191 = ORIENTED_EDGE ( 'NONE', *, *, #916, .T. ) ;
#6192 = AXIS2_PLACEMENT_3D ( 'NONE', #2558, #4828, #624 ) ;
#6193 = ORIENTED_EDGE ( 'NONE', *, *, #7343, .F. ) ;
#6194 = EDGE_CURVE ( 'NONE', #5545, #354, #6283, .T. ) ;
#6195 = CARTESIAN_POINT ( 'NONE',  ( -149.9999999999999432, 90.00000000000002842, 6.000000000000000000 ) ) ;
#6196 = DIRECTION ( 'NONE',  ( 0.000000000000000000, -0.000000000000000000, -1.000000000000000000 ) ) ;
#6197 = ORIENTED_EDGE ( 'NONE', *, *, #8417, .T. ) ;
#6198 = AXIS2_PLACEMENT_3D ( 'NONE', #2052, #6977, #804 ) ;
#6199 = LINE ( 'NONE', #6987, #6377 ) ;
#6200 = CYLINDRICAL_SURFACE ( 'NONE', #4774, 10.00000000000000888 ) ;
#6201 = AXIS2_PLACEMENT_3D ( 'NONE', #4434, #3057, #5858 ) ;
#6202 = ORIENTED_EDGE ( 'NONE', *, *, #4969, .T. ) ;
#6203 = VECTOR ( 'NONE', #27, 1000.000000000000114 ) ;
#6204 = ADVANCED_FACE ( 'NONE', ( #457 ), #8917, .T. ) ;
#6205 = EDGE_LOOP ( 'NONE', ( #8191, #7972, #974, #6743, #1674 ) ) ;
#6206 = CARTESIAN_POINT ( 'NONE',  ( -74.92551403682574573, 65.07448596317415479, 6.000000000000000000 ) ) ;
#6207 = VECTOR ( 'NONE', #1855, 1000.000000000000114 ) ;
#6208 = AXIS2_PLACEMENT_3D ( 'NONE', #5441, #653, #8246 ) ;
#6209 = CARTESIAN_POINT ( 'NONE',  ( 0.000000000000000000, -124.9999999999999574, 8.673617379884035472E-16 ) ) ;
#6210 = AXIS2_PLACEMENT_3D ( 'NONE', #5117, #8658, #4339 ) ;
#6211 = VECTOR ( 'NONE', #3511, 1000.000000000000000 ) ;
#6212 = EDGE_LOOP ( 'NONE', ( #3753, #7987, #1954, #4795 ) ) ;
#6213 = CIRCLE ( 'NONE', #2985, 5.500000000000005329 ) ;
#6214 = CARTESIAN_POINT ( 'NONE',  ( -5.500000000000000000, 125.0000000000000568, 4.000000000000000000 ) ) ;
#6215 = ADVANCED_FACE ( 'NONE', ( #6685 ), #3222, .F. ) ;
#6216 = DIRECTION ( 'NONE',  ( -1.000000000000000000, 0.000000000000000000, 0.000000000000000000 ) ) ;
#6217 = ADVANCED_FACE ( 'NONE', ( #7331 ), #5343, .F. ) ;
#6218 = CARTESIAN_POINT ( 'NONE',  ( 50.00000000000000000, 90.00000000000000000, 6.000000000000000000 ) ) ;
#6219 = CARTESIAN_POINT ( 'NONE',  ( -32.35388974366901493, 121.7819183860834755, 2.000000000000000000 ) ) ;
#6220 = ORIENTED_EDGE ( 'NONE', *, *, #6842, .T. ) ;
#6221 = EDGE_CURVE ( 'NONE', #5560, #1452, #4480, .T. ) ;
#6222 = CARTESIAN_POINT ( 'NONE',  ( 84.66662096138776405, -71.59380834828999696, 2.000000000000000000 ) ) ;
#6223 = ADVANCED_FACE ( 'NONE', ( #8885 ), #5164, .T. ) ;
#6224 = DIRECTION ( 'NONE',  ( 0.000000000000000000, -0.000000000000000000, -1.000000000000000000 ) ) ;
#6225 = CIRCLE ( 'NONE', #4466, 34.25000000000002842 ) ;
#6226 = ORIENTED_EDGE ( 'NONE', *, *, #7389, .F. ) ;
#6227 = AXIS2_PLACEMENT_3D ( 'NONE', #3593, #7136, #3640 ) ;
#6228 = DIRECTION ( 'NONE',  ( 1.000000000000000000, 0.000000000000000000, 0.000000000000000000 ) ) ;
#6229 = ORIENTED_EDGE ( 'NONE', *, *, #2175, .F. ) ;
#6230 = DIRECTION ( 'NONE',  ( -0.3315959982864521427, -0.6245351022323855084, -0.7071067811865439090 ) ) ;
#6231 = AXIS2_PLACEMENT_3D ( 'NONE', #4699, #2435, #1737 ) ;
#6232 = CARTESIAN_POINT ( 'NONE',  ( 0.000000000000000000, 139.9999999999999716, 6.000000000000000000 ) ) ;
#6233 = DIRECTION ( 'NONE',  ( -0.000000000000000000, -0.000000000000000000, -1.000000000000000000 ) ) ;
#6234 = CIRCLE ( 'NONE', #5209, 11.50000000000001066 ) ;
#6235 = ORIENTED_EDGE ( 'NONE', *, *, #8924, .F. ) ;
#6236 = FACE_OUTER_BOUND ( 'NONE', #292, .T. ) ;
#6237 = DIRECTION ( 'NONE',  ( -0.000000000000000000, 0.000000000000000000, 1.000000000000000000 ) ) ;
#6238 = ORIENTED_EDGE ( 'NONE', *, *, #6104, .T. ) ;
#6239 = DIRECTION ( 'NONE',  ( 0.000000000000000000, 0.000000000000000000, 1.000000000000000000 ) ) ;
#6240 = ADVANCED_FACE ( 'NONE', ( #5942 ), #7751, .F. ) ;
#6241 = AXIS2_PLACEMENT_3D ( 'NONE', #4237, #1975, #5567 ) ;
#6242 = VERTEX_POINT ( 'NONE', #6632 ) ;
#6243 = AXIS2_PLACEMENT_3D ( 'NONE', #934, #850, #1492 ) ;
#6244 = ORIENTED_EDGE ( 'NONE', *, *, #4096, .T. ) ;
#6245 = CARTESIAN_POINT ( 'NONE',  ( 32.81037903847204973, 16.55419968925690455, 6.000000000000000000 ) ) ;
#6246 = CIRCLE ( 'NONE', #2420, 37.75000000000000711 ) ;
#6247 = CARTESIAN_POINT ( 'NONE',  ( 203.3000000000000114, 125.0000000000000568, 6.000000000000000000 ) ) ;
#6248 = DIRECTION ( 'NONE',  ( 1.000000000000000000, 0.000000000000000000, 0.000000000000000000 ) ) ;
#6249 = ORIENTED_EDGE ( 'NONE', *, *, #8799, .T. ) ;
#6250 = EDGE_LOOP ( 'NONE', ( #3059, #7485, #8902, #8833 ) ) ;
#6251 = ADVANCED_FACE ( 'NONE', ( #5259 ), #8058, .F. ) ;
#6252 = VECTOR ( 'NONE', #331, 1000.000000000000000 ) ;
#6253 = CARTESIAN_POINT ( 'NONE',  ( -118.4061916517098609, -34.66662096138771432, 2.000000000000000000 ) ) ;
#6254 = CARTESIAN_POINT ( 'NONE',  ( -67.70277031470175189, -123.3417819437550520, 4.500000000000033751 ) ) ;
#6255 = VERTEX_POINT ( 'NONE', #1055 ) ;
#6256 = ADVANCED_FACE ( 'NONE', ( #381 ), #1886, .T. ) ;
#6257 = DIRECTION ( 'NONE',  ( 1.000000000000000000, 0.000000000000000000, 0.000000000000000000 ) ) ;
#6258 = EDGE_LOOP ( 'NONE', ( #4940, #724, #7774, #8571 ) ) ;
#6259 = CARTESIAN_POINT ( 'NONE',  ( 66.37337990447274194, -19.48711634798153725, 4.499999999999922728 ) ) ;
#6260 = VERTEX_POINT ( 'NONE', #4709 ) ;
#6261 = ORIENTED_EDGE ( 'NONE', *, *, #5533, .T. ) ;
#6262 = ORIENTED_EDGE ( 'NONE', *, *, #5934, .F. ) ;
#6263 = DIRECTION ( 'NONE',  ( 0.000000000000000000, -0.000000000000000000, -1.000000000000000000 ) ) ;
#6264 = CIRCLE ( 'NONE', #8313, 35.24999999999999289 ) ;
#6265 = ADVANCED_FACE ( 'NONE', ( #7503 ), #3189, .F. ) ;
#6266 = AXIS2_PLACEMENT_3D ( 'NONE', #808, #7986, #1677 ) ;
#6267 = CARTESIAN_POINT ( 'NONE',  ( 134.6666209613877925, 18.40619165170996041, 6.000000000000000000 ) ) ;
#6268 = DIRECTION ( 'NONE',  ( -0.7071067811865388020, 0.000000000000000000, -0.7071067811865561215 ) ) ;
#6269 = DIRECTION ( 'NONE',  ( 1.000000000000000000, 1.387778780781444413E-14, 0.000000000000000000 ) ) ;
#6270 = CARTESIAN_POINT ( 'NONE',  ( -16.37337990447256786, -70.51288365201840236, 2.000000000000000000 ) ) ;
#6271 = AXIS2_PLACEMENT_3D ( 'NONE', #7759, #6969, #4812 ) ;
#6272 = ORIENTED_EDGE ( 'NONE', *, *, #4701, .T. ) ;
#6273 = DIRECTION ( 'NONE',  ( -1.000000000000000000, 0.000000000000000000, 0.000000000000000000 ) ) ;
#6274 = CARTESIAN_POINT ( 'NONE',  ( 126.8422529161406800, -113.1577470838594195, 4.499999999999929834 ) ) ;
#6275 = AXIS2_PLACEMENT_3D ( 'NONE', #8303, #3329, #24 ) ;
#6276 = EDGE_CURVE ( 'NONE', #2404, #1606, #4075, .T. ) ;
#6277 = VECTOR ( 'NONE', #7889, 1000.000000000000000 ) ;
#6278 = CARTESIAN_POINT ( 'NONE',  ( -82.29722968529817706, 33.34178194375506621, 4.500000000000019540 ) ) ;
#6279 = ORIENTED_EDGE ( 'NONE', *, *, #4422, .F. ) ;
#6280 = DIRECTION ( 'NONE',  ( 1.000000000000000000, 0.000000000000000000, 0.000000000000000000 ) ) ;
#6281 = ADVANCED_FACE ( 'NONE', ( #3313 ), #6712, .T. ) ;
#6282 = DIRECTION ( 'NONE',  ( -0.000000000000000000, 0.000000000000000000, 1.000000000000000000 ) ) ;
#6283 = CIRCLE ( 'NONE', #2164, 1.500000000000001332 ) ;
#6284 = DIRECTION ( 'NONE',  ( 1.000000000000000000, 0.000000000000000000, 0.000000000000000000 ) ) ;
#6285 = CARTESIAN_POINT ( 'NONE',  ( 0.000000000000000000, 0.000000000000000000, 2.000000000000000000 ) ) ;
#6286 = ORIENTED_EDGE ( 'NONE', *, *, #1370, .T. ) ;
#6287 = ORIENTED_EDGE ( 'NONE', *, *, #2723, .F. ) ;
#6288 = CARTESIAN_POINT ( 'NONE',  ( -126.8422529161403816, 113.1577470838592916, 6.000000000000000000 ) ) ;
#6289 = AXIS2_PLACEMENT_3D ( 'NONE', #4710, #3264, #6816 ) ;
#6290 = DIRECTION ( 'NONE',  ( -0.000000000000000000, -0.000000000000000000, -1.000000000000000000 ) ) ;
#6291 = ORIENTED_EDGE ( 'NONE', *, *, #7658, .T. ) ;
#6292 = EDGE_CURVE ( 'NONE', #192, #2041, #1571, .T. ) ;
#6293 = CONICAL_SURFACE ( 'NONE', #6578, 10.00000000000000888, 0.7853981633974447263 ) ;
#6294 = ORIENTED_EDGE ( 'NONE', *, *, #8586, .F. ) ;
#6295 = DIRECTION ( 'NONE',  ( -0.000000000000000000, 0.000000000000000000, 1.000000000000000000 ) ) ;
#6296 = ADVANCED_FACE ( 'NONE', ( #3458 ), #689, .F. ) ;
#6297 = CARTESIAN_POINT ( 'NONE',  ( 50.00000000000000000, 90.00000000000000000, 6.000000000000000000 ) ) ;
#6298 = CARTESIAN_POINT ( 'NONE',  ( -180.9394902502118043, -104.6904881830742937, 6.000000000000000000 ) ) ;
#6299 = ORIENTED_EDGE ( 'NONE', *, *, #2313, .F. ) ;
#6300 = VERTEX_POINT ( 'NONE', #693 ) ;
#6301 = CARTESIAN_POINT ( 'NONE',  ( 17.18962096152796093, 73.44580031074305282, 2.000000000000000000 ) ) ;
#6302 = FACE_OUTER_BOUND ( 'NONE', #2752, .T. ) ;
#6303 = ADVANCED_FACE ( 'NONE', ( #5431 ), #4062, .T. ) ;
#6304 = VERTEX_POINT ( 'NONE', #9025 ) ;
#6305 = CARTESIAN_POINT ( 'NONE',  ( -179.5844760786696952, -104.0471091385600886, 4.499999999999950262 ) ) ;
#6306 = DIRECTION ( 'NONE',  ( 0.000000000000000000, 0.000000000000000000, 1.000000000000000000 ) ) ;
#6307 = ORIENTED_EDGE ( 'NONE', *, *, #5033, .F. ) ;
#6308 = EDGE_LOOP ( 'NONE', ( #1854, #542, #4447, #6052 ) ) ;
#6309 = VERTEX_POINT ( 'NONE', #3506 ) ;
#6310 = CARTESIAN_POINT ( 'NONE',  ( 150.0000000000001137, -89.99999999999998579, 2.000000000000000000 ) ) ;
#6311 = DIRECTION ( 'NONE',  ( 1.000000000000000000, 0.000000000000000000, 0.000000000000000000 ) ) ;
#6312 = ORIENTED_EDGE ( 'NONE', *, *, #4253, .F. ) ;
#6313 = CARTESIAN_POINT ( 'NONE',  ( -67.64611025633101349, 58.21808161391653158, 4.499999999999929834 ) ) ;
#6314 = CARTESIAN_POINT ( 'NONE',  ( -100.0000000000000000, 0.000000000000000000, 2.000000000000000000 ) ) ;
#6315 = CARTESIAN_POINT ( 'NONE',  ( -180.9394902502118043, -104.6904881830742937, 4.499999999999950262 ) ) ;
#6316 = LINE ( 'NONE', #15, #3783 ) ;
#6317 = ORIENTED_EDGE ( 'NONE', *, *, #813, .T. ) ;
#6318 = ADVANCED_FACE ( 'NONE', ( #4840 ), #2020, .F. ) ;
#6319 = EDGE_CURVE ( 'NONE', #1164, #4592, #8189, .T. ) ;
#6320 = FACE_OUTER_BOUND ( 'NONE', #5127, .T. ) ;
#6321 = DIRECTION ( 'NONE',  ( -0.000000000000000000, -0.000000000000000000, -1.000000000000000000 ) ) ;
#6322 = CARTESIAN_POINT ( 'NONE',  ( 68.40619165170994620, -55.33337903861215068, 6.000000000000000000 ) ) ;
#6323 = CARTESIAN_POINT ( 'NONE',  ( 180.9394902502119180, 104.6904881830743363, 4.500000000000130562 ) ) ;
#6324 = DIRECTION ( 'NONE',  ( 0.000000000000000000, 0.000000000000000000, 1.000000000000000000 ) ) ;
#6325 = EDGE_LOOP ( 'NONE', ( #685, #570 ) ) ;
#6326 = DIRECTION ( 'NONE',  ( 1.000000000000000000, 0.000000000000000000, 0.000000000000000000 ) ) ;
#6327 = LINE ( 'NONE', #4994, #4653 ) ;
#6328 = ORIENTED_EDGE ( 'NONE', *, *, #6027, .F. ) ;
#6329 = EDGE_CURVE ( 'NONE', #1078, #8055, #4374, .T. ) ;
#6330 = LINE ( 'NONE', #9047, #6203 ) ;
#6331 = CYLINDRICAL_SURFACE ( 'NONE', #6490, 30.25000000000000000 ) ;
#6332 = ADVANCED_FACE ( 'NONE', ( #4012, #9077 ), #6900, .T. ) ;
#6333 = ORIENTED_EDGE ( 'NONE', *, *, #7210, .F. ) ;
#6334 = AXIS2_PLACEMENT_3D ( 'NONE', #5194, #3993, #4598 ) ;
#6335 = VERTEX_POINT ( 'NONE', #5577 ) ;
#6336 = CARTESIAN_POINT ( 'NONE',  ( 126.6932809897922425, 26.69328098979224251, 4.499999999999922728 ) ) ;
#6337 = DIRECTION ( 'NONE',  ( -0.000000000000000000, -0.000000000000000000, 1.000000000000000000 ) ) ;
#6338 = CARTESIAN_POINT ( 'NONE',  ( 76.69328098979219988, -63.30671901020773618, 4.499999999999929834 ) ) ;
#6339 = VERTEX_POINT ( 'NONE', #3403 ) ;
#6340 = EDGE_LOOP ( 'NONE', ( #4130, #1453, #6086, #2498 ) ) ;
#6341 = ADVANCED_FACE ( 'NONE', ( #2075 ), #254, .F. ) ;
#6342 = FACE_OUTER_BOUND ( 'NONE', #8067, .T. ) ;
#6343 = DIRECTION ( 'NONE',  ( -0.000000000000000000, -0.000000000000000000, 1.000000000000000000 ) ) ;
#6344 = EDGE_CURVE ( 'NONE', #1420, #3715, #4225, .T. ) ;
#6345 = ADVANCED_FACE ( 'NONE', ( #7001 ), #4083, .T. ) ;
#6346 = ORIENTED_EDGE ( 'NONE', *, *, #8481, .T. ) ;
#6347 = VECTOR ( 'NONE', #4222, 1000.000000000000000 ) ;
#6348 = AXIS2_PLACEMENT_3D ( 'NONE', #7626, #4091, #1132 ) ;
#6349 = DIRECTION ( 'NONE',  ( -0.000000000000000000, -0.000000000000000000, 1.000000000000000000 ) ) ;
#6350 = ORIENTED_EDGE ( 'NONE', *, *, #937, .F. ) ;
#6351 = CARTESIAN_POINT ( 'NONE',  ( 50.00000000000007105, -89.99999999999995737, 6.000000000000000000 ) ) ;
#6352 = ORIENTED_EDGE ( 'NONE', *, *, #6866, .T. ) ;
#6353 = ORIENTED_EDGE ( 'NONE', *, *, #5763, .T. ) ;
#6354 = CARTESIAN_POINT ( 'NONE',  ( 84.92551403682577416, 114.9255140368258310, 4.499999999999936051 ) ) ;
#6355 = FACE_BOUND ( 'NONE', #7128, .T. ) ;
#6356 = AXIS2_PLACEMENT_3D ( 'NONE', #1722, #6599, #7932 ) ;
#6357 = AXIS2_PLACEMENT_3D ( 'NONE', #744, #6378, #4304 ) ;
#6358 = FACE_OUTER_BOUND ( 'NONE', #2877, .T. ) ;
#6359 = DIRECTION ( 'NONE',  ( 1.000000000000000000, 0.000000000000000000, 0.000000000000000000 ) ) ;
#6360 = VECTOR ( 'NONE', #1472, 1000.000000000000000 ) ;
#6361 = CARTESIAN_POINT ( 'NONE',  ( -15.87851806928712151, -31.47117989404468119, 4.499999999999929834 ) ) ;
#6362 = FACE_OUTER_BOUND ( 'NONE', #4316, .T. ) ;
#6363 = EDGE_LOOP ( 'NONE', ( #4902, #5283, #7390, #3751, #870 ) ) ;
#6364 = DIRECTION ( 'NONE',  ( 1.000000000000000000, 0.000000000000000000, 0.000000000000000000 ) ) ;
#6365 = AXIS2_PLACEMENT_3D ( 'NONE', #8937, #7371, #2531 ) ;
#6366 = CARTESIAN_POINT ( 'NONE',  ( 203.3000000000000114, -124.9999999999999574, 4.000000000000000000 ) ) ;
#6367 = AXIS2_PLACEMENT_3D ( 'NONE', #2588, #4677, #6769 ) ;
#6368 = EDGE_CURVE ( 'NONE', #4410, #5745, #6133, .T. ) ;
#6369 = CARTESIAN_POINT ( 'NONE',  ( -61.80671901020789960, 26.69328098979220343, 6.000000000000000000 ) ) ;
#6370 = DIRECTION ( 'NONE',  ( 0.000000000000000000, 0.000000000000000000, 1.000000000000000000 ) ) ;
#6371 = LINE ( 'NONE', #4898, #8002 ) ;
#6372 = EDGE_LOOP ( 'NONE', ( #6613, #3500, #5086, #3204 ) ) ;
#6373 = DIRECTION ( 'NONE',  ( -0.000000000000000000, -0.000000000000000000, -1.000000000000000000 ) ) ;
#6374 = CARTESIAN_POINT ( 'NONE',  ( 76.69328098979219988, -63.30671901020773618, 2.000000000000000000 ) ) ;
#6375 = VERTEX_POINT ( 'NONE', #8975 ) ;
#6376 = AXIS2_PLACEMENT_3D ( 'NONE', #507, #3219, #7463 ) ;
#6377 = VECTOR ( 'NONE', #8274, 1000.000000000000114 ) ;
#6378 = DIRECTION ( 'NONE',  ( 0.000000000000000000, -0.000000000000000000, -1.000000000000000000 ) ) ;
#6379 = VECTOR ( 'NONE', #4703, 1000.000000000000000 ) ;
#6380 = DIRECTION ( 'NONE',  ( 1.000000000000000000, 0.000000000000000000, 0.000000000000000000 ) ) ;
#6381 = ORIENTED_EDGE ( 'NONE', *, *, #3571, .F. ) ;
#6382 = CIRCLE ( 'NONE', #7262, 10.00000000000000178 ) ;
#6383 = AXIS2_PLACEMENT_3D ( 'NONE', #5368, #8040, #3810 ) ;
#6384 = ORIENTED_EDGE ( 'NONE', *, *, #1704, .T. ) ;
#6385 = DIRECTION ( 'NONE',  ( 0.000000000000000000, -0.000000000000000000, -1.000000000000000000 ) ) ;
#6386 = ORIENTED_EDGE ( 'NONE', *, *, #5671, .T. ) ;
#6387 = CYLINDRICAL_SURFACE ( 'NONE', #5796, 1.500000000000001332 ) ;
#6388 = FACE_BOUND ( 'NONE', #4962, .T. ) ;
#6389 = VERTEX_POINT ( 'NONE', #2906 ) ;
#6390 = VERTEX_POINT ( 'NONE', #2127 ) ;
#6391 = ORIENTED_EDGE ( 'NONE', *, *, #5434, .F. ) ;
#6392 = CARTESIAN_POINT ( 'NONE',  ( 65.33337903861246332, -18.40619165170993909, 2.000000000000000000 ) ) ;
#6393 = DIRECTION ( 'NONE',  ( -1.000000000000000000, 0.000000000000000000, 0.000000000000000000 ) ) ;
#6394 = AXIS2_PLACEMENT_3D ( 'NONE', #4074, #4115, #1900 ) ;
#6395 = AXIS2_PLACEMENT_3D ( 'NONE', #4574, #5997, #7984 ) ;
#6396 = ORIENTED_EDGE ( 'NONE', *, *, #1771, .F. ) ;
#6397 = EDGE_CURVE ( 'NONE', #1740, #7155, #3734, .T. ) ;
#6398 = AXIS2_PLACEMENT_3D ( 'NONE', #7053, #3609, #1392 ) ;
#6399 = DIRECTION ( 'NONE',  ( -1.000000000000000000, 0.000000000000000000, 0.000000000000000000 ) ) ;
#6400 = CIRCLE ( 'NONE', #4628, 30.25000000000000000 ) ;
#6401 = DIRECTION ( 'NONE',  ( -0.000000000000000000, -0.000000000000000000, -1.000000000000000000 ) ) ;
#6402 = ADVANCED_FACE ( 'NONE', ( #830 ), #2806, .F. ) ;
#6403 = ORIENTED_EDGE ( 'NONE', *, *, #7687, .T. ) ;
#6404 = ORIENTED_EDGE ( 'NONE', *, *, #184, .F. ) ;
#6405 = LINE ( 'NONE', #7039, #4323 ) ;
#6406 = VECTOR ( 'NONE', #40, 1000.000000000000000 ) ;
#6407 = PLANE ( 'NONE',  #4562 ) ;
#6408 = AXIS2_PLACEMENT_3D ( 'NONE', #8612, #4334, #6359 ) ;
#6409 = EDGE_CURVE ( 'NONE', #928, #1168, #1517, .T. ) ;
#6410 = CARTESIAN_POINT ( 'NONE',  ( -149.9999999999999432, 90.00000000000002842, 2.000000000000000000 ) ) ;
#6411 = EDGE_CURVE ( 'NONE', #1303, #2285, #8336, .T. ) ;
#6412 = CARTESIAN_POINT ( 'NONE',  ( 173.1577470838595048, -66.84225291614049524, 4.499999999999929834 ) ) ;
#6413 = AXIS2_PLACEMENT_3D ( 'NONE', #5929, #7357, #2475 ) ;
#6414 = CARTESIAN_POINT ( 'NONE',  ( -200.0000000000000000, -124.9999999999999574, 6.000000000000000000 ) ) ;
#6415 = CARTESIAN_POINT ( 'NONE',  ( -68.40619165170976146, -124.6666209613876930, 4.500000000000033751 ) ) ;
#6416 = ORIENTED_EDGE ( 'NONE', *, *, #108, .F. ) ;
#6417 = CARTESIAN_POINT ( 'NONE',  ( 119.7500000000000995, -89.99999999999998579, 2.000000000000000000 ) ) ;
#6418 = CARTESIAN_POINT ( 'NONE',  ( 14.75000000000010303, -89.99999999999995737, 2.000000000000000000 ) ) ;
#6419 = CIRCLE ( 'NONE', #6112, 35.25000000000000000 ) ;
#6420 = DIRECTION ( 'NONE',  ( -0.000000000000000000, 0.000000000000000000, 1.000000000000000000 ) ) ;
#6421 = VECTOR ( 'NONE', #2463, 1000.000000000000114 ) ;
#6422 = CARTESIAN_POINT ( 'NONE',  ( 30.51288365201865460, -123.6266200955274286, 4.499999999999929834 ) ) ;
#6423 = EDGE_LOOP ( 'NONE', ( #4353, #3765, #5888, #7179, #1766 ) ) ;
#6424 = PLANE ( 'NONE',  #5691 ) ;
#6425 = LINE ( 'NONE', #2222, #6277 ) ;
#6426 = ORIENTED_EDGE ( 'NONE', *, *, #1662, .T. ) ;
#6427 = AXIS2_PLACEMENT_3D ( 'NONE', #251, #3745, #5688 ) ;
#6428 = DIRECTION ( 'NONE',  ( -0.000000000000000000, 0.000000000000000000, 1.000000000000000000 ) ) ;
#6429 = CARTESIAN_POINT ( 'NONE',  ( 134.2050867429103960, 60.07551972800803952, 2.000000000000000000 ) ) ;
#6430 = ORIENTED_EDGE ( 'NONE', *, *, #8644, .F. ) ;
#6431 = CIRCLE ( 'NONE', #3038, 5.500000000000005329 ) ;
#6432 = ORIENTED_EDGE ( 'NONE', *, *, #6446, .F. ) ;
#6433 = VERTEX_POINT ( 'NONE', #910 ) ;
#6434 = DIRECTION ( 'NONE',  ( -1.000000000000000000, 0.000000000000000000, 0.000000000000000000 ) ) ;
#6435 = CYLINDRICAL_SURFACE ( 'NONE', #793, 9.999999999999994671 ) ;
#6436 = CARTESIAN_POINT ( 'NONE',  ( 203.3000000000000114, -124.9999999999999574, 4.000000000000000000 ) ) ;
#6437 = ORIENTED_EDGE ( 'NONE', *, *, #650, .F. ) ;
#6438 = AXIS2_PLACEMENT_3D ( 'NONE', #2076, #9028, #4752 ) ;
#6439 = VERTEX_POINT ( 'NONE', #4335 ) ;
#6440 = CARTESIAN_POINT ( 'NONE',  ( -34.12148193071289626, 121.4711798940446812, 2.000000000000000000 ) ) ;
#6441 = EDGE_LOOP ( 'NONE', ( #6328, #8342, #3835, #465 ) ) ;
#6442 = DIRECTION ( 'NONE',  ( 0.000000000000000000, 0.000000000000000000, 1.000000000000000000 ) ) ;
#6443 = DIRECTION ( 'NONE',  ( -0.4848210009916994467, 0.5147315776182797009, -0.7071067811865499042 ) ) ;
#6444 = VERTEX_POINT ( 'NONE', #5622 ) ;
#6445 = DIRECTION ( 'NONE',  ( 0.000000000000000000, -0.000000000000000000, -1.000000000000000000 ) ) ;
#6446 = EDGE_CURVE ( 'NONE', #2982, #1078, #2858, .T. ) ;
#6447 = DIRECTION ( 'NONE',  ( 1.000000000000000000, 0.000000000000000000, 0.000000000000000000 ) ) ;
#6448 = ADVANCED_FACE ( 'NONE', ( #8435 ), #869, .F. ) ;
#6449 = ADVANCED_FACE ( 'NONE', ( #5069 ), #4246, .F. ) ;
#6450 = DIRECTION ( 'NONE',  ( 1.000000000000000000, 0.000000000000000000, 0.000000000000000000 ) ) ;
#6451 = CARTESIAN_POINT ( 'NONE',  ( -119.0605097497880678, -75.30951181692573471, 2.000000000000000000 ) ) ;
#6452 = DIRECTION ( 'NONE',  ( 1.000000000000000000, 0.000000000000000000, 0.000000000000000000 ) ) ;
#6453 = CARTESIAN_POINT ( 'NONE',  ( -84.92551403682574573, 65.07448596317415479, 6.000000000000000000 ) ) ;
#6454 = ORIENTED_EDGE ( 'NONE', *, *, #3120, .F. ) ;
#6455 = EDGE_CURVE ( 'NONE', #6162, #8841, #4522, .T. ) ;
#6456 = LINE ( 'NONE', #2947, #770 ) ;
#6457 = CARTESIAN_POINT ( 'NONE',  ( -149.9999999999999432, 90.00000000000002842, 4.500000000000054179 ) ) ;
#6458 = ADVANCED_FACE ( 'NONE', ( #7878 ), #977, .F. ) ;
#6459 = EDGE_CURVE ( 'NONE', #8647, #1908, #7918, .T. ) ;
#6460 = ORIENTED_EDGE ( 'NONE', *, *, #7041, .F. ) ;
#6461 = DIRECTION ( 'NONE',  ( 0.000000000000000000, -0.000000000000000000, -1.000000000000000000 ) ) ;
#6462 = DIRECTION ( 'NONE',  ( -0.000000000000000000, -0.000000000000000000, 1.000000000000000000 ) ) ;
#6463 = VERTEX_POINT ( 'NONE', #112 ) ;
#6464 = CARTESIAN_POINT ( 'NONE',  ( 203.3000000000000114, 125.0000000000000568, 4.000000000000000000 ) ) ;
#6465 = CARTESIAN_POINT ( 'NONE',  ( 150.0000000000001137, -89.99999999999998579, 2.000000000000000000 ) ) ;
#6466 = VERTEX_POINT ( 'NONE', #5676 ) ;
#6467 = DIRECTION ( 'NONE',  ( 1.000000000000000000, 0.000000000000000000, 0.000000000000000000 ) ) ;
#6468 = CARTESIAN_POINT ( 'NONE',  ( 32.35388974366901493, 58.21808161391651737, 4.499999999999936051 ) ) ;
#6469 = ORIENTED_EDGE ( 'NONE', *, *, #6118, .T. ) ;
#6470 = EDGE_LOOP ( 'NONE', ( #6003, #7619 ) ) ;
#6471 = CARTESIAN_POINT ( 'NONE',  ( 135.2500000000000853, 3.207245558262332748E-14, 0.000000000000000000 ) ) ;
#6472 = CARTESIAN_POINT ( 'NONE',  ( -50.00000000000000000, 90.00000000000000000, 4.499999999999929834 ) ) ;
#6473 = DIRECTION ( 'NONE',  ( 1.000000000000000000, 0.000000000000000000, 0.000000000000000000 ) ) ;
#6474 = DIRECTION ( 'NONE',  ( 1.000000000000000000, 0.000000000000000000, 0.000000000000000000 ) ) ;
#6475 = VERTEX_POINT ( 'NONE', #7145 ) ;
#6476 = ORIENTED_EDGE ( 'NONE', *, *, #2504, .F. ) ;
#6477 = DIRECTION ( 'NONE',  ( 1.000000000000000000, 0.000000000000000000, 0.000000000000000000 ) ) ;
#6478 = ORIENTED_EDGE ( 'NONE', *, *, #6943, .F. ) ;
#6479 = VECTOR ( 'NONE', #7491, 1000.000000000000114 ) ;
#6480 = CARTESIAN_POINT ( 'NONE',  ( -200.0000000000000000, -124.9999999999999574, 6.000000000000000000 ) ) ;
#6481 = EDGE_CURVE ( 'NONE', #2385, #3920, #2259, .T. ) ;
#6482 = DIRECTION ( 'NONE',  ( -0.000000000000000000, -0.000000000000000000, -1.000000000000000000 ) ) ;
#6483 = EDGE_LOOP ( 'NONE', ( #4112, #4730, #459, #8770, #3981 ) ) ;
#6484 = DIRECTION ( 'NONE',  ( 1.000000000000000000, 0.000000000000000000, 0.000000000000000000 ) ) ;
#6485 = DIRECTION ( 'NONE',  ( 0.000000000000000000, -0.000000000000000000, -1.000000000000000000 ) ) ;
#6486 = VECTOR ( 'NONE', #5459, 1000.000000000000114 ) ;
#6487 = FACE_OUTER_BOUND ( 'NONE', #881, .T. ) ;
#6488 = CARTESIAN_POINT ( 'NONE',  ( 63.30671901020801329, -26.69328098979219988, 2.000000000000000000 ) ) ;
#6489 = DIRECTION ( 'NONE',  ( 0.000000000000000000, 0.000000000000000000, 1.000000000000000000 ) ) ;
#6490 = AXIS2_PLACEMENT_3D ( 'NONE', #2143, #3564, #3615 ) ;
#6491 = CARTESIAN_POINT ( 'NONE',  ( 182.7500000000000853, 90.00000000000007105, 4.500000000000130562 ) ) ;
#6492 = ORIENTED_EDGE ( 'NONE', *, *, #8585, .T. ) ;
#6493 = CYLINDRICAL_SURFACE ( 'NONE', #6210, 10.00000000000000888 ) ;
#6494 = DIRECTION ( 'NONE',  ( 1.000000000000000000, 0.000000000000000000, 0.000000000000000000 ) ) ;
#6495 = CIRCLE ( 'NONE', #8835, 1.500000000000001332 ) ;
#6496 = EDGE_CURVE ( 'NONE', #8841, #3332, #6723, .T. ) ;
#6497 = VECTOR ( 'NONE', #6140, 999.9999999999998863 ) ;
#6498 = EDGE_CURVE ( 'NONE', #4280, #797, #3935, .T. ) ;
#6499 = VERTEX_POINT ( 'NONE', #6491 ) ;
#6500 = AXIS2_PLACEMENT_3D ( 'NONE', #2311, #1609, #4424 ) ;
#6501 = CARTESIAN_POINT ( 'NONE',  ( 66.37337990447274194, -19.48711634798153725, 6.000000000000000000 ) ) ;
#6502 = DIRECTION ( 'NONE',  ( -0.000000000000000000, 0.000000000000000000, 1.000000000000000000 ) ) ;
#6503 = VERTEX_POINT ( 'NONE', #2994 ) ;
#6504 = DIRECTION ( 'NONE',  ( 0.000000000000000000, 0.000000000000000000, 1.000000000000000000 ) ) ;
#6505 = EDGE_CURVE ( 'NONE', #387, #5906, #2025, .T. ) ;
#6506 = CARTESIAN_POINT ( 'NONE',  ( -3.299999999999998934, -124.9999999999999574, 6.000000000000000000 ) ) ;
#6507 = VERTEX_POINT ( 'NONE', #3599 ) ;
#6508 = FACE_OUTER_BOUND ( 'NONE', #2963, .T. ) ;
#6509 = AXIS2_PLACEMENT_3D ( 'NONE', #2868, #4211, #4113 ) ;
#6510 = DIRECTION ( 'NONE',  ( 0.000000000000000000, -0.000000000000000000, -1.000000000000000000 ) ) ;
#6511 = VECTOR ( 'NONE', #2771, 1000.000000000000114 ) ;
#6512 = VECTOR ( 'NONE', #4155, 1000.000000000000114 ) ;
#6513 = EDGE_CURVE ( 'NONE', #2330, #860, #8613, .T. ) ;
#6514 = ORIENTED_EDGE ( 'NONE', *, *, #201, .T. ) ;
#6515 = DIRECTION ( 'NONE',  ( -0.000000000000000000, -0.000000000000000000, -1.000000000000000000 ) ) ;
#6516 = AXIS2_PLACEMENT_3D ( 'NONE', #2444, #8790, #1747 ) ;
#6517 = DIRECTION ( 'NONE',  ( 0.000000000000000000, 0.000000000000000000, 1.000000000000000000 ) ) ;
#6518 = CONICAL_SURFACE ( 'NONE', #7540, 1.500000000000056843, 0.7853981633974426169 ) ;
#6521 = ADVANCED_FACE ( 'NONE', ( #4420 ), #1786, .F. ) ;
#6520 = CARTESIAN_POINT ( 'NONE',  ( 18.52882010595539342, 74.12148193071271862, 4.499999999999936051 ) ) ;
#6519 = AXIS2_PLACEMENT_3D ( 'NONE', #8327, #3391, #8879 ) ;
#6522 = EDGE_CURVE ( 'NONE', #6475, #5725, #6673, .T. ) ;
#6523 = DIRECTION ( 'NONE',  ( -0.000000000000000000, -0.000000000000000000, 1.000000000000000000 ) ) ;
#6524 = ORIENTED_EDGE ( 'NONE', *, *, #2571, .T. ) ;
#6525 = CARTESIAN_POINT ( 'NONE',  ( 76.69328098979219988, -63.30671901020773618, 4.499999999999929834 ) ) ;
#6526 = CIRCLE ( 'NONE', #2263, 1.500000000000001332 ) ;
#6527 = VERTEX_POINT ( 'NONE', #3175 ) ;
#6528 = VECTOR ( 'NONE', #3245, 1000.000000000000000 ) ;
#6529 = CIRCLE ( 'NONE', #4307, 32.75000000000002842 ) ;
#6530 = DIRECTION ( 'NONE',  ( 1.000000000000000000, -1.620763539598773793E-15, 0.000000000000000000 ) ) ;
#6531 = DIRECTION ( 'NONE',  ( -0.000000000000000000, -0.000000000000000000, 1.000000000000000000 ) ) ;
#6532 = ORIENTED_EDGE ( 'NONE', *, *, #5554, .F. ) ;
#6533 = ORIENTED_EDGE ( 'NONE', *, *, #5844, .T. ) ;
#6534 = AXIS2_PLACEMENT_3D ( 'NONE', #8718, #5902, #1114 ) ;
#6535 = CARTESIAN_POINT ( 'NONE',  ( -126.6932809897921572, -26.69328098979219632, 6.000000000000000000 ) ) ;
#6536 = FACE_BOUND ( 'NONE', #3253, .T. ) ;
#6537 = EDGE_CURVE ( 'NONE', #3341, #1439, #546, .T. ) ;
#6538 = VECTOR ( 'NONE', #6306, 1000.000000000000000 ) ;
#6539 = DIRECTION ( 'NONE',  ( -0.000000000000000000, 0.000000000000000000, 1.000000000000000000 ) ) ;
#6540 = CARTESIAN_POINT ( 'NONE',  ( -200.0000000000000000, 125.0000000000000568, 4.000000000000000000 ) ) ;
#6541 = CIRCLE ( 'NONE', #7719, 1.500000000000001332 ) ;
#6542 = DIRECTION ( 'NONE',  ( 0.000000000000000000, -0.000000000000000000, -1.000000000000000000 ) ) ;
#6543 = CARTESIAN_POINT ( 'NONE',  ( -119.4871163479814697, -33.62662009552742859, 6.000000000000000000 ) ) ;
#6544 = VERTEX_POINT ( 'NONE', #5849 ) ;
#6545 = CIRCLE ( 'NONE', #2563, 11.49999999999998224 ) ;
#6546 = DIRECTION ( 'NONE',  ( 0.000000000000000000, -0.000000000000000000, -1.000000000000000000 ) ) ;
#6547 = DIRECTION ( 'NONE',  ( 0.000000000000000000, -0.000000000000000000, -1.000000000000000000 ) ) ;
#6548 = DIRECTION ( 'NONE',  ( 0.000000000000000000, 0.000000000000000000, 1.000000000000000000 ) ) ;
#6549 = CARTESIAN_POINT ( 'NONE',  ( -173.1577470838595048, 66.84225291614069420, 6.000000000000000000 ) ) ;
#6550 = DIRECTION ( 'NONE',  ( 0.000000000000000000, -0.000000000000000000, -1.000000000000000000 ) ) ;
#6551 = CONICAL_SURFACE ( 'NONE', #7880, 9.999999999999994671, 0.7853981633974518317 ) ;
#6552 = ORIENTED_EDGE ( 'NONE', *, *, #2, .T. ) ;
#6553 = CYLINDRICAL_SURFACE ( 'NONE', #3115, 35.25000000000000000 ) ;
#6554 = EDGE_CURVE ( 'NONE', #470, #3305, #8144, .T. ) ;
#6555 = FACE_OUTER_BOUND ( 'NONE', #3566, .T. ) ;
#6556 = AXIS2_PLACEMENT_3D ( 'NONE', #6436, #132, #5736 ) ;
#6557 = VERTEX_POINT ( 'NONE', #1095 ) ;
#6558 = EDGE_CURVE ( 'NONE', #6791, #1396, #2903, .T. ) ;
#6559 = AXIS2_PLACEMENT_3D ( 'NONE', #3759, #1587, #2236 ) ;
#6560 = EDGE_CURVE ( 'NONE', #4483, #2568, #8786, .T. ) ;
#6561 = EDGE_LOOP ( 'NONE', ( #3617, #3944, #3888, #8109 ) ) ;
#6562 = LINE ( 'NONE', #5861, #5620 ) ;
#6563 = DIRECTION ( 'NONE',  ( 1.000000000000000000, 0.000000000000000000, 0.000000000000000000 ) ) ;
#6564 = CONICAL_SURFACE ( 'NONE', #8174, 1.500000000000029088, 0.7853981633974397303 ) ;
#6565 = DIRECTION ( 'NONE',  ( 0.000000000000000000, 0.000000000000000000, 1.000000000000000000 ) ) ;
#6566 = DIRECTION ( 'NONE',  ( -0.000000000000000000, -0.000000000000000000, -1.000000000000000000 ) ) ;
#6567 = VERTEX_POINT ( 'NONE', #5203 ) ;
#6568 = CARTESIAN_POINT ( 'NONE',  ( 50.00000000000000000, 90.00000000000000000, 6.000000000000000000 ) ) ;
#6569 = CIRCLE ( 'NONE', #6710, 10.00000000000000178 ) ;
#6570 = EDGE_CURVE ( 'NONE', #8308, #8055, #3128, .T. ) ;
#6571 = EDGE_LOOP ( 'NONE', ( #1220, #3335, #4528 ) ) ;
#6572 = AXIS2_PLACEMENT_3D ( 'NONE', #8018, #2528, #1844 ) ;
#6573 = ADVANCED_FACE ( 'NONE', ( #1701 ), #241, .F. ) ;
#6574 = CIRCLE ( 'NONE', #4817, 1.500000000000001332 ) ;
#6575 = LINE ( 'NONE', #270, #1367 ) ;
#6576 = DIRECTION ( 'NONE',  ( -1.000000000000000000, 0.000000000000000000, 0.000000000000000000 ) ) ;
#6577 = ORIENTED_EDGE ( 'NONE', *, *, #6368, .T. ) ;
#6578 = AXIS2_PLACEMENT_3D ( 'NONE', #3824, #1139, #7957 ) ;
#6579 = DIRECTION ( 'NONE',  ( 0.000000000000000000, -0.000000000000000000, -1.000000000000000000 ) ) ;
#6580 = CYLINDRICAL_SURFACE ( 'NONE', #174, 10.00000000000000888 ) ;
#6581 = FACE_BOUND ( 'NONE', #8909, .T. ) ;
#6582 = CIRCLE ( 'NONE', #1538, 1.500000000000001332 ) ;
#6583 = CARTESIAN_POINT ( 'NONE',  ( -18.68962096152801777, 106.5541996892569472, 4.499999999999929834 ) ) ;
#6584 = DIRECTION ( 'NONE',  ( 1.000000000000000000, 0.000000000000000000, 0.000000000000000000 ) ) ;
#6585 = CARTESIAN_POINT ( 'NONE',  ( -164.0471091385599038, -119.5844760786698089, 6.000000000000000000 ) ) ;
#6586 = DIRECTION ( 'NONE',  ( 1.000000000000000000, -4.531522549490427663E-15, 0.000000000000000000 ) ) ;
#6587 = EDGE_LOOP ( 'NONE', ( #2727, #3363, #4488, #8919 ) ) ;
#6588 = CARTESIAN_POINT ( 'NONE',  ( -165.7949132570897746, 60.07551972800807505, 4.500000000000054179 ) ) ;
#6589 = CARTESIAN_POINT ( 'NONE',  ( 200.0000000000000000, 125.0000000000000568, 4.000000000000000000 ) ) ;
#6590 = CARTESIAN_POINT ( 'NONE',  ( 200.0000000000000000, -124.9999999999999574, 6.000000000000000000 ) ) ;
#6591 = EDGE_CURVE ( 'NONE', #4711, #7524, #3913, .T. ) ;
#6592 = CARTESIAN_POINT ( 'NONE',  ( -81.59380834829013907, 34.66662096138769300, 6.000000000000000000 ) ) ;
#6593 = LINE ( 'NONE', #3139, #4223 ) ;
#6594 = ORIENTED_EDGE ( 'NONE', *, *, #5128, .F. ) ;
#6595 = LINE ( 'NONE', #2224, #6784 ) ;
#6596 = DIRECTION ( 'NONE',  ( 0.000000000000000000, 0.000000000000000000, 1.000000000000000000 ) ) ;
#6597 = ORIENTED_EDGE ( 'NONE', *, *, #7184, .T. ) ;
#6598 = ORIENTED_EDGE ( 'NONE', *, *, #7163, .T. ) ;
#6599 = DIRECTION ( 'NONE',  ( 0.000000000000000000, -0.000000000000000000, -1.000000000000000000 ) ) ;
#6600 = LINE ( 'NONE', #1724, #7860 ) ;
#6601 = EDGE_CURVE ( 'NONE', #6952, #5264, #5254, .T. ) ;
#6602 = CARTESIAN_POINT ( 'NONE',  ( 180.9394902502119180, 104.6904881830743363, 4.500000000000130562 ) ) ;
#6603 = VERTEX_POINT ( 'NONE', #4659 ) ;
#6604 = EDGE_LOOP ( 'NONE', ( #3352, #3365, #4071, #6426 ) ) ;
#6605 = VERTEX_POINT ( 'NONE', #2518 ) ;
#6606 = DIRECTION ( 'NONE',  ( -1.000000000000000000, 0.000000000000000000, 0.000000000000000000 ) ) ;
#6607 = EDGE_CURVE ( 'NONE', #1274, #6874, #7457, .T. ) ;
#6608 = ORIENTED_EDGE ( 'NONE', *, *, #8697, .F. ) ;
#6609 = ADVANCED_FACE ( 'NONE', ( #3083 ), #6293, .F. ) ;
#6610 = LINE ( 'NONE', #7391, #3731 ) ;
#6611 = EDGE_CURVE ( 'NONE', #9089, #6499, #2316, .T. ) ;
#6612 = CARTESIAN_POINT ( 'NONE',  ( 119.7500000000000995, -89.99999999999998579, 2.000000000000000000 ) ) ;
#6613 = ORIENTED_EDGE ( 'NONE', *, *, #6887, .T. ) ;
#6614 = EDGE_CURVE ( 'NONE', #3148, #2332, #2398, .T. ) ;
#6615 = CARTESIAN_POINT ( 'NONE',  ( -65.33337903861236384, 18.40619165170990357, 6.000000000000000000 ) ) ;
#6616 = DIRECTION ( 'NONE',  ( -0.000000000000000000, -0.000000000000000000, -1.000000000000000000 ) ) ;
#6617 = EDGE_CURVE ( 'NONE', #3627, #2466, #637, .T. ) ;
#6618 = FACE_OUTER_BOUND ( 'NONE', #5873, .T. ) ;
#6619 = CONICAL_SURFACE ( 'NONE', #8086, 37.75000000000000000, 0.7853981633974644883 ) ;
#6620 = CARTESIAN_POINT ( 'NONE',  ( -120.0755197280078193, 105.7949132570895046, 6.000000000000000000 ) ) ;
#6621 = EDGE_LOOP ( 'NONE', ( #6705, #7642, #1262, #5465, #7323 ) ) ;
#6622 = DIRECTION ( 'NONE',  ( -0.000000000000000000, 0.000000000000000000, 1.000000000000000000 ) ) ;
#6623 = CARTESIAN_POINT ( 'NONE',  ( -24.92551403682574573, -24.92551403682584876, 6.000000000000000000 ) ) ;
#6624 = VERTEX_POINT ( 'NONE', #1654 ) ;
#6625 = DIRECTION ( 'NONE',  ( 0.000000000000000000, 0.000000000000000000, 1.000000000000000000 ) ) ;
#6626 = VERTEX_POINT ( 'NONE', #3043 ) ;
#6627 = DIRECTION ( 'NONE',  ( 0.000000000000000000, -0.000000000000000000, -1.000000000000000000 ) ) ;
#6628 = ORIENTED_EDGE ( 'NONE', *, *, #8623, .T. ) ;
#6629 = CARTESIAN_POINT ( 'NONE',  ( -119.4871163479814697, -33.62662009552742859, 4.500000000000019540 ) ) ;
#6630 = LINE ( 'NONE', #4616, #6252 ) ;
#6631 = AXIS2_PLACEMENT_3D ( 'NONE', #4046, #6928, #540 ) ;
#6632 = CARTESIAN_POINT ( 'NONE',  ( -135.9528908614400109, -60.41552392133019111, 2.000000000000000000 ) ) ;
#6633 = CARTESIAN_POINT ( 'NONE',  ( 0.000000000000000000, 0.000000000000000000, 4.499999999999929834 ) ) ;
#6634 = ORIENTED_EDGE ( 'NONE', *, *, #4373, .T. ) ;
#6635 = DIRECTION ( 'NONE',  ( -0.7071067811865492381, 0.000000000000000000, -0.7071067811865457964 ) ) ;
#6636 = ORIENTED_EDGE ( 'NONE', *, *, #4341, .T. ) ;
#6637 = CIRCLE ( 'NONE', #1784, 1.500000000000001332 ) ;
#6638 = DIRECTION ( 'NONE',  ( 1.000000000000000000, 0.000000000000000000, 0.000000000000000000 ) ) ;
#6639 = VERTEX_POINT ( 'NONE', #958 ) ;
#6640 = EDGE_CURVE ( 'NONE', #2549, #8458, #9018, .T. ) ;
#6641 = VERTEX_POINT ( 'NONE', #5884 ) ;
#6642 = DIRECTION ( 'NONE',  ( 0.000000000000000000, -0.000000000000000000, -1.000000000000000000 ) ) ;
#6643 = VECTOR ( 'NONE', #6635, 1000.000000000000000 ) ;
#6644 = DIRECTION ( 'NONE',  ( -0.000000000000000000, -0.000000000000000000, -1.000000000000000000 ) ) ;
#6645 = LINE ( 'NONE', #8846, #957 ) ;
#6646 = DIRECTION ( 'NONE',  ( -0.000000000000000000, -0.000000000000000000, -1.000000000000000000 ) ) ;
#6647 = ORIENTED_EDGE ( 'NONE', *, *, #4412, .F. ) ;
#6648 = CONICAL_SURFACE ( 'NONE', #5469, 1.500000000000084599, 0.7853981633974517207 ) ;
#6649 = ORIENTED_EDGE ( 'NONE', *, *, #1546, .T. ) ;
#6650 = AXIS2_PLACEMENT_3D ( 'NONE', #4019, #1849, #1990 ) ;
#6651 = DIRECTION ( 'NONE',  ( 0.000000000000000000, -0.000000000000000000, -1.000000000000000000 ) ) ;
#6652 = ORIENTED_EDGE ( 'NONE', *, *, #8601, .F. ) ;
#6653 = CIRCLE ( 'NONE', #7387, 3.299999999999997158 ) ;
#6654 = CIRCLE ( 'NONE', #3572, 37.74999999999999289 ) ;
#6655 = ORIENTED_EDGE ( 'NONE', *, *, #3859, .T. ) ;
#6656 = DIRECTION ( 'NONE',  ( -1.000000000000000000, 0.000000000000000000, 0.000000000000000000 ) ) ;
#6657 = VERTEX_POINT ( 'NONE', #4518 ) ;
#6658 = DIRECTION ( 'NONE',  ( 0.000000000000000000, -0.000000000000000000, -1.000000000000000000 ) ) ;
#6659 = DIRECTION ( 'NONE',  ( 0.000000000000000000, 0.000000000000000000, 1.000000000000000000 ) ) ;
#6660 = CIRCLE ( 'NONE', #2692, 37.75000000000000711 ) ;
#6661 = CIRCLE ( 'NONE', #6068, 10.00000000000000178 ) ;
#6662 = CARTESIAN_POINT ( 'NONE',  ( -76.69328098979205777, -116.6932809897921857, 4.500000000000033751 ) ) ;
#6663 = CIRCLE ( 'NONE', #1960, 1.500000000000001332 ) ;
#6664 = ADVANCED_FACE ( 'NONE', ( #1003, #4791 ), #6069, .F. ) ;
#6665 = ADVANCED_FACE ( 'NONE', ( #448 ), #2992, .T. ) ;
#6666 = CIRCLE ( 'NONE', #3274, 10.00000000000000888 ) ;
#6667 = CARTESIAN_POINT ( 'NONE',  ( -69.48711634798137027, -123.6266200955274144, 6.000000000000000000 ) ) ;
#6668 = AXIS2_PLACEMENT_3D ( 'NONE', #8312, #7027, #2013 ) ;
#6669 = CYLINDRICAL_SURFACE ( 'NONE', #5346, 37.75000000000000000 ) ;
#6670 = DIRECTION ( 'NONE',  ( 0.000000000000000000, -0.000000000000000000, -1.000000000000000000 ) ) ;
#6671 = ORIENTED_EDGE ( 'NONE', *, *, #1430, .F. ) ;
#6672 = EDGE_LOOP ( 'NONE', ( #1094, #43, #2894 ) ) ;
#6673 = LINE ( 'NONE', #8092, #4965 ) ;
#6674 = EDGE_LOOP ( 'NONE', ( #695, #351, #6299 ) ) ;
#6675 = CARTESIAN_POINT ( 'NONE',  ( -126.6932809897921572, -26.69328098979219632, 4.500000000000019540 ) ) ;
#6676 = VECTOR ( 'NONE', #1459, 1000.000000000000000 ) ;
#6677 = EDGE_CURVE ( 'NONE', #1304, #7580, #1880, .T. ) ;
#6678 = ORIENTED_EDGE ( 'NONE', *, *, #2422, .F. ) ;
#6679 = EDGE_CURVE ( 'NONE', #4301, #9079, #5340, .T. ) ;
#6680 = EDGE_CURVE ( 'NONE', #4491, #2843, #1658, .T. ) ;
#6681 = ORIENTED_EDGE ( 'NONE', *, *, #3078, .F. ) ;
#6682 = CYLINDRICAL_SURFACE ( 'NONE', #4017, 5.500000000000005329 ) ;
#6683 = DIRECTION ( 'NONE',  ( 0.000000000000000000, -0.000000000000000000, -1.000000000000000000 ) ) ;
#6684 = VECTOR ( 'NONE', #8100, 1000.000000000000000 ) ;
#6685 = FACE_OUTER_BOUND ( 'NONE', #6363, .T. ) ;
#6686 = CARTESIAN_POINT ( 'NONE',  ( 126.8422529161406231, 66.84225291614060893, 6.000000000000000000 ) ) ;
#6687 = ORIENTED_EDGE ( 'NONE', *, *, #6118, .F. ) ;
#6688 = LINE ( 'NONE', #3191, #1198 ) ;
#6689 = CYLINDRICAL_SURFACE ( 'NONE', #8093, 35.24999999999997158 ) ;
#6690 = EDGE_LOOP ( 'NONE', ( #5166, #4523, #7854, #1409 ) ) ;
#6691 = VECTOR ( 'NONE', #3829, 1000.000000000000000 ) ;
#6692 = ORIENTED_EDGE ( 'NONE', *, *, #3928, .T. ) ;
#6693 = DIRECTION ( 'NONE',  ( -1.000000000000000000, 0.000000000000000000, 0.000000000000000000 ) ) ;
#6694 = CARTESIAN_POINT ( 'NONE',  ( -173.1577470838595048, 66.84225291614069420, 2.000000000000000000 ) ) ;
#6695 = DIRECTION ( 'NONE',  ( -0.000000000000000000, 0.000000000000000000, 1.000000000000000000 ) ) ;
#6696 = FACE_OUTER_BOUND ( 'NONE', #4998, .T. ) ;
#6697 = ORIENTED_EDGE ( 'NONE', *, *, #6944, .T. ) ;
#6698 = AXIS2_PLACEMENT_3D ( 'NONE', #7044, #730, #829 ) ;
#6699 = FACE_OUTER_BOUND ( 'NONE', #3945, .T. ) ;
#6700 = CIRCLE ( 'NONE', #1402, 34.24999999999998579 ) ;
#6701 = ORIENTED_EDGE ( 'NONE', *, *, #5480, .T. ) ;
#6702 = CIRCLE ( 'NONE', #3623, 3.299999999999997158 ) ;
#6703 = ORIENTED_EDGE ( 'NONE', *, *, #301, .F. ) ;
#6704 = CARTESIAN_POINT ( 'NONE',  ( -200.0000000000000000, 125.0000000000000568, 6.000000000000000000 ) ) ;
#6705 = ORIENTED_EDGE ( 'NONE', *, *, #5280, .T. ) ;
#6706 = ADVANCED_FACE ( 'NONE', ( #3354 ), #8968, .F. ) ;
#6707 = CYLINDRICAL_SURFACE ( 'NONE', #2023, 1.500000000000001332 ) ;
#6708 = DIRECTION ( 'NONE',  ( 0.000000000000000000, -0.000000000000000000, -1.000000000000000000 ) ) ;
#6709 = CYLINDRICAL_SURFACE ( 'NONE', #8679, 5.500000000000005329 ) ;
#6710 = AXIS2_PLACEMENT_3D ( 'NONE', #8493, #7652, #6873 ) ;
#6711 = CARTESIAN_POINT ( 'NONE',  ( 63.30671901020801329, -26.69328098979219988, 6.000000000000000000 ) ) ;
#6712 = CONICAL_SURFACE ( 'NONE', #3639, 1.499999999999959588, 0.7853981633974416177 ) ;
#6713 = CARTESIAN_POINT ( 'NONE',  ( 205.5000000000000284, 125.0000000000000568, 6.000000000000000000 ) ) ;
#6714 = CARTESIAN_POINT ( 'NONE',  ( 134.2050867429103960, 60.07551972800803952, 4.500000000000130562 ) ) ;
#6715 = ORIENTED_EDGE ( 'NONE', *, *, #2690, .F. ) ;
#6716 = EDGE_CURVE ( 'NONE', #7392, #5291, #5520, .T. ) ;
#6717 = ORIENTED_EDGE ( 'NONE', *, *, #1129, .F. ) ;
#6718 = DIRECTION ( 'NONE',  ( 1.000000000000000000, 0.000000000000000000, 0.000000000000000000 ) ) ;
#6719 = AXIS2_PLACEMENT_3D ( 'NONE', #3507, #6951, #2128 ) ;
#6720 = FACE_OUTER_BOUND ( 'NONE', #8959, .T. ) ;
#6721 = EDGE_CURVE ( 'NONE', #2204, #1168, #7844, .T. ) ;
#6722 = EDGE_CURVE ( 'NONE', #7265, #7029, #4760, .T. ) ;
#6723 = CIRCLE ( 'NONE', #3787, 9.999999999999994671 ) ;
#6724 = CARTESIAN_POINT ( 'NONE',  ( -5.500000000000000000, 125.0000000000000568, 6.000000000000000000 ) ) ;
#6725 = DIRECTION ( 'NONE',  ( -0.000000000000000000, -0.000000000000000000, -1.000000000000000000 ) ) ;
#6726 = ADVANCED_FACE ( 'NONE', ( #8373 ), #9017, .F. ) ;
#6727 = DIRECTION ( 'NONE',  ( -0.000000000000000000, -0.000000000000000000, -1.000000000000000000 ) ) ;
#6728 = CARTESIAN_POINT ( 'NONE',  ( 14.75000000000010303, -89.99999999999995737, 2.000000000000000000 ) ) ;
#6729 = ORIENTED_EDGE ( 'NONE', *, *, #4761, .F. ) ;
#6730 = EDGE_CURVE ( 'NONE', #5910, #4243, #2257, .T. ) ;
#6731 = CARTESIAN_POINT ( 'NONE',  ( 179.5844760786698657, -75.95289086143993984, 2.000000000000000000 ) ) ;
#6732 = EDGE_CURVE ( 'NONE', #8960, #709, #5424, .T. ) ;
#6733 = DIRECTION ( 'NONE',  ( -0.000000000000000000, -0.000000000000000000, -1.000000000000000000 ) ) ;
#6734 = ORIENTED_EDGE ( 'NONE', *, *, #6554, .T. ) ;
#6735 = ORIENTED_EDGE ( 'NONE', *, *, #4132, .T. ) ;
#6736 = CARTESIAN_POINT ( 'NONE',  ( -119.0605097497880536, -75.30951181692573471, 6.000000000000000000 ) ) ;
#6737 = CARTESIAN_POINT ( 'NONE',  ( 64.75000000000014211, 2.775557561562891351E-14, 2.000000000000000000 ) ) ;
#6738 = LINE ( 'NONE', #3802, #8470 ) ;
#6739 = CARTESIAN_POINT ( 'NONE',  ( 164.6904881830741658, 120.9394902502118896, 6.000000000000000000 ) ) ;
#6740 = ORIENTED_EDGE ( 'NONE', *, *, #3025, .T. ) ;
#6741 = CARTESIAN_POINT ( 'NONE',  ( 82.29722968529831917, -33.34178194375506621, 2.000000000000000000 ) ) ;
#6742 = ORIENTED_EDGE ( 'NONE', *, *, #3933, .F. ) ;
#6743 = ORIENTED_EDGE ( 'NONE', *, *, #4022, .F. ) ;
#6744 = DIRECTION ( 'NONE',  ( 0.000000000000000000, -0.000000000000000000, -1.000000000000000000 ) ) ;
#6745 = EDGE_LOOP ( 'NONE', ( #49, #2266, #3712, #2517 ) ) ;
#6746 = VERTEX_POINT ( 'NONE', #6938 ) ;
#6747 = DIRECTION ( 'NONE',  ( 0.000000000000000000, 0.000000000000000000, 1.000000000000000000 ) ) ;
#6748 = FACE_OUTER_BOUND ( 'NONE', #4361, .T. ) ;
#6749 = DIRECTION ( 'NONE',  ( -1.000000000000000000, 0.000000000000000000, 0.000000000000000000 ) ) ;
#6750 = EDGE_CURVE ( 'NONE', #3148, #4218, #3450, .T. ) ;
#6751 = DIRECTION ( 'NONE',  ( -0.000000000000000000, -0.000000000000000000, -1.000000000000000000 ) ) ;
#6752 = DIRECTION ( 'NONE',  ( 0.000000000000000000, -0.000000000000000000, -1.000000000000000000 ) ) ;
#6753 = ORIENTED_EDGE ( 'NONE', *, *, #1743, .F. ) ;
#6754 = VERTEX_POINT ( 'NONE', #6163 ) ;
#6755 = DIRECTION ( 'NONE',  ( 1.000000000000000000, 0.000000000000000000, 0.000000000000000000 ) ) ;
#6756 = DIRECTION ( 'NONE',  ( 0.5147315776182784797, -0.4848210009916998353, -0.7071067811865505703 ) ) ;
#6757 = AXIS2_PLACEMENT_3D ( 'NONE', #144, #6485, #5747 ) ;
#6758 = EDGE_LOOP ( 'NONE', ( #3123, #5860, #3827, #6703 ) ) ;
#6759 = CARTESIAN_POINT ( 'NONE',  ( 180.9394902502120033, -75.30951181692573471, 4.499999999999929834 ) ) ;
#6760 = DIRECTION ( 'NONE',  ( -0.000000000000000000, -0.000000000000000000, -1.000000000000000000 ) ) ;
#6761 = LINE ( 'NONE', #6592, #5696 ) ;
#6762 = DIRECTION ( 'NONE',  ( -0.000000000000000000, -0.000000000000000000, -1.000000000000000000 ) ) ;
#6763 = EDGE_LOOP ( 'NONE', ( #1742, #3520, #7341, #1796 ) ) ;
#6764 = CARTESIAN_POINT ( 'NONE',  ( 34.92551403682575284, 24.92551403682584166, 4.499999999999929834 ) ) ;
#6765 = FACE_OUTER_BOUND ( 'NONE', #3777, .T. ) ;
#6766 = VERTEX_POINT ( 'NONE', #5385 ) ;
#6767 = EDGE_CURVE ( 'NONE', #4688, #860, #5488, .T. ) ;
#6768 = EDGE_CURVE ( 'NONE', #5394, #4753, #4002, .T. ) ;
#6769 = DIRECTION ( 'NONE',  ( 1.000000000000000000, 0.000000000000000000, 0.000000000000000000 ) ) ;
#6770 = ORIENTED_EDGE ( 'NONE', *, *, #7557, .T. ) ;
#6771 = CARTESIAN_POINT ( 'NONE',  ( 117.2500000000000284, 90.00000000000007105, 2.000000000000000000 ) ) ;
#6772 = EDGE_CURVE ( 'NONE', #4310, #1866, #6806, .T. ) ;
#6773 = DIRECTION ( 'NONE',  ( 0.000000000000000000, 0.000000000000000000, 1.000000000000000000 ) ) ;
#6774 = DIRECTION ( 'NONE',  ( 1.000000000000000000, 0.000000000000000000, 0.000000000000000000 ) ) ;
#6775 = DIRECTION ( 'NONE',  ( 0.000000000000000000, -0.000000000000000000, -1.000000000000000000 ) ) ;
#6776 = FACE_OUTER_BOUND ( 'NONE', #6340, .T. ) ;
#6777 = EDGE_LOOP ( 'NONE', ( #5018, #621, #2980, #1531 ) ) ;
#6778 = CIRCLE ( 'NONE', #5461, 11.50000000000006040 ) ;
#6779 = ORIENTED_EDGE ( 'NONE', *, *, #8489, .F. ) ;
#6780 = LINE ( 'NONE', #7436, #2233 ) ;
#6781 = AXIS2_PLACEMENT_3D ( 'NONE', #7660, #7116, #4311 ) ;
#6782 = VERTEX_POINT ( 'NONE', #1978 ) ;
#6783 = EDGE_CURVE ( 'NONE', #6507, #3542, #3432, .T. ) ;
#6784 = VECTOR ( 'NONE', #5125, 1000.000000000000000 ) ;
#6785 = EDGE_LOOP ( 'NONE', ( #231, #2374, #8111, #3735 ) ) ;
#6786 = EDGE_CURVE ( 'NONE', #5428, #9095, #6807, .T. ) ;
#6787 = ADVANCED_FACE ( 'NONE', ( #1462 ), #2838, .F. ) ;
#6788 = CIRCLE ( 'NONE', #7823, 1.500000000000001332 ) ;
#6789 = LINE ( 'NONE', #7312, #6528 ) ;
#6790 = AXIS2_PLACEMENT_3D ( 'NONE', #2181, #4291, #787 ) ;
#6791 = VERTEX_POINT ( 'NONE', #143 ) ;
#6792 = CARTESIAN_POINT ( 'NONE',  ( -49.99999999999993605, -89.99999999999997158, 4.500000000000033751 ) ) ;
#6793 = DIRECTION ( 'NONE',  ( -0.000000000000000000, 0.000000000000000000, 1.000000000000000000 ) ) ;
#6794 = AXIS2_PLACEMENT_3D ( 'NONE', #3550, #4802, #1471 ) ;
#6795 = DIRECTION ( 'NONE',  ( -0.000000000000000000, -0.000000000000000000, -1.000000000000000000 ) ) ;
#6796 = CIRCLE ( 'NONE', #5911, 1.500000000000001332 ) ;
#6797 = EDGE_LOOP ( 'NONE', ( #7991, #810 ) ) ;
#6798 = AXIS2_PLACEMENT_3D ( 'NONE', #5490, #1287, #6228 ) ;
#6799 = AXIS2_PLACEMENT_3D ( 'NONE', #5294, #1097, #3916 ) ;
#6800 = DIRECTION ( 'NONE',  ( -0.000000000000000000, -0.000000000000000000, -1.000000000000000000 ) ) ;
#6801 = ORIENTED_EDGE ( 'NONE', *, *, #4586, .F. ) ;
#6802 = FACE_OUTER_BOUND ( 'NONE', #8129, .T. ) ;
#6803 = EDGE_LOOP ( 'NONE', ( #6958, #2854, #1408, #969 ) ) ;
#6804 = AXIS2_PLACEMENT_3D ( 'NONE', #6267, #2661, #7638 ) ;
#6805 = VERTEX_POINT ( 'NONE', #2299 ) ;
#6806 = LINE ( 'NONE', #6121, #3584 ) ;
#6807 = CIRCLE ( 'NONE', #5053, 1.500000000000001332 ) ;
#6808 = EDGE_CURVE ( 'NONE', #3008, #7560, #210, .T. ) ;
#6809 = FACE_OUTER_BOUND ( 'NONE', #2211, .T. ) ;
#6810 = CIRCLE ( 'NONE', #3590, 37.75000000000000000 ) ;
#6811 = VECTOR ( 'NONE', #7662, 1000.000000000000000 ) ;
#6812 = VECTOR ( 'NONE', #7787, 1000.000000000000000 ) ;
#6813 = DIRECTION ( 'NONE',  ( -0.000000000000000000, -0.000000000000000000, -1.000000000000000000 ) ) ;
#6814 = DIRECTION ( 'NONE',  ( 1.000000000000000000, 0.000000000000000000, 0.000000000000000000 ) ) ;
#6815 = DIRECTION ( 'NONE',  ( -1.000000000000000000, 0.000000000000000000, 0.000000000000000000 ) ) ;
#6816 = DIRECTION ( 'NONE',  ( 1.000000000000000000, 4.625929269271481378E-15, 0.000000000000000000 ) ) ;
#6817 = ORIENTED_EDGE ( 'NONE', *, *, #1956, .F. ) ;
#6818 = CIRCLE ( 'NONE', #2850, 35.25000000000000000 ) ;
#6819 = CARTESIAN_POINT ( 'NONE',  ( 118.4061916517099320, 34.66662096138776405, 4.499999999999922728 ) ) ;
#6820 = DIRECTION ( 'NONE',  ( 1.000000000000000000, 0.000000000000000000, 0.000000000000000000 ) ) ;
#6821 = VERTEX_POINT ( 'NONE', #3501 ) ;
#6822 = DIRECTION ( 'NONE',  ( 0.000000000000000000, -0.000000000000000000, -1.000000000000000000 ) ) ;
#6823 = ORIENTED_EDGE ( 'NONE', *, *, #4818, .T. ) ;
#6824 = DIRECTION ( 'NONE',  ( 0.000000000000000000, -0.000000000000000000, -1.000000000000000000 ) ) ;
#6825 = DIRECTION ( 'NONE',  ( -0.000000000000000000, 0.000000000000000000, 1.000000000000000000 ) ) ;
#6826 = CARTESIAN_POINT ( 'NONE',  ( 135.3095118169258626, 59.06050974978814594, 4.500000000000130562 ) ) ;
#6827 = CARTESIAN_POINT ( 'NONE',  ( 200.0000000000000000, -124.9999999999999574, 4.000000000000000000 ) ) ;
#6828 = LINE ( 'NONE', #1811, #4507 ) ;
#6829 = ORIENTED_EDGE ( 'NONE', *, *, #4738, .T. ) ;
#6830 = EDGE_CURVE ( 'NONE', #2546, #1489, #8581, .T. ) ;
#6831 = CARTESIAN_POINT ( 'NONE',  ( -180.2499999999999432, -90.00000000000002842, 0.000000000000000000 ) ) ;
#6832 = EDGE_CURVE ( 'NONE', #947, #3405, #8860, .T. ) ;
#6833 = ORIENTED_EDGE ( 'NONE', *, *, #762, .F. ) ;
#6834 = EDGE_LOOP ( 'NONE', ( #6992, #1617, #1790, #141 ) ) ;
#6835 = EDGE_LOOP ( 'NONE', ( #2182, #803, #3254, #5624 ) ) ;
#6836 = DIRECTION ( 'NONE',  ( 0.000000000000000000, -0.000000000000000000, -1.000000000000000000 ) ) ;
#6837 = ORIENTED_EDGE ( 'NONE', *, *, #6839, .F. ) ;
#6838 = ORIENTED_EDGE ( 'NONE', *, *, #6918, .T. ) ;
#6839 = EDGE_CURVE ( 'NONE', #4483, #5170, #6663, .T. ) ;
#6840 = CARTESIAN_POINT ( 'NONE',  ( 117.2500000000000284, 90.00000000000007105, 4.500000000000130562 ) ) ;
#6841 = DIRECTION ( 'NONE',  ( 0.000000000000000000, -0.000000000000000000, -1.000000000000000000 ) ) ;
#6842 = EDGE_CURVE ( 'NONE', #2198, #5482, #8422, .T. ) ;
#6843 = ORIENTED_EDGE ( 'NONE', *, *, #1883, .F. ) ;
#6844 = VECTOR ( 'NONE', #5783, 1000.000000000000000 ) ;
#6845 = CONICAL_SURFACE ( 'NONE', #7438, 10.00000000000000888, 0.7853981633974344012 ) ;
#6846 = CARTESIAN_POINT ( 'NONE',  ( 126.6932809897922425, 26.69328098979224251, 6.000000000000000000 ) ) ;
#6847 = EDGE_CURVE ( 'NONE', #9015, #4643, #1368, .T. ) ;
#6848 = CARTESIAN_POINT ( 'NONE',  ( -83.34178194375495252, -107.7027703147019082, 2.000000000000000000 ) ) ;
#6849 = VERTEX_POINT ( 'NONE', #2118 ) ;
#6850 = CIRCLE ( 'NONE', #6427, 35.25000000000000000 ) ;
#6851 = EDGE_LOOP ( 'NONE', ( #2434, #2450, #8785, #7216 ) ) ;
#6852 = CARTESIAN_POINT ( 'NONE',  ( 135.2500000000000853, 3.207245558262332748E-14, 2.000000000000000000 ) ) ;
#6853 = FACE_OUTER_BOUND ( 'NONE', #5487, .T. ) ;
#6854 = VECTOR ( 'NONE', #3612, 1000.000000000000000 ) ;
#6855 = CONICAL_SURFACE ( 'NONE', #3929, 9.999999999999994671, 0.7853981633974412846 ) ;
#6856 = DIRECTION ( 'NONE',  ( 0.000000000000000000, 0.000000000000000000, 1.000000000000000000 ) ) ;
#6857 = AXIS2_PLACEMENT_3D ( 'NONE', #8683, #7999, #309 ) ;
#6858 = CYLINDRICAL_SURFACE ( 'NONE', #5075, 32.75000000000002842 ) ;
#6859 = CARTESIAN_POINT ( 'NONE',  ( -173.1577470838595048, 66.84225291614069420, 4.500000000000054179 ) ) ;
#6860 = CARTESIAN_POINT ( 'NONE',  ( 136.6932809897922425, 26.69328098979224251, 4.499999999999922728 ) ) ;
#6861 = EDGE_LOOP ( 'NONE', ( #1659, #6697, #2653, #3174, #2158 ) ) ;
#6862 = VECTOR ( 'NONE', #7045, 1000.000000000000000 ) ;
#6863 = CARTESIAN_POINT ( 'NONE',  ( 0.000000000000000000, 0.000000000000000000, 2.000000000000000000 ) ) ;
#6864 = CARTESIAN_POINT ( 'NONE',  ( 150.0000000000000568, 90.00000000000007105, 6.000000000000000000 ) ) ;
#6865 = ORIENTED_EDGE ( 'NONE', *, *, #8349, .T. ) ;
#6866 = EDGE_CURVE ( 'NONE', #8960, #4119, #4330, .T. ) ;
#6867 = DIRECTION ( 'NONE',  ( 0.000000000000000000, -0.000000000000000000, -1.000000000000000000 ) ) ;
#6868 = ORIENTED_EDGE ( 'NONE', *, *, #3933, .T. ) ;
#6869 = FACE_OUTER_BOUND ( 'NONE', #8955, .T. ) ;
#6870 = DIRECTION ( 'NONE',  ( 0.000000000000000000, 1.000000000000000000, 0.000000000000000000 ) ) ;
#6871 = DIRECTION ( 'NONE',  ( -0.000000000000000000, -0.000000000000000000, -1.000000000000000000 ) ) ;
#6872 = DIRECTION ( 'NONE',  ( 0.000000000000000000, 0.000000000000000000, 1.000000000000000000 ) ) ;
#6873 = DIRECTION ( 'NONE',  ( 1.000000000000000000, 0.000000000000000000, 0.000000000000000000 ) ) ;
#6874 = VERTEX_POINT ( 'NONE', #7817 ) ;
#6875 = PLANE ( 'NONE',  #7956 ) ;
#6876 = ORIENTED_EDGE ( 'NONE', *, *, #3241, .T. ) ;
#6877 = EDGE_CURVE ( 'NONE', #5865, #1162, #6405, .T. ) ;
#6878 = ORIENTED_EDGE ( 'NONE', *, *, #5523, .F. ) ;
#6879 = CARTESIAN_POINT ( 'NONE',  ( 85.25000000000004263, -89.99999999999995737, 0.000000000000000000 ) ) ;
#6880 = DIRECTION ( 'NONE',  ( 0.000000000000000000, 0.000000000000000000, 1.000000000000000000 ) ) ;
#6881 = ORIENTED_EDGE ( 'NONE', *, *, #4818, .F. ) ;
#6882 = ORIENTED_EDGE ( 'NONE', *, *, #7124, .F. ) ;
#6883 = DIRECTION ( 'NONE',  ( -1.000000000000000000, 0.000000000000000000, 0.000000000000000000 ) ) ;
#6884 = DIRECTION ( 'NONE',  ( 1.000000000000000000, 0.000000000000000000, 0.000000000000000000 ) ) ;
#6885 = EDGE_LOOP ( 'NONE', ( #7777, #8878, #222, #6478 ) ) ;
#6886 = ORIENTED_EDGE ( 'NONE', *, *, #4035, .T. ) ;
#6887 = EDGE_CURVE ( 'NONE', #6255, #8967, #2695, .T. ) ;
#6888 = EDGE_CURVE ( 'NONE', #5136, #5995, #9, .T. ) ;
#6889 = DIRECTION ( 'NONE',  ( -0.000000000000000000, -0.000000000000000000, -1.000000000000000000 ) ) ;
#6890 = EDGE_CURVE ( 'NONE', #4572, #3804, #3134, .T. ) ;
#6891 = FACE_OUTER_BOUND ( 'NONE', #3216, .T. ) ;
#6892 = EDGE_CURVE ( 'NONE', #3447, #192, #5712, .T. ) ;
#6893 = VERTEX_POINT ( 'NONE', #3678 ) ;
#6894 = ORIENTED_EDGE ( 'NONE', *, *, #2571, .F. ) ;
#6895 = CARTESIAN_POINT ( 'NONE',  ( -196.7000000000000171, -124.9999999999999574, 4.000000000000000000 ) ) ;
#6896 = DIRECTION ( 'NONE',  ( 0.000000000000000000, 0.000000000000000000, 1.000000000000000000 ) ) ;
#6897 = DIRECTION ( 'NONE',  ( 1.000000000000000000, 0.000000000000000000, 0.000000000000000000 ) ) ;
#6898 = ADVANCED_FACE ( 'NONE', ( #5746 ), #7735, .F. ) ;
#6899 = DIRECTION ( 'NONE',  ( 1.000000000000000000, 0.000000000000000000, 0.000000000000000000 ) ) ;
#6900 = PLANE ( 'NONE',  #4233 ) ;
#6901 = CARTESIAN_POINT ( 'NONE',  ( 31.31037903847204973, 16.55419968925690455, 4.499999999999929834 ) ) ;
#6902 = ORIENTED_EDGE ( 'NONE', *, *, #8758, .T. ) ;
#6903 = CARTESIAN_POINT ( 'NONE',  ( 164.6904881830741658, 120.9394902502118896, 6.000000000000000000 ) ) ;
#6904 = LINE ( 'NONE', #6418, #6360 ) ;
#6905 = ORIENTED_EDGE ( 'NONE', *, *, #3859, .F. ) ;
#6906 = AXIS2_PLACEMENT_3D ( 'NONE', #7684, #7040, #8425 ) ;
#6907 = CARTESIAN_POINT ( 'NONE',  ( -15.33337903861228035, -71.59380834828998275, 2.000000000000000000 ) ) ;
#6908 = VERTEX_POINT ( 'NONE', #5062 ) ;
#6909 = DIRECTION ( 'NONE',  ( -0.3315959982864496447, -0.6245351022323779588, 0.7071067811865519026 ) ) ;
#6910 = DIRECTION ( 'NONE',  ( 1.000000000000000000, 0.000000000000000000, 0.000000000000000000 ) ) ;
#6911 = CARTESIAN_POINT ( 'NONE',  ( -16.37337990447256786, -70.51288365201840236, 4.500000000000033751 ) ) ;
#6912 = CARTESIAN_POINT ( 'NONE',  ( 32.75000000000002132, 4.010718267207584780E-15, 2.000000000000000000 ) ) ;
#6913 = DIRECTION ( 'NONE',  ( -0.000000000000000000, -0.000000000000000000, -1.000000000000000000 ) ) ;
#6914 = ORIENTED_EDGE ( 'NONE', *, *, #4626, .F. ) ;
#6915 = EDGE_LOOP ( 'NONE', ( #289, #2799, #7509 ) ) ;
#6916 = CARTESIAN_POINT ( 'NONE',  ( 15.33337903861241713, -108.4061916517099178, 4.499999999999929834 ) ) ;
#6917 = AXIS2_PLACEMENT_3D ( 'NONE', #2378, #663, #7060 ) ;
#6918 = EDGE_CURVE ( 'NONE', #5448, #634, #8136, .T. ) ;
#6919 = VERTEX_POINT ( 'NONE', #861 ) ;
#6920 = CIRCLE ( 'NONE', #6033, 1.500000000000001332 ) ;
#6921 = VERTEX_POINT ( 'NONE', #7180 ) ;
#6922 = DIRECTION ( 'NONE',  ( -0.000000000000000000, 0.000000000000000000, 1.000000000000000000 ) ) ;
#6923 = DIRECTION ( 'NONE',  ( 0.000000000000000000, -0.000000000000000000, -1.000000000000000000 ) ) ;
#6924 = ORIENTED_EDGE ( 'NONE', *, *, #2033, .T. ) ;
#6925 = VECTOR ( 'NONE', #5698, 1000.000000000000000 ) ;
#6926 = ORIENTED_EDGE ( 'NONE', *, *, #6772, .F. ) ;
#6927 = DIRECTION ( 'NONE',  ( -0.000000000000000000, -0.000000000000000000, -1.000000000000000000 ) ) ;
#6928 = DIRECTION ( 'NONE',  ( -0.000000000000000000, -0.000000000000000000, 1.000000000000000000 ) ) ;
#6929 = ORIENTED_EDGE ( 'NONE', *, *, #1833, .F. ) ;
#6930 = AXIS2_PLACEMENT_3D ( 'NONE', #6971, #6428, #2142 ) ;
#6931 = AXIS2_PLACEMENT_3D ( 'NONE', #3366, #8163, #8842 ) ;
#6932 = LINE ( 'NONE', #2754, #7108 ) ;
#6933 = DIRECTION ( 'NONE',  ( 1.000000000000000000, 0.000000000000000000, 0.000000000000000000 ) ) ;
#6934 = EDGE_LOOP ( 'NONE', ( #2220, #438, #7025, #1765 ) ) ;
#6935 = ORIENTED_EDGE ( 'NONE', *, *, #4490, .T. ) ;
#6936 = CIRCLE ( 'NONE', #4000, 1.500000000000001332 ) ;
#6937 = ORIENTED_EDGE ( 'NONE', *, *, #8127, .F. ) ;
#6938 = CARTESIAN_POINT ( 'NONE',  ( 85.24999999999998579, 90.00000000000000000, 4.499999999999936051 ) ) ;
#6939 = AXIS2_PLACEMENT_3D ( 'NONE', #8248, #1196, #6178 ) ;
#6940 = EDGE_CURVE ( 'NONE', #8319, #2844, #3270, .T. ) ;
#6941 = CIRCLE ( 'NONE', #6798, 10.00000000000000888 ) ;
#6942 = DIRECTION ( 'NONE',  ( -0.000000000000000000, 0.000000000000000000, 1.000000000000000000 ) ) ;
#6943 = EDGE_CURVE ( 'NONE', #2201, #5398, #7657, .T. ) ;
#6944 = EDGE_CURVE ( 'NONE', #6260, #9015, #5606, .T. ) ;
#6945 = AXIS2_PLACEMENT_3D ( 'NONE', #5755, #5205, #3736 ) ;
#6946 = AXIS2_PLACEMENT_3D ( 'NONE', #2267, #8150, #3311 ) ;
#6947 = VECTOR ( 'NONE', #5329, 1000.000000000000000 ) ;
#6948 = CARTESIAN_POINT ( 'NONE',  ( 164.6904881830742795, -59.06050974978806067, 4.499999999999929834 ) ) ;
#6949 = CARTESIAN_POINT ( 'NONE',  ( 119.0605097497882099, -104.6904881830741942, 6.000000000000000000 ) ) ;
#6950 = CARTESIAN_POINT ( 'NONE',  ( 0.000000000000000000, 0.000000000000000000, 2.000000000000000000 ) ) ;
#6951 = DIRECTION ( 'NONE',  ( 0.000000000000000000, -0.000000000000000000, -1.000000000000000000 ) ) ;
#6952 = VERTEX_POINT ( 'NONE', #6010 ) ;
#6953 = EDGE_CURVE ( 'NONE', #1338, #1949, #3164, .T. ) ;
#6954 = DIRECTION ( 'NONE',  ( -0.000000000000000000, -0.000000000000000000, 1.000000000000000000 ) ) ;
#6955 = CIRCLE ( 'NONE', #3725, 32.75000000000000000 ) ;
#6956 = PLANE ( 'NONE',  #7264 ) ;
#6957 = CIRCLE ( 'NONE', #1808, 35.25000000000000000 ) ;
#6958 = ORIENTED_EDGE ( 'NONE', *, *, #3349, .T. ) ;
#6959 = VECTOR ( 'NONE', #8513, 1000.000000000000114 ) ;
#6960 = EDGE_CURVE ( 'NONE', #1422, #6791, #450, .T. ) ;
#6961 = DIRECTION ( 'NONE',  ( -0.6245351022323745172, -0.3315959982864562505, 0.7071067811865517916 ) ) ;
#6962 = ORIENTED_EDGE ( 'NONE', *, *, #372, .T. ) ;
#6963 = DIRECTION ( 'NONE',  ( 0.000000000000000000, -0.000000000000000000, -1.000000000000000000 ) ) ;
#6964 = AXIS2_PLACEMENT_3D ( 'NONE', #4655, #3955, #445 ) ;
#6965 = DIRECTION ( 'NONE',  ( 1.000000000000000000, 0.000000000000000000, 0.000000000000000000 ) ) ;
#6966 = CARTESIAN_POINT ( 'NONE',  ( -164.6904881830743363, 59.06050974978818857, 4.500000000000054179 ) ) ;
#6967 = VECTOR ( 'NONE', #7167, 1000.000000000000000 ) ;
#6968 = CARTESIAN_POINT ( 'NONE',  ( -17.18962096152796448, 106.5541996892569472, 6.000000000000000000 ) ) ;
#6969 = DIRECTION ( 'NONE',  ( -0.000000000000000000, -0.000000000000000000, 1.000000000000000000 ) ) ;
#6970 = ORIENTED_EDGE ( 'NONE', *, *, #7232, .F. ) ;
#6971 = CARTESIAN_POINT ( 'NONE',  ( 0.000000000000000000, 0.000000000000000000, 2.000000000000000000 ) ) ;
#6972 = DIRECTION ( 'NONE',  ( 0.000000000000000000, -0.000000000000000000, -1.000000000000000000 ) ) ;
#6973 = AXIS2_PLACEMENT_3D ( 'NONE', #7215, #896, #3720 ) ;
#6974 = EDGE_LOOP ( 'NONE', ( #51, #5711, #6287, #7603 ) ) ;
#6975 = CIRCLE ( 'NONE', #3294, 35.25000000000000000 ) ;
#6976 = ORIENTED_EDGE ( 'NONE', *, *, #482, .T. ) ;
#6977 = DIRECTION ( 'NONE',  ( -0.000000000000000000, -0.000000000000000000, 1.000000000000000000 ) ) ;
#6978 = AXIS2_PLACEMENT_3D ( 'NONE', #5561, #3528, #4963 ) ;
#6979 = LINE ( 'NONE', #7255, #4922 ) ;
#6980 = LINE ( 'NONE', #753, #2735 ) ;
#6981 = ORIENTED_EDGE ( 'NONE', *, *, #2901, .F. ) ;
#6982 = CIRCLE ( 'NONE', #8307, 1.500000000000001332 ) ;
#6983 = CARTESIAN_POINT ( 'NONE',  ( 150.0000000000001137, -89.99999999999998579, 6.000000000000000000 ) ) ;
#6984 = DIRECTION ( 'NONE',  ( -0.000000000000000000, -0.000000000000000000, -1.000000000000000000 ) ) ;
#6985 = VERTEX_POINT ( 'NONE', #2376 ) ;
#6986 = CONICAL_SURFACE ( 'NONE', #5521, 10.00000000000000888, 0.7853981633974419507 ) ;
#6987 = CARTESIAN_POINT ( 'NONE',  ( 164.6904881830743363, 120.9394902502119180, 6.000000000000000000 ) ) ;
#6988 = EDGE_CURVE ( 'NONE', #5912, #1316, #1181, .T. ) ;
#6989 = CARTESIAN_POINT ( 'NONE',  ( -205.0000000000000000, -130.0000000000000000, 6.000000000000000000 ) ) ;
#6990 = ORIENTED_EDGE ( 'NONE', *, *, #8417, .F. ) ;
#6991 = EDGE_LOOP ( 'NONE', ( #8619, #3103 ) ) ;
#6992 = ORIENTED_EDGE ( 'NONE', *, *, #5994, .F. ) ;
#6993 = DIRECTION ( 'NONE',  ( 0.000000000000000000, -0.000000000000000000, -1.000000000000000000 ) ) ;
#6994 = AXIS2_PLACEMENT_3D ( 'NONE', #3151, #7432, #4576 ) ;
#6995 = AXIS2_PLACEMENT_3D ( 'NONE', #5310, #3980, #8116 ) ;
#6996 = ADVANCED_FACE ( 'NONE', ( #1691 ), #900, .T. ) ;
#6997 = AXIS2_PLACEMENT_3D ( 'NONE', #3100, #5903, #1116 ) ;
#6998 = ORIENTED_EDGE ( 'NONE', *, *, #8522, .F. ) ;
#6999 = DIRECTION ( 'NONE',  ( -0.000000000000000000, -0.000000000000000000, 1.000000000000000000 ) ) ;
#7000 = LINE ( 'NONE', #7742, #5224 ) ;
#7001 = FACE_OUTER_BOUND ( 'NONE', #526, .T. ) ;
#7002 = EDGE_CURVE ( 'NONE', #8216, #928, #4549, .T. ) ;
#7003 = DIRECTION ( 'NONE',  ( -0.000000000000000000, -0.000000000000000000, -1.000000000000000000 ) ) ;
#7004 = AXIS2_PLACEMENT_3D ( 'NONE', #2272, #6550, #880 ) ;
#7005 = ORIENTED_EDGE ( 'NONE', *, *, #7857, .T. ) ;
#7006 = DIRECTION ( 'NONE',  ( -0.000000000000000000, -0.000000000000000000, -1.000000000000000000 ) ) ;
#7007 = FACE_OUTER_BOUND ( 'NONE', #8740, .T. ) ;
#7008 = AXIS2_PLACEMENT_3D ( 'NONE', #658, #2683, #6284 ) ;
#7009 = AXIS2_PLACEMENT_3D ( 'NONE', #5529, #1431, #7641 ) ;
#7010 = EDGE_CURVE ( 'NONE', #2389, #2568, #4571, .T. ) ;
#7011 = DIRECTION ( 'NONE',  ( -1.000000000000000000, 0.000000000000000000, 0.000000000000000000 ) ) ;
#7012 = DIRECTION ( 'NONE',  ( -0.4784802923808561537, 0.5206309727658742226, 0.7071067811865404673 ) ) ;
#7013 = CARTESIAN_POINT ( 'NONE',  ( -76.69328098979205777, -116.6932809897921857, 2.000000000000000000 ) ) ;
#7014 = AXIS2_PLACEMENT_3D ( 'NONE', #8934, #5478, #8333 ) ;
#7015 = ADVANCED_FACE ( 'NONE', ( #1773, #8000 ), #5143, .T. ) ;
#7016 = ORIENTED_EDGE ( 'NONE', *, *, #8309, .T. ) ;
#7017 = DIRECTION ( 'NONE',  ( -1.000000000000000000, 0.000000000000000000, 0.000000000000000000 ) ) ;
#7018 = EDGE_CURVE ( 'NONE', #8243, #739, #2659, .T. ) ;
#7019 = DIRECTION ( 'NONE',  ( -1.000000000000000000, 0.000000000000000000, 0.000000000000000000 ) ) ;
#7020 = ORIENTED_EDGE ( 'NONE', *, *, #81, .T. ) ;
#7021 = EDGE_LOOP ( 'NONE', ( #73, #4364, #2819, #8524, #7195 ) ) ;
#7022 = PLANE ( 'NONE',  #6930 ) ;
#7023 = CARTESIAN_POINT ( 'NONE',  ( -100.0000000000000000, 0.000000000000000000, 2.000000000000000000 ) ) ;
#7024 = EDGE_LOOP ( 'NONE', ( #65, #6652, #1783 ) ) ;
#7025 = ORIENTED_EDGE ( 'NONE', *, *, #2448, .F. ) ;
#7026 = DIRECTION ( 'NONE',  ( 0.000000000000000000, 0.000000000000000000, 1.000000000000000000 ) ) ;
#7027 = DIRECTION ( 'NONE',  ( -0.000000000000000000, 0.000000000000000000, 1.000000000000000000 ) ) ;
#7028 = CARTESIAN_POINT ( 'NONE',  ( 68.40619165170990357, -55.33337903861222884, 2.000000000000000000 ) ) ;
#7029 = VERTEX_POINT ( 'NONE', #1597 ) ;
#7030 = ORIENTED_EDGE ( 'NONE', *, *, #2283, .F. ) ;
#7031 = DIRECTION ( 'NONE',  ( -0.000000000000000000, -0.000000000000000000, 1.000000000000000000 ) ) ;
#7032 = CARTESIAN_POINT ( 'NONE',  ( 50.00000000000000000, 90.00000000000000000, 2.000000000000000000 ) ) ;
#7033 = ORIENTED_EDGE ( 'NONE', *, *, #9092, .F. ) ;
#7034 = CARTESIAN_POINT ( 'NONE',  ( -49.99999999999993605, -89.99999999999997158, 4.500000000000033751 ) ) ;
#7035 = FACE_OUTER_BOUND ( 'NONE', #2171, .T. ) ;
#7036 = ORIENTED_EDGE ( 'NONE', *, *, #8801, .T. ) ;
#7037 = ORIENTED_EDGE ( 'NONE', *, *, #5934, .T. ) ;
#7038 = EDGE_LOOP ( 'NONE', ( #8761, #3016, #1678, #283 ) ) ;
#7039 = CARTESIAN_POINT ( 'NONE',  ( -65.33337903861234963, 18.40619165170996396, 6.000000000000000000 ) ) ;
#7040 = DIRECTION ( 'NONE',  ( -0.000000000000000000, -0.000000000000000000, 1.000000000000000000 ) ) ;
#7041 = EDGE_CURVE ( 'NONE', #7064, #8841, #3903, .T. ) ;
#7042 = EDGE_LOOP ( 'NONE', ( #584, #1494, #7361 ) ) ;
#7043 = CARTESIAN_POINT ( 'NONE',  ( 164.6904881830742795, -59.06050974978806067, 2.000000000000000000 ) ) ;
#7044 = CARTESIAN_POINT ( 'NONE',  ( 66.55419968925681928, 122.8103790384720924, 4.499999999999936051 ) ) ;
#7045 = DIRECTION ( 'NONE',  ( -0.000000000000000000, -0.000000000000000000, -1.000000000000000000 ) ) ;
#7046 = DIRECTION ( 'NONE',  ( 1.000000000000000000, 0.000000000000000000, 0.000000000000000000 ) ) ;
#7047 = VERTEX_POINT ( 'NONE', #4595 ) ;
#7048 = FACE_OUTER_BOUND ( 'NONE', #8713, .T. ) ;
#7049 = CYLINDRICAL_SURFACE ( 'NONE', #7967, 37.75000000000000711 ) ;
#7050 = EDGE_CURVE ( 'NONE', #1971, #4042, #7317, .T. ) ;
#7051 = DIRECTION ( 'NONE',  ( -1.000000000000000000, 0.000000000000000000, 0.000000000000000000 ) ) ;
#7052 = CARTESIAN_POINT ( 'NONE',  ( -62.25000000000000711, 0.000000000000000000, 4.500000000000019540 ) ) ;
#7053 = CARTESIAN_POINT ( 'NONE',  ( -134.6666209613876788, -18.40619165170991423, 2.000000000000000000 ) ) ;
#7054 = ORIENTED_EDGE ( 'NONE', *, *, #6866, .F. ) ;
#7055 = DIRECTION ( 'NONE',  ( -0.000000000000000000, -0.000000000000000000, -1.000000000000000000 ) ) ;
#7056 = DIRECTION ( 'NONE',  ( -1.000000000000000000, 0.000000000000000000, 0.000000000000000000 ) ) ;
#7057 = ORIENTED_EDGE ( 'NONE', *, *, #5371, .T. ) ;
#7058 = DIRECTION ( 'NONE',  ( 0.000000000000000000, -0.000000000000000000, -1.000000000000000000 ) ) ;
#7059 = EDGE_CURVE ( 'NONE', #4043, #502, #4731, .T. ) ;
#7060 = DIRECTION ( 'NONE',  ( 1.000000000000000000, 0.000000000000000000, 0.000000000000000000 ) ) ;
#7061 = ORIENTED_EDGE ( 'NONE', *, *, #3220, .F. ) ;
#7062 = AXIS2_PLACEMENT_3D ( 'NONE', #1774, #7400, #8779 ) ;
#7063 = ADVANCED_FACE ( 'NONE', ( #3077 ), #1327, .T. ) ;
#7064 = VERTEX_POINT ( 'NONE', #3724 ) ;
#7065 = FACE_OUTER_BOUND ( 'NONE', #2338, .T. ) ;
#7066 = FACE_BOUND ( 'NONE', #7797, .T. ) ;
#7067 = DIRECTION ( 'NONE',  ( 1.000000000000000000, 0.000000000000000000, 0.000000000000000000 ) ) ;
#7068 = ORIENTED_EDGE ( 'NONE', *, *, #5868, .F. ) ;
#7069 = ORIENTED_EDGE ( 'NONE', *, *, #1029, .T. ) ;
#7070 = CARTESIAN_POINT ( 'NONE',  ( 12.25000000000007283, -89.99999999999995737, 2.000000000000000000 ) ) ;
#7071 = CARTESIAN_POINT ( 'NONE',  ( -32.81037903847204262, -16.55419968925691521, 6.000000000000000000 ) ) ;
#7072 = ADVANCED_FACE ( 'NONE', ( #406 ), #6580, .F. ) ;
#7073 = ORIENTED_EDGE ( 'NONE', *, *, #9093, .F. ) ;
#7074 = ADVANCED_FACE ( 'NONE', ( #233 ), #3035, .F. ) ;
#7075 = CIRCLE ( 'NONE', #2365, 10.00000000000000888 ) ;
#7076 = AXIS2_PLACEMENT_3D ( 'NONE', #2701, #6793, #6154 ) ;
#7077 = DIRECTION ( 'NONE',  ( -0.000000000000000000, -0.000000000000000000, -1.000000000000000000 ) ) ;
#7078 = CARTESIAN_POINT ( 'NONE',  ( -31.59380834829012841, -55.33337903861220042, 6.000000000000000000 ) ) ;
#7079 = ORIENTED_EDGE ( 'NONE', *, *, #7743, .T. ) ;
#7080 = ORIENTED_EDGE ( 'NONE', *, *, #6221, .T. ) ;
#7081 = CARTESIAN_POINT ( 'NONE',  ( -118.4061916517098609, -34.66662096138771432, 4.500000000000019540 ) ) ;
#7082 = CIRCLE ( 'NONE', #1776, 39.24999999999995737 ) ;
#7083 = AXIS2_PLACEMENT_3D ( 'NONE', #8994, #2545, #568 ) ;
#7084 = CARTESIAN_POINT ( 'NONE',  ( -49.99999999999993605, -89.99999999999997158, 0.000000000000000000 ) ) ;
#7085 = AXIS2_PLACEMENT_3D ( 'NONE', #3485, #4174, #7850 ) ;
#7086 = CIRCLE ( 'NONE', #5323, 10.00000000000000888 ) ;
#7087 = CYLINDRICAL_SURFACE ( 'NONE', #5787, 30.25000000000000000 ) ;
#7088 = DIRECTION ( 'NONE',  ( 1.000000000000000000, 0.000000000000000000, 0.000000000000000000 ) ) ;
#7089 = AXIS2_PLACEMENT_3D ( 'NONE', #1996, #2494, #1942 ) ;
#7090 = ORIENTED_EDGE ( 'NONE', *, *, #1930, .T. ) ;
#7091 = CONICAL_SURFACE ( 'NONE', #8840, 10.00000000000000533, 0.7853981633974644883 ) ;
#7092 = CARTESIAN_POINT ( 'NONE',  ( -200.0000000000000000, 125.0000000000000568, 6.000000000000000000 ) ) ;
#7093 = CARTESIAN_POINT ( 'NONE',  ( 133.6266200955274996, 19.48711634798156922, 6.000000000000000000 ) ) ;
#7094 = ORIENTED_EDGE ( 'NONE', *, *, #1980, .T. ) ;
#7095 = FACE_OUTER_BOUND ( 'NONE', #8529, .T. ) ;
#7096 = AXIS2_PLACEMENT_3D ( 'NONE', #960, #5020, #8012 ) ;
#7097 = LINE ( 'NONE', #4844, #1938 ) ;
#7098 = VECTOR ( 'NONE', #2400, 1000.000000000000000 ) ;
#7099 = AXIS2_PLACEMENT_3D ( 'NONE', #7874, #315, #8610 ) ;
#7100 = DIRECTION ( 'NONE',  ( 0.000000000000000000, 0.000000000000000000, 1.000000000000000000 ) ) ;
#7101 = CARTESIAN_POINT ( 'NONE',  ( -18.21808161391660974, 107.6461102563311414, 6.000000000000000000 ) ) ;
#7102 = EDGE_CURVE ( 'NONE', #3000, #4685, #5163, .T. ) ;
#7103 = ORIENTED_EDGE ( 'NONE', *, *, #993, .F. ) ;
#7104 = CARTESIAN_POINT ( 'NONE',  ( 3.299999999999999822, -124.9999999999999574, 4.000000000000000000 ) ) ;
#7105 = DIRECTION ( 'NONE',  ( 0.5147315776182793678, -0.4848210009916973928, 0.7071067811865516806 ) ) ;
#7106 = ORIENTED_EDGE ( 'NONE', *, *, #1142, .T. ) ;
#7107 = AXIS2_PLACEMENT_3D ( 'NONE', #7043, #4936, #4244 ) ;
#7108 = VECTOR ( 'NONE', #628, 1000.000000000000000 ) ;
#7109 = FACE_BOUND ( 'NONE', #4226, .T. ) ;
#7110 = VECTOR ( 'NONE', #8280, 1000.000000000000000 ) ;
#7111 = CARTESIAN_POINT ( 'NONE',  ( 83.16662096138776405, -71.59380834828999696, 6.000000000000000000 ) ) ;
#7112 = VERTEX_POINT ( 'NONE', #8684 ) ;
#7113 = AXIS2_PLACEMENT_3D ( 'NONE', #8516, #8654, #5151 ) ;
#7114 = AXIS2_PLACEMENT_3D ( 'NONE', #1550, #178, #5742 ) ;
#7115 = ORIENTED_EDGE ( 'NONE', *, *, #4862, .F. ) ;
#7116 = DIRECTION ( 'NONE',  ( 0.000000000000000000, -0.000000000000000000, -1.000000000000000000 ) ) ;
#7117 = FACE_BOUND ( 'NONE', #9067, .T. ) ;
#7118 = EDGE_CURVE ( 'NONE', #3020, #192, #2227, .T. ) ;
#7119 = DIRECTION ( 'NONE',  ( -0.000000000000000000, -0.000000000000000000, 1.000000000000000000 ) ) ;
#7120 = VERTEX_POINT ( 'NONE', #1873 ) ;
#7121 = ORIENTED_EDGE ( 'NONE', *, *, #1761, .F. ) ;
#7122 = ORIENTED_EDGE ( 'NONE', *, *, #7130, .F. ) ;
#7123 = CARTESIAN_POINT ( 'NONE',  ( -179.9244802719920244, 74.20508674291049545, 6.000000000000000000 ) ) ;
#7124 = EDGE_CURVE ( 'NONE', #7265, #8319, #6056, .T. ) ;
#7125 = EDGE_CURVE ( 'NONE', #2798, #300, #6920, .T. ) ;
#7126 = CIRCLE ( 'NONE', #8290, 37.74999999999999289 ) ;
#7127 = VECTOR ( 'NONE', #5650, 1000.000000000000000 ) ;
#7128 = EDGE_LOOP ( 'NONE', ( #4727, #2599 ) ) ;
#7129 = DIRECTION ( 'NONE',  ( 1.000000000000000000, 0.000000000000000000, 0.000000000000000000 ) ) ;
#7130 = EDGE_CURVE ( 'NONE', #6466, #5256, #5019, .T. ) ;
#7131 = VECTOR ( 'NONE', #5121, 1000.000000000000000 ) ;
#7132 = DIRECTION ( 'NONE',  ( -1.000000000000000000, 0.000000000000000000, 0.000000000000000000 ) ) ;
#7133 = ORIENTED_EDGE ( 'NONE', *, *, #376, .F. ) ;
#7134 = ORIENTED_EDGE ( 'NONE', *, *, #5565, .T. ) ;
#7135 = ADVANCED_FACE ( 'NONE', ( #3382 ), #5322, .T. ) ;
#7136 = DIRECTION ( 'NONE',  ( -0.000000000000000000, -0.000000000000000000, 1.000000000000000000 ) ) ;
#7137 = ADVANCED_FACE ( 'NONE', ( #8131 ), #8962, .F. ) ;
#7138 = AXIS2_PLACEMENT_3D ( 'NONE', #4866, #1545, #3491 ) ;
#7139 = DIRECTION ( 'NONE',  ( 0.000000000000000000, -0.000000000000000000, -1.000000000000000000 ) ) ;
#7140 = AXIS2_PLACEMENT_3D ( 'NONE', #5342, #6548, #250 ) ;
#7141 = CARTESIAN_POINT ( 'NONE',  ( -100.0000000000000000, 0.000000000000000000, 4.500000000000019540 ) ) ;
#7142 = FACE_OUTER_BOUND ( 'NONE', #4386, .T. ) ;
#7143 = EDGE_CURVE ( 'NONE', #5678, #8565, #1037, .T. ) ;
#7144 = CIRCLE ( 'NONE', #670, 10.00000000000000888 ) ;
#7145 = CARTESIAN_POINT ( 'NONE',  ( -82.75000000000002842, 90.00000000000000000, 2.000000000000000000 ) ) ;
#7146 = ORIENTED_EDGE ( 'NONE', *, *, #7905, .T. ) ;
#7147 = DIRECTION ( 'NONE',  ( 1.000000000000000000, 8.103817697993836422E-16, 0.000000000000000000 ) ) ;
#7148 = AXIS2_PLACEMENT_3D ( 'NONE', #6568, #4404, #3104 ) ;
#7149 = CARTESIAN_POINT ( 'NONE',  ( 164.6904881830742795, -59.06050974978806067, 4.499999999999929834 ) ) ;
#7150 = CIRCLE ( 'NONE', #4657, 1.500000000000001332 ) ;
#7151 = ORIENTED_EDGE ( 'NONE', *, *, #5576, .T. ) ;
#7152 = LINE ( 'NONE', #6629, #2686 ) ;
#7153 = VECTOR ( 'NONE', #3152, 1000.000000000000000 ) ;
#7154 = CARTESIAN_POINT ( 'NONE',  ( -85.24999999999997158, -89.99999999999997158, 2.000000000000000000 ) ) ;
#7155 = VERTEX_POINT ( 'NONE', #1171 ) ;
#7156 = CARTESIAN_POINT ( 'NONE',  ( 74.92551403682575994, 114.9255140368258310, 4.499999999999936051 ) ) ;
#7157 = LINE ( 'NONE', #5894, #965 ) ;
#7158 = EDGE_LOOP ( 'NONE', ( #1401, #855 ) ) ;
#7159 = AXIS2_PLACEMENT_3D ( 'NONE', #6602, #8032, #1159 ) ;
#7160 = FACE_OUTER_BOUND ( 'NONE', #8887, .T. ) ;
#7161 = CARTESIAN_POINT ( 'NONE',  ( -119.0605097497879399, 104.6904881830740379, 6.000000000000000000 ) ) ;
#7162 = VERTEX_POINT ( 'NONE', #6254 ) ;
#7163 = EDGE_CURVE ( 'NONE', #6186, #8533, #4429, .T. ) ;
#7164 = AXIS2_PLACEMENT_3D ( 'NONE', #1185, #8236, #4201 ) ;
#7165 = ORIENTED_EDGE ( 'NONE', *, *, #701, .F. ) ;
#7166 = DIRECTION ( 'NONE',  ( 0.000000000000000000, 0.000000000000000000, 1.000000000000000000 ) ) ;
#7167 = DIRECTION ( 'NONE',  ( 0.000000000000000000, 0.000000000000000000, 1.000000000000000000 ) ) ;
#7168 = DIRECTION ( 'NONE',  ( -1.000000000000000000, 0.000000000000000000, 0.000000000000000000 ) ) ;
#7169 = ORIENTED_EDGE ( 'NONE', *, *, #579, .F. ) ;
#7170 = CONICAL_SURFACE ( 'NONE', #5548, 1.500000000000056843, 0.7853981633974442822 ) ;
#7171 = EDGE_LOOP ( 'NONE', ( #3055, #898, #8768, #2329 ) ) ;
#7172 = ORIENTED_EDGE ( 'NONE', *, *, #197, .T. ) ;
#7173 = CARTESIAN_POINT ( 'NONE',  ( 165.7949132570897177, -60.07551972800793294, 2.000000000000000000 ) ) ;
#7174 = VECTOR ( 'NONE', #1605, 1000.000000000000000 ) ;
#7175 = ORIENTED_EDGE ( 'NONE', *, *, #5776, .T. ) ;
#7176 = EDGE_CURVE ( 'NONE', #8784, #5975, #5892, .T. ) ;
#7177 = CYLINDRICAL_SURFACE ( 'NONE', #8134, 5.500000000000000000 ) ;
#7178 = DIRECTION ( 'NONE',  ( 0.000000000000000000, 0.000000000000000000, 1.000000000000000000 ) ) ;
#7179 = ORIENTED_EDGE ( 'NONE', *, *, #7805, .T. ) ;
#7180 = CARTESIAN_POINT ( 'NONE',  ( 81.47117989404462435, 105.8785180692872387, 4.499999999999936051 ) ) ;
#7181 = FACE_BOUND ( 'NONE', #8809, .T. ) ;
#7182 = ADVANCED_FACE ( 'NONE', ( #1968 ), #1920, .T. ) ;
#7183 = EDGE_CURVE ( 'NONE', #7997, #4499, #749, .T. ) ;
#7184 = EDGE_CURVE ( 'NONE', #5975, #470, #4784, .T. ) ;
#7185 = ADVANCED_FACE ( 'NONE', ( #6748 ), #494, .T. ) ;
#7186 = CARTESIAN_POINT ( 'NONE',  ( -126.8422529161405663, -66.84225291614050946, 6.000000000000000000 ) ) ;
#7187 = DIRECTION ( 'NONE',  ( 1.000000000000000000, 0.000000000000000000, 0.000000000000000000 ) ) ;
#7188 = CARTESIAN_POINT ( 'NONE',  ( 15.33337903861241713, -108.4061916517099178, 4.499999999999929834 ) ) ;
#7189 = ADVANCED_BREP_SHAPE_REPRESENTATION ( '\X2\5b544f4d677f\X0\_JXDZ26-KWB-001', ( #2477, #227 ), #4194 ) ;
#7190 = DIRECTION ( 'NONE',  ( 1.000000000000000000, 1.387778780781444413E-14, 0.000000000000000000 ) ) ;
#7191 = ORIENTED_EDGE ( 'NONE', *, *, #8145, .F. ) ;
#7192 = LINE ( 'NONE', #5808, #8426 ) ;
#7193 = DIRECTION ( 'NONE',  ( -1.000000000000000000, 0.000000000000000000, 0.000000000000000000 ) ) ;
#7194 = ADVANCED_FACE ( 'NONE', ( #8867, #4129 ), #7447, .T. ) ;
#7195 = ORIENTED_EDGE ( 'NONE', *, *, #3473, .F. ) ;
#7196 = CARTESIAN_POINT ( 'NONE',  ( 67.70277031470187978, -56.65821805624486984, 2.000000000000000000 ) ) ;
#7197 = CARTESIAN_POINT ( 'NONE',  ( 66.55419968925683349, 122.8103790384721492, 6.000000000000000000 ) ) ;
#7198 = ORIENTED_EDGE ( 'NONE', *, *, #8427, .F. ) ;
#7199 = CYLINDRICAL_SURFACE ( 'NONE', #2890, 10.00000000000000888 ) ;
#7200 = FACE_OUTER_BOUND ( 'NONE', #5210, .T. ) ;
#7201 = VERTEX_POINT ( 'NONE', #2019 ) ;
#7202 = DIRECTION ( 'NONE',  ( -0.000000000000000000, -0.000000000000000000, -1.000000000000000000 ) ) ;
#7203 = CARTESIAN_POINT ( 'NONE',  ( 135.3095118169257773, 59.06050974978822410, 6.000000000000000000 ) ) ;
#7204 = ORIENTED_EDGE ( 'NONE', *, *, #5149, .T. ) ;
#7205 = DIRECTION ( 'NONE',  ( 0.000000000000000000, 0.000000000000000000, 1.000000000000000000 ) ) ;
#7206 = FACE_OUTER_BOUND ( 'NONE', #6621, .T. ) ;
#7207 = CARTESIAN_POINT ( 'NONE',  ( -67.70277031470175189, -123.3417819437550378, 4.500000000000033751 ) ) ;
#7208 = ORIENTED_EDGE ( 'NONE', *, *, #8300, .T. ) ;
#7209 = ORIENTED_EDGE ( 'NONE', *, *, #3444, .F. ) ;
#7210 = EDGE_CURVE ( 'NONE', #502, #4043, #1487, .T. ) ;
#7211 = FACE_OUTER_BOUND ( 'NONE', #7042, .T. ) ;
#7212 = CIRCLE ( 'NONE', #3230, 35.24999999999997868 ) ;
#7213 = ORIENTED_EDGE ( 'NONE', *, *, #7102, .T. ) ;
#7214 = DIRECTION ( 'NONE',  ( 0.000000000000000000, -0.000000000000000000, -1.000000000000000000 ) ) ;
#7215 = CARTESIAN_POINT ( 'NONE',  ( 150.0000000000001137, -89.99999999999998579, 2.000000000000000000 ) ) ;
#7216 = ORIENTED_EDGE ( 'NONE', *, *, #7472, .T. ) ;
#7217 = ORIENTED_EDGE ( 'NONE', *, *, #2070, .F. ) ;
#7218 = EDGE_CURVE ( 'NONE', #676, #8630, #8984, .T. ) ;
#7219 = ORIENTED_EDGE ( 'NONE', *, *, #8542, .F. ) ;
#7220 = ORIENTED_EDGE ( 'NONE', *, *, #6570, .F. ) ;
#7221 = DIRECTION ( 'NONE',  ( 0.000000000000000000, 0.000000000000000000, 1.000000000000000000 ) ) ;
#7222 = CARTESIAN_POINT ( 'NONE',  ( -49.99999999999993605, -89.99999999999997158, 4.500000000000033751 ) ) ;
#7223 = AXIS2_PLACEMENT_3D ( 'NONE', #8629, #3796, #1753 ) ;
#7224 = AXIS2_PLACEMENT_3D ( 'NONE', #1034, #4509, #5918 ) ;
#7225 = DIRECTION ( 'NONE',  ( -0.000000000000000000, -0.000000000000000000, 1.000000000000000000 ) ) ;
#7226 = CARTESIAN_POINT ( 'NONE',  ( -119.0605097497879399, 104.6904881830740379, 4.500000000000054179 ) ) ;
#7227 = DIRECTION ( 'NONE',  ( 0.000000000000000000, -0.000000000000000000, -1.000000000000000000 ) ) ;
#7228 = ADVANCED_FACE ( 'NONE', ( #441 ), #5748, .F. ) ;
#7229 = DIRECTION ( 'NONE',  ( -0.000000000000000000, 0.000000000000000000, 1.000000000000000000 ) ) ;
#7230 = VERTEX_POINT ( 'NONE', #4182 ) ;
#7231 = CARTESIAN_POINT ( 'NONE',  ( 5.500000000000000000, 125.0000000000000568, 4.000000000000000000 ) ) ;
#7232 = EDGE_CURVE ( 'NONE', #4590, #4572, #2954, .T. ) ;
#7233 = ADVANCED_FACE ( 'NONE', ( #2887 ), #2104, .F. ) ;
#7234 = VECTOR ( 'NONE', #397, 1000.000000000000000 ) ;
#7235 = CONICAL_SURFACE ( 'NONE', #6931, 1.500000000000084599, 0.7853981633974522758 ) ;
#7236 = EDGE_LOOP ( 'NONE', ( #5510, #6636, #4167 ) ) ;
#7237 = VECTOR ( 'NONE', #2998, 1000.000000000000000 ) ;
#7238 = DIRECTION ( 'NONE',  ( 1.000000000000000000, 0.000000000000000000, 0.000000000000000000 ) ) ;
#7239 = DIRECTION ( 'NONE',  ( -0.6245351022323885060, -0.3315959982864593036, -0.7071067811865380248 ) ) ;
#7240 = EDGE_CURVE ( 'NONE', #1452, #7375, #4736, .T. ) ;
#7241 = DIRECTION ( 'NONE',  ( 0.000000000000000000, 0.000000000000000000, 1.000000000000000000 ) ) ;
#7242 = CARTESIAN_POINT ( 'NONE',  ( -196.7000000000000171, -124.9999999999999574, 8.673617379884035472E-16 ) ) ;
#7243 = ORIENTED_EDGE ( 'NONE', *, *, #5499, .T. ) ;
#7244 = VECTOR ( 'NONE', #7334, 1000.000000000000000 ) ;
#7245 = CARTESIAN_POINT ( 'NONE',  ( 32.29722968529827654, -123.3417819437550520, 4.499999999999929834 ) ) ;
#7246 = EDGE_CURVE ( 'NONE', #7715, #3812, #719, .T. ) ;
#7247 = AXIS2_PLACEMENT_3D ( 'NONE', #8016, #200, #2314 ) ;
#7248 = DIRECTION ( 'NONE',  ( 1.000000000000000000, 0.000000000000000000, 0.000000000000000000 ) ) ;
#7249 = VECTOR ( 'NONE', #4513, 999.9999999999998863 ) ;
#7250 = ORIENTED_EDGE ( 'NONE', *, *, #1743, .T. ) ;
#7251 = AXIS2_PLACEMENT_3D ( 'NONE', #2310, #6546, #7283 ) ;
#7252 = VERTEX_POINT ( 'NONE', #4867 ) ;
#7253 = CARTESIAN_POINT ( 'NONE',  ( -50.00000000000000000, 90.00000000000000000, 4.499999999999929834 ) ) ;
#7254 = AXIS2_PLACEMENT_3D ( 'NONE', #3780, #280, #2942 ) ;
#7255 = CARTESIAN_POINT ( 'NONE',  ( 180.9394902502120033, -75.30951181692574892, 6.000000000000000000 ) ) ;
#7256 = VECTOR ( 'NONE', #4324, 1000.000000000000000 ) ;
#7257 = CARTESIAN_POINT ( 'NONE',  ( 180.9394902502119180, 104.6904881830743363, 2.000000000000000000 ) ) ;
#7258 = DIRECTION ( 'NONE',  ( 0.7071067811865414665, 0.000000000000000000, 0.7071067811865536790 ) ) ;
#7259 = VERTEX_POINT ( 'NONE', #8461 ) ;
#7260 = LINE ( 'NONE', #3845, #4354 ) ;
#7261 = PRODUCT_DEFINITION_SHAPE ( 'NONE', 'NONE',  #2276 ) ;
#7262 = AXIS2_PLACEMENT_3D ( 'NONE', #1224, #547, #3350 ) ;
#7263 = ORIENTED_EDGE ( 'NONE', *, *, #5597, .F. ) ;
#7264 = AXIS2_PLACEMENT_3D ( 'NONE', #3604, #116, #8521 ) ;
#7265 = VERTEX_POINT ( 'NONE', #1412 ) ;
#7266 = DIRECTION ( 'NONE',  ( 0.000000000000000000, 0.000000000000000000, 1.000000000000000000 ) ) ;
#7267 = DIRECTION ( 'NONE',  ( 0.000000000000000000, 0.000000000000000000, 1.000000000000000000 ) ) ;
#7268 = ORIENTED_EDGE ( 'NONE', *, *, #5496, .T. ) ;
#7269 = CIRCLE ( 'NONE', #6082, 10.00000000000000178 ) ;
#7270 = AXIS2_PLACEMENT_3D ( 'NONE', #169, #3622, #2967 ) ;
#7271 = CARTESIAN_POINT ( 'NONE',  ( -120.4155239213302053, -75.95289086143993984, 6.000000000000000000 ) ) ;
#7272 = CARTESIAN_POINT ( 'NONE',  ( 173.1577470838594479, 113.1577470838595332, 4.500000000000130562 ) ) ;
#7273 = CARTESIAN_POINT ( 'NONE',  ( 65.87851806928715348, 121.4711798940446670, 2.000000000000000000 ) ) ;
#7274 = ADVANCED_FACE ( 'NONE', ( #6302 ), #3529, .F. ) ;
#7275 = AXIS2_PLACEMENT_3D ( 'NONE', #2137, #7754, #3608 ) ;
#7276 = CARTESIAN_POINT ( 'NONE',  ( -5.500000000000000000, -124.9999999999999574, 6.000000000000000000 ) ) ;
#7277 = DIRECTION ( 'NONE',  ( 1.000000000000000000, 0.000000000000000000, 0.000000000000000000 ) ) ;
#7278 = AXIS2_PLACEMENT_3D ( 'NONE', #6253, #7772, #9058 ) ;
#7279 = DIRECTION ( 'NONE',  ( 0.000000000000000000, 0.000000000000000000, 1.000000000000000000 ) ) ;
#7280 = CARTESIAN_POINT ( 'NONE',  ( 150.0000000000001137, -89.99999999999998579, 2.000000000000000000 ) ) ;
#7281 = ORIENTED_EDGE ( 'NONE', *, *, #5963, .F. ) ;
#7282 = AXIS2_PLACEMENT_3D ( 'NONE', #4884, #5715, #3598 ) ;
#7283 = DIRECTION ( 'NONE',  ( 1.000000000000000000, -2.775557561562888827E-14, 0.000000000000000000 ) ) ;
#7284 = EDGE_CURVE ( 'NONE', #3837, #5233, #324, .T. ) ;
#7285 = ORIENTED_EDGE ( 'NONE', *, *, #8027, .F. ) ;
#7286 = AXIS2_PLACEMENT_3D ( 'NONE', #2787, #619, #3377 ) ;
#7287 = DIRECTION ( 'NONE',  ( -0.000000000000000000, -0.000000000000000000, -1.000000000000000000 ) ) ;
#7288 = EDGE_CURVE ( 'NONE', #7732, #2285, #8363, .T. ) ;
#7289 = CARTESIAN_POINT ( 'NONE',  ( 81.59380834829030960, -34.66662096138771432, 6.000000000000000000 ) ) ;
#7290 = CARTESIAN_POINT ( 'NONE',  ( 32.29722968529827654, -123.3417819437550520, 2.000000000000000000 ) ) ;
#7291 = DIRECTION ( 'NONE',  ( -0.3032917901662064986, -0.6387598062008758015, 0.7071067811865456854 ) ) ;
#7292 = EDGE_LOOP ( 'NONE', ( #5536, #5460, #8276, #2974 ) ) ;
#7293 = DIRECTION ( 'NONE',  ( -0.000000000000000000, 0.000000000000000000, 1.000000000000000000 ) ) ;
#7294 = DIRECTION ( 'NONE',  ( 0.000000000000000000, -0.000000000000000000, -1.000000000000000000 ) ) ;
#7295 = AXIS2_PLACEMENT_3D ( 'NONE', #4229, #4916, #7067 ) ;
#7296 = ORIENTED_EDGE ( 'NONE', *, *, #2949, .F. ) ;
#7297 = ADVANCED_FACE ( 'NONE', ( #2792 ), #1355, .T. ) ;
#7298 = VECTOR ( 'NONE', #8722, 1000.000000000000000 ) ;
#7299 = ORIENTED_EDGE ( 'NONE', *, *, #8186, .F. ) ;
#7300 = ADVANCED_FACE ( 'NONE', ( #92 ), #5705, .F. ) ;
#7301 = FACE_OUTER_BOUND ( 'NONE', #2747, .T. ) ;
#7302 = EDGE_CURVE ( 'NONE', #8642, #2915, #8830, .T. ) ;
#7303 = DIRECTION ( 'NONE',  ( 1.000000000000000000, 0.000000000000000000, 0.000000000000000000 ) ) ;
#7304 = VECTOR ( 'NONE', #7651, 1000.000000000000000 ) ;
#7305 = CARTESIAN_POINT ( 'NONE',  ( 205.0000000000000000, 139.9999999999999716, 0.000000000000000000 ) ) ;
#7306 = ORIENTED_EDGE ( 'NONE', *, *, #3848, .T. ) ;
#7307 = ORIENTED_EDGE ( 'NONE', *, *, #3530, .T. ) ;
#7308 = CARTESIAN_POINT ( 'NONE',  ( 119.0605097497881530, 75.30951181692583418, 4.500000000000130562 ) ) ;
#7309 = AXIS2_PLACEMENT_3D ( 'NONE', #2959, #5217, #2318 ) ;
#7310 = ORIENTED_EDGE ( 'NONE', *, *, #2949, .T. ) ;
#7311 = CIRCLE ( 'NONE', #543, 11.50000000000002132 ) ;
#7312 = CARTESIAN_POINT ( 'NONE',  ( -194.5000000000000000, -124.9999999999999574, 6.000000000000000000 ) ) ;
#7313 = DIRECTION ( 'NONE',  ( -1.000000000000000000, 0.000000000000000000, 0.000000000000000000 ) ) ;
#7314 = VERTEX_POINT ( 'NONE', #84 ) ;
#7315 = VECTOR ( 'NONE', #14, 1000.000000000000114 ) ;
#7316 = CARTESIAN_POINT ( 'NONE',  ( -81.78191838608339026, 72.35388974366887282, 4.499999999999929834 ) ) ;
#7317 = LINE ( 'NONE', #5239, #891 ) ;
#7318 = DIRECTION ( 'NONE',  ( 1.000000000000000000, 0.000000000000000000, 0.000000000000000000 ) ) ;
#7319 = VECTOR ( 'NONE', #949, 1000.000000000000114 ) ;
#7320 = FACE_OUTER_BOUND ( 'NONE', #2623, .T. ) ;
#7321 = DIRECTION ( 'NONE',  ( 0.000000000000000000, 0.000000000000000000, 1.000000000000000000 ) ) ;
#7322 = DIRECTION ( 'NONE',  ( 1.000000000000000000, 0.000000000000000000, 0.000000000000000000 ) ) ;
#7323 = ORIENTED_EDGE ( 'NONE', *, *, #5293, .F. ) ;
#7324 = DIRECTION ( 'NONE',  ( 1.000000000000000000, 0.000000000000000000, 0.000000000000000000 ) ) ;
#7325 = ORIENTED_EDGE ( 'NONE', *, *, #5014, .F. ) ;
#7326 = ADVANCED_FACE ( 'NONE', ( #668 ), #7819, .T. ) ;
#7327 = DIRECTION ( 'NONE',  ( 1.000000000000000000, 1.060722634992187641E-15, 0.000000000000000000 ) ) ;
#7328 = EDGE_LOOP ( 'NONE', ( #6594, #8, #8202, #3932 ) ) ;
#7329 = DIRECTION ( 'NONE',  ( -1.000000000000000000, 0.000000000000000000, 0.000000000000000000 ) ) ;
#7330 = DIRECTION ( 'NONE',  ( 0.000000000000000000, 1.000000000000000000, -0.000000000000000000 ) ) ;
#7331 = FACE_OUTER_BOUND ( 'NONE', #1259, .T. ) ;
#7332 = DIRECTION ( 'NONE',  ( -0.000000000000000000, -0.000000000000000000, -1.000000000000000000 ) ) ;
#7333 = ORIENTED_EDGE ( 'NONE', *, *, #2969, .T. ) ;
#7334 = DIRECTION ( 'NONE',  ( 0.000000000000000000, 0.000000000000000000, 1.000000000000000000 ) ) ;
#7335 = CARTESIAN_POINT ( 'NONE',  ( -84.92551403682574573, 65.07448596317415479, 4.499999999999929834 ) ) ;
#7336 = ORIENTED_EDGE ( 'NONE', *, *, #2559, .F. ) ;
#7337 = ORIENTED_EDGE ( 'NONE', *, *, #7473, .T. ) ;
#7338 = DIRECTION ( 'NONE',  ( -0.000000000000000000, -0.000000000000000000, -1.000000000000000000 ) ) ;
#7339 = DIRECTION ( 'NONE',  ( -0.000000000000000000, -0.000000000000000000, -1.000000000000000000 ) ) ;
#7340 = DIRECTION ( 'NONE',  ( 0.000000000000000000, -0.000000000000000000, -1.000000000000000000 ) ) ;
#7341 = ORIENTED_EDGE ( 'NONE', *, *, #5563, .F. ) ;
#7342 = ORIENTED_EDGE ( 'NONE', *, *, #7018, .T. ) ;
#7343 = EDGE_CURVE ( 'NONE', #1250, #8041, #612, .T. ) ;
#7344 = CARTESIAN_POINT ( 'NONE',  ( -183.1577470838595048, 66.84225291614069420, 4.500000000000054179 ) ) ;
#7345 = ADVANCED_FACE ( 'NONE', ( #9098 ), #5754, .T. ) ;
#7346 = ORIENTED_EDGE ( 'NONE', *, *, #917, .T. ) ;
#7347 = DIRECTION ( 'NONE',  ( 0.000000000000000000, -0.000000000000000000, -1.000000000000000000 ) ) ;
#7348 = EDGE_LOOP ( 'NONE', ( #725, #6381, #1754, #8584 ) ) ;
#7349 = EDGE_CURVE ( 'NONE', #4539, #1304, #3108, .T. ) ;
#7350 = DIRECTION ( 'NONE',  ( -0.000000000000000000, -0.000000000000000000, -1.000000000000000000 ) ) ;
#7351 = CARTESIAN_POINT ( 'NONE',  ( -81.78191838608339026, 72.35388974366887282, 6.000000000000000000 ) ) ;
#7352 = PLANE ( 'NONE',  #4416 ) ;
#7353 = EDGE_CURVE ( 'NONE', #6439, #8700, #8995, .T. ) ;
#7354 = VECTOR ( 'NONE', #8282, 1000.000000000000000 ) ;
#7355 = CARTESIAN_POINT ( 'NONE',  ( -200.0000000000000000, 125.0000000000000568, 6.000000000000000000 ) ) ;
#7356 = CARTESIAN_POINT ( 'NONE',  ( 81.59380834829036644, -34.66662096138777827, 6.000000000000000000 ) ) ;
#7357 = DIRECTION ( 'NONE',  ( 0.000000000000000000, -0.000000000000000000, -1.000000000000000000 ) ) ;
#7358 = EDGE_LOOP ( 'NONE', ( #9056, #3799, #1595, #5056 ) ) ;
#7359 = ORIENTED_EDGE ( 'NONE', *, *, #6329, .T. ) ;
#7360 = CARTESIAN_POINT ( 'NONE',  ( -67.64611025633101349, 58.21808161391653158, 6.000000000000000000 ) ) ;
#7361 = ORIENTED_EDGE ( 'NONE', *, *, #3533, .F. ) ;
#7362 = DIRECTION ( 'NONE',  ( -0.000000000000000000, -0.000000000000000000, 1.000000000000000000 ) ) ;
#7363 = VECTOR ( 'NONE', #6596, 1000.000000000000000 ) ;
#7364 = CIRCLE ( 'NONE', #3986, 9.999999999999994671 ) ;
#7365 = CARTESIAN_POINT ( 'NONE',  ( 179.9244802719920244, 105.7949132570897888, 2.000000000000000000 ) ) ;
#7366 = CARTESIAN_POINT ( 'NONE',  ( -17.64611025633100283, -31.78191838608346842, 6.000000000000000000 ) ) ;
#7367 = AXIS2_PLACEMENT_3D ( 'NONE', #8468, #4973, #7779 ) ;
#7368 = DIRECTION ( 'NONE',  ( -1.000000000000000000, 0.000000000000000000, 0.000000000000000000 ) ) ;
#7369 = FACE_OUTER_BOUND ( 'NONE', #8081, .T. ) ;
#7370 = ORIENTED_EDGE ( 'NONE', *, *, #3336, .F. ) ;
#7371 = DIRECTION ( 'NONE',  ( 0.000000000000000000, -0.000000000000000000, -1.000000000000000000 ) ) ;
#7372 = CYLINDRICAL_SURFACE ( 'NONE', #2824, 10.00000000000000178 ) ;
#7373 = ORIENTED_EDGE ( 'NONE', *, *, #4941, .F. ) ;
#7374 = CIRCLE ( 'NONE', #3402, 36.75000000000005684 ) ;
#7375 = VERTEX_POINT ( 'NONE', #4957 ) ;
#7376 = DIRECTION ( 'NONE',  ( -0.000000000000000000, 0.000000000000000000, 1.000000000000000000 ) ) ;
#7377 = AXIS2_PLACEMENT_3D ( 'NONE', #1444, #7058, #2190 ) ;
#7378 = FACE_OUTER_BOUND ( 'NONE', #2516, .T. ) ;
#7379 = CARTESIAN_POINT ( 'NONE',  ( 13.30671901020796710, -116.6932809897921857, 4.499999999999929834 ) ) ;
#7380 = DIRECTION ( 'NONE',  ( -0.3185193702691030970, -0.6313045309225732149, 0.7071067811865502373 ) ) ;
#7381 = AXIS2_PLACEMENT_3D ( 'NONE', #5779, #7205, #5822 ) ;
#7382 = VERTEX_POINT ( 'NONE', #8356 ) ;
#7383 = CONICAL_SURFACE ( 'NONE', #6208, 39.25000000000009237, 0.7853981633974506105 ) ;
#7384 = LINE ( 'NONE', #5313, #1042 ) ;
#7385 = EDGE_LOOP ( 'NONE', ( #368, #8034, #4036, #7537 ) ) ;
#7386 = AXIS2_PLACEMENT_3D ( 'NONE', #3085, #4473, #3786 ) ;
#7387 = AXIS2_PLACEMENT_3D ( 'NONE', #7884, #5212, #7238 ) ;
#7388 = ORIENTED_EDGE ( 'NONE', *, *, #4665, .T. ) ;
#7389 = EDGE_CURVE ( 'NONE', #2296, #801, #1779, .T. ) ;
#7390 = ORIENTED_EDGE ( 'NONE', *, *, #8077, .T. ) ;
#7391 = CARTESIAN_POINT ( 'NONE',  ( -31.47117989404462435, -15.87851806928725118, 6.000000000000000000 ) ) ;
#7392 = VERTEX_POINT ( 'NONE', #8398 ) ;
#7393 = ADVANCED_FACE ( 'NONE', ( #2785 ), #4356, .F. ) ;
#7394 = ADVANCED_FACE ( 'NONE', ( #7767 ), #5595, .T. ) ;
#7395 = EDGE_LOOP ( 'NONE', ( #6634, #8949, #6577, #2687, #6655 ) ) ;
#7396 = DIRECTION ( 'NONE',  ( -0.000000000000000000, -0.000000000000000000, -1.000000000000000000 ) ) ;
#7397 = CARTESIAN_POINT ( 'NONE',  ( -180.9394902502119180, 75.30951181692596208, 4.500000000000054179 ) ) ;
#7398 = AXIS2_PLACEMENT_3D ( 'NONE', #1102, #6856, #2525 ) ;
#7399 = AXIS2_PLACEMENT_3D ( 'NONE', #8910, #6050, #6103 ) ;
#7400 = DIRECTION ( 'NONE',  ( -0.000000000000000000, -0.000000000000000000, 1.000000000000000000 ) ) ;
#7401 = AXIS2_PLACEMENT_3D ( 'NONE', #3870, #5335, #1838 ) ;
#7402 = ORIENTED_EDGE ( 'NONE', *, *, #6481, .F. ) ;
#7403 = EDGE_CURVE ( 'NONE', #8458, #2204, #7374, .T. ) ;
#7404 = CIRCLE ( 'NONE', #8725, 34.25000000000001421 ) ;
#7405 = DIRECTION ( 'NONE',  ( 1.000000000000000000, -2.715219353702806287E-15, 0.000000000000000000 ) ) ;
#7406 = AXIS2_PLACEMENT_3D ( 'NONE', #4680, #3890, #429 ) ;
#7407 = EDGE_CURVE ( 'NONE', #6060, #1012, #6043, .T. ) ;
#7408 = DIRECTION ( 'NONE',  ( -1.000000000000000000, 0.000000000000000000, 0.000000000000000000 ) ) ;
#7409 = ADVANCED_FACE ( 'NONE', ( #5042 ), #7959, .F. ) ;
#7410 = DIRECTION ( 'NONE',  ( -1.000000000000000000, 0.000000000000000000, 0.000000000000000000 ) ) ;
#7411 = ORIENTED_EDGE ( 'NONE', *, *, #8472, .T. ) ;
#7412 = ORIENTED_EDGE ( 'NONE', *, *, #5480, .F. ) ;
#7413 = CARTESIAN_POINT ( 'NONE',  ( -173.1577470838595048, 66.84225291614069420, 4.500000000000054179 ) ) ;
#7414 = LINE ( 'NONE', #4005, #5472 ) ;
#7415 = AXIS2_PLACEMENT_3D ( 'NONE', #6037, #5187, #8250 ) ;
#7416 = AXIS2_PLACEMENT_3D ( 'NONE', #919, #6683, #8791 ) ;
#7417 = AXIS2_PLACEMENT_3D ( 'NONE', #3950, #6106, #5417 ) ;
#7418 = DIRECTION ( 'NONE',  ( 0.000000000000000000, -0.000000000000000000, -1.000000000000000000 ) ) ;
#7419 = CARTESIAN_POINT ( 'NONE',  ( -180.9394902502118896, 75.30951181692597629, 6.000000000000000000 ) ) ;
#7420 = CIRCLE ( 'NONE', #7416, 36.75000000000005684 ) ;
#7421 = DIRECTION ( 'NONE',  ( -1.000000000000000000, 0.000000000000000000, 0.000000000000000000 ) ) ;
#7422 = DIRECTION ( 'NONE',  ( -1.000000000000000000, 0.000000000000000000, 0.000000000000000000 ) ) ;
#7423 = ORIENTED_EDGE ( 'NONE', *, *, #3947, .F. ) ;
#7424 = DIRECTION ( 'NONE',  ( 1.000000000000000000, 0.000000000000000000, 0.000000000000000000 ) ) ;
#7425 = CARTESIAN_POINT ( 'NONE',  ( 82.75000000000001421, 90.00000000000000000, 2.000000000000000000 ) ) ;
#7426 = ORIENTED_EDGE ( 'NONE', *, *, #4776, .T. ) ;
#7427 = VECTOR ( 'NONE', #7639, 1000.000000000000000 ) ;
#7428 = ORIENTED_EDGE ( 'NONE', *, *, #3914, .F. ) ;
#7429 = CARTESIAN_POINT ( 'NONE',  ( 30.51288365201865460, -123.6266200955274286, 4.499999999999929834 ) ) ;
#7430 = VECTOR ( 'NONE', #5277, 999.9999999999998863 ) ;
#7431 = LINE ( 'NONE', #3275, #2547 ) ;
#7432 = DIRECTION ( 'NONE',  ( 0.000000000000000000, -0.000000000000000000, -1.000000000000000000 ) ) ;
#7433 = CARTESIAN_POINT ( 'NONE',  ( 17.18962096152796093, 73.44580031074305282, 4.499999999999936051 ) ) ;
#7434 = ORIENTED_EDGE ( 'NONE', *, *, #1090, .F. ) ;
#7435 = AXIS2_PLACEMENT_3D ( 'NONE', #9100, #2830, #1407 ) ;
#7436 = CARTESIAN_POINT ( 'NONE',  ( 179.4394902502119180, 104.6904881830743363, 6.000000000000000000 ) ) ;
#7437 = EDGE_CURVE ( 'NONE', #6624, #172, #1448, .T. ) ;
#7438 = AXIS2_PLACEMENT_3D ( 'NONE', #476, #3280, #6094 ) ;
#7439 = VERTEX_POINT ( 'NONE', #4265 ) ;
#7440 = CIRCLE ( 'NONE', #1841, 11.49999999999996803 ) ;
#7441 = ORIENTED_EDGE ( 'NONE', *, *, #986, .T. ) ;
#7442 = FACE_OUTER_BOUND ( 'NONE', #5011, .T. ) ;
#7443 = EDGE_LOOP ( 'NONE', ( #8359, #5611, #5003 ) ) ;
#7444 = ORIENTED_EDGE ( 'NONE', *, *, #4321, .F. ) ;
#7445 = CIRCLE ( 'NONE', #4661, 1.500000000000001332 ) ;
#7446 = CARTESIAN_POINT ( 'NONE',  ( 119.0605097497882099, -104.6904881830741942, 4.499999999999929834 ) ) ;
#7447 = PLANE ( 'NONE',  #5456 ) ;
#7448 = CONICAL_SURFACE ( 'NONE', #6275, 9.999999999999994671, 0.7853981633974581600 ) ;
#7449 = CARTESIAN_POINT ( 'NONE',  ( -16.83337903861228213, -71.59380834828998275, 2.000000000000000000 ) ) ;
#7450 = ADVANCED_FACE ( 'NONE', ( #3523 ), #5462, .F. ) ;
#7451 = AXIS2_PLACEMENT_3D ( 'NONE', #6080, #5988, #8755 ) ;
#7452 = FACE_OUTER_BOUND ( 'NONE', #5107, .T. ) ;
#7453 = CONICAL_SURFACE ( 'NONE', #2593, 1.500000000000084599, 0.7853981633974517207 ) ;
#7454 = CARTESIAN_POINT ( 'NONE',  ( -180.2499999999999432, -90.00000000000002842, 2.000000000000000000 ) ) ;
#7455 = ORIENTED_EDGE ( 'NONE', *, *, #3178, .T. ) ;
#7456 = ORIENTED_EDGE ( 'NONE', *, *, #2286, .T. ) ;
#7457 = LINE ( 'NONE', #4470, #5395 ) ;
#7458 = ADVANCED_FACE ( 'NONE', ( #7065 ), #1635, .F. ) ;
#7459 = AXIS2_PLACEMENT_3D ( 'NONE', #4670, #2485, #2622 ) ;
#7460 = EDGE_CURVE ( 'NONE', #4301, #2682, #9051, .T. ) ;
#7461 = CARTESIAN_POINT ( 'NONE',  ( -100.0000000000000000, 0.000000000000000000, 2.000000000000000000 ) ) ;
#7462 = ADVANCED_FACE ( 'NONE', ( #8499 ), #5000, .T. ) ;
#7463 = DIRECTION ( 'NONE',  ( 1.000000000000000000, 0.000000000000000000, 0.000000000000000000 ) ) ;
#7464 = LINE ( 'NONE', #1144, #945 ) ;
#7465 = CARTESIAN_POINT ( 'NONE',  ( 50.00000000000000000, 90.00000000000000000, 2.000000000000000000 ) ) ;
#7466 = FACE_OUTER_BOUND ( 'NONE', #1802, .T. ) ;
#7467 = ORIENTED_EDGE ( 'NONE', *, *, #3135, .F. ) ;
#7468 = ADVANCED_FACE ( 'NONE', ( #7301 ), #1184, .T. ) ;
#7469 = DIRECTION ( 'NONE',  ( 0.000000000000000000, -0.000000000000000000, -1.000000000000000000 ) ) ;
#7470 = CYLINDRICAL_SURFACE ( 'NONE', #8441, 1.500000000000001332 ) ;
#7471 = EDGE_LOOP ( 'NONE', ( #8347, #5412 ) ) ;
#7472 = EDGE_CURVE ( 'NONE', #6919, #5745, #1622, .T. ) ;
#7473 = EDGE_CURVE ( 'NONE', #7580, #3022, #8695, .T. ) ;
#7474 = DIRECTION ( 'NONE',  ( -0.000000000000000000, -0.000000000000000000, 1.000000000000000000 ) ) ;
#7475 = EDGE_LOOP ( 'NONE', ( #5365, #6403, #1426, #2772 ) ) ;
#7476 = CARTESIAN_POINT ( 'NONE',  ( -35.25000000000000000, 0.000000000000000000, 4.499999999999929834 ) ) ;
#7477 = DIRECTION ( 'NONE',  ( 1.000000000000000000, 9.251858538542962756E-15, 0.000000000000000000 ) ) ;
#7478 = DIRECTION ( 'NONE',  ( -1.000000000000000000, 0.000000000000000000, 0.000000000000000000 ) ) ;
#7479 = CARTESIAN_POINT ( 'NONE',  ( 179.9244802719920813, -74.20508674291025386, 4.499999999999929834 ) ) ;
#7480 = DIRECTION ( 'NONE',  ( -1.000000000000000000, 0.000000000000000000, 0.000000000000000000 ) ) ;
#7481 = VERTEX_POINT ( 'NONE', #1675 ) ;
#7482 = ORIENTED_EDGE ( 'NONE', *, *, #2813, .T. ) ;
#7483 = DIRECTION ( 'NONE',  ( 1.000000000000000000, 0.000000000000000000, 0.000000000000000000 ) ) ;
#7484 = ORIENTED_EDGE ( 'NONE', *, *, #761, .F. ) ;
#7485 = ORIENTED_EDGE ( 'NONE', *, *, #105, .T. ) ;
#7486 = DIRECTION ( 'NONE',  ( 1.000000000000000000, 0.000000000000000000, 0.000000000000000000 ) ) ;
#7487 = ORIENTED_EDGE ( 'NONE', *, *, #937, .T. ) ;
#7488 = ORIENTED_EDGE ( 'NONE', *, *, #1370, .F. ) ;
#7489 = CYLINDRICAL_SURFACE ( 'NONE', #7417, 10.00000000000000888 ) ;
#7490 = DIRECTION ( 'NONE',  ( -1.000000000000000000, 0.000000000000000000, 0.000000000000000000 ) ) ;
#7491 = DIRECTION ( 'NONE',  ( 0.7071067811865442421, 0.000000000000000000, 0.7071067811865507924 ) ) ;
#7492 = ORIENTED_EDGE ( 'NONE', *, *, #2790, .F. ) ;
#7493 = CARTESIAN_POINT ( 'NONE',  ( -66.55419968925680507, 57.18962096152788632, 4.499999999999929834 ) ) ;
#7494 = EDGE_LOOP ( 'NONE', ( #7615, #4127, #6914, #4836, #5637 ) ) ;
#7495 = LINE ( 'NONE', #3124, #350 ) ;
#7496 = ORIENTED_EDGE ( 'NONE', *, *, #8160, .T. ) ;
#7497 = EDGE_LOOP ( 'NONE', ( #4557, #9066, #6460, #5467 ) ) ;
#7498 = CARTESIAN_POINT ( 'NONE',  ( -15.33337903861228035, -71.59380834828998275, 4.500000000000033751 ) ) ;
#7499 = CARTESIAN_POINT ( 'NONE',  ( -34.92551403682574573, -24.92551403682584876, 6.000000000000000000 ) ) ;
#7500 = EDGE_CURVE ( 'NONE', #928, #2982, #2371, .T. ) ;
#7501 = CARTESIAN_POINT ( 'NONE',  ( -165.7949132570895472, -119.9244802719920671, 2.000000000000000000 ) ) ;
#7502 = CARTESIAN_POINT ( 'NONE',  ( -200.0000000000000000, -124.9999999999999574, 6.000000000000000000 ) ) ;
#7503 = FACE_OUTER_BOUND ( 'NONE', #1136, .T. ) ;
#7504 = EDGE_CURVE ( 'NONE', #9015, #5201, #5314, .T. ) ;
#7505 = CYLINDRICAL_SURFACE ( 'NONE', #3934, 10.00000000000000888 ) ;
#7506 = VERTEX_POINT ( 'NONE', #933 ) ;
#7507 = DIRECTION ( 'NONE',  ( 1.000000000000000000, 0.000000000000000000, 0.000000000000000000 ) ) ;
#7508 = CARTESIAN_POINT ( 'NONE',  ( 119.0605097497881530, 75.30951181692583418, 6.000000000000000000 ) ) ;
#7509 = ORIENTED_EDGE ( 'NONE', *, *, #4061, .F. ) ;
#7510 = AXIS2_PLACEMENT_3D ( 'NONE', #3951, #2647, #3992 ) ;
#7511 = EDGE_CURVE ( 'NONE', #1712, #7940, #5616, .T. ) ;
#7512 = DIRECTION ( 'NONE',  ( 1.000000000000000000, 0.000000000000000000, 0.000000000000000000 ) ) ;
#7513 = VERTEX_POINT ( 'NONE', #4438 ) ;
#7514 = DIRECTION ( 'NONE',  ( 0.000000000000000000, 0.000000000000000000, 1.000000000000000000 ) ) ;
#7515 = CARTESIAN_POINT ( 'NONE',  ( 3.081487911019577365E-30, 125.0000000000000568, 6.000000000000000000 ) ) ;
#7516 = DIRECTION ( 'NONE',  ( 1.000000000000000000, 0.000000000000000000, 0.000000000000000000 ) ) ;
#7517 = CYLINDRICAL_SURFACE ( 'NONE', #6997, 1.500000000000001332 ) ;
#7518 = EDGE_CURVE ( 'NONE', #3575, #6503, #8562, .T. ) ;
#7519 = DIRECTION ( 'NONE',  ( -0.000000000000000000, -0.000000000000000000, 1.000000000000000000 ) ) ;
#7520 = ORIENTED_EDGE ( 'NONE', *, *, #657, .F. ) ;
#7521 = LINE ( 'NONE', #3983, #901 ) ;
#7522 = EDGE_LOOP ( 'NONE', ( #6416, #3610, #6729, #8730 ) ) ;
#7523 = CIRCLE ( 'NONE', #7377, 1.500000000000001332 ) ;
#7524 = VERTEX_POINT ( 'NONE', #3755 ) ;
#7525 = CARTESIAN_POINT ( 'NONE',  ( 50.00000000000000000, 90.00000000000000000, 2.000000000000000000 ) ) ;
#7526 = AXIS2_PLACEMENT_3D ( 'NONE', #1239, #8293, #1152 ) ;
#7527 = ORIENTED_EDGE ( 'NONE', *, *, #4665, .F. ) ;
#7528 = ORIENTED_EDGE ( 'NONE', *, *, #6522, .T. ) ;
#7529 = DIRECTION ( 'NONE',  ( -0.000000000000000000, -0.000000000000000000, 1.000000000000000000 ) ) ;
#7530 = DIRECTION ( 'NONE',  ( 1.000000000000000000, 0.000000000000000000, 0.000000000000000000 ) ) ;
#7531 = AXIS2_PLACEMENT_3D ( 'NONE', #379, #6127, #1053 ) ;
#7532 = ORIENTED_EDGE ( 'NONE', *, *, #1657, .F. ) ;
#7533 = AXIS2_PLACEMENT_3D ( 'NONE', #186, #2989, #5801 ) ;
#7534 = CIRCLE ( 'NONE', #4754, 35.24999999999999289 ) ;
#7535 = DIRECTION ( 'NONE',  ( -0.000000000000000000, -0.000000000000000000, -1.000000000000000000 ) ) ;
#7536 = DIRECTION ( 'NONE',  ( -0.000000000000000000, -0.000000000000000000, -1.000000000000000000 ) ) ;
#7537 = ORIENTED_EDGE ( 'NONE', *, *, #1821, .T. ) ;
#7538 = VECTOR ( 'NONE', #4196, 1000.000000000000000 ) ;
#7539 = ORIENTED_EDGE ( 'NONE', *, *, #7627, .T. ) ;
#7540 = AXIS2_PLACEMENT_3D ( 'NONE', #7493, #5379, #408 ) ;
#7541 = DIRECTION ( 'NONE',  ( 0.000000000000000000, -0.000000000000000000, -1.000000000000000000 ) ) ;
#7542 = VECTOR ( 'NONE', #2569, 999.9999999999998863 ) ;
#7543 = ADVANCED_FACE ( 'NONE', ( #8716 ), #2674, .F. ) ;
#7544 = CIRCLE ( 'NONE', #7113, 35.25000000000000000 ) ;
#7545 = VECTOR ( 'NONE', #4228, 1000.000000000000000 ) ;
#7546 = FACE_OUTER_BOUND ( 'NONE', #8657, .T. ) ;
#7547 = FACE_OUTER_BOUND ( 'NONE', #5249, .T. ) ;
#7548 = DIRECTION ( 'NONE',  ( -0.000000000000000000, 0.000000000000000000, 1.000000000000000000 ) ) ;
#7549 = LINE ( 'NONE', #8288, #258 ) ;
#7550 = ORIENTED_EDGE ( 'NONE', *, *, #5097, .F. ) ;
#7551 = CIRCLE ( 'NONE', #2409, 35.24999999999999289 ) ;
#7552 = CIRCLE ( 'NONE', #2706, 3.299999999999997158 ) ;
#7553 = DIRECTION ( 'NONE',  ( 0.000000000000000000, 0.000000000000000000, 1.000000000000000000 ) ) ;
#7554 = EDGE_CURVE ( 'NONE', #1422, #6782, #4492, .T. ) ;
#7555 = FACE_OUTER_BOUND ( 'NONE', #4121, .T. ) ;
#7556 = ORIENTED_EDGE ( 'NONE', *, *, #2228, .T. ) ;
#7557 = EDGE_CURVE ( 'NONE', #2873, #6475, #1644, .T. ) ;
#7558 = FACE_OUTER_BOUND ( 'NONE', #2454, .T. ) ;
#7559 = VECTOR ( 'NONE', #7239, 1000.000000000000000 ) ;
#7560 = VERTEX_POINT ( 'NONE', #8764 ) ;
#7561 = DIRECTION ( 'NONE',  ( -0.000000000000000000, -0.000000000000000000, 1.000000000000000000 ) ) ;
#7562 = CARTESIAN_POINT ( 'NONE',  ( 83.62662009552745701, -70.51288365201838815, 2.000000000000000000 ) ) ;
#7563 = DIRECTION ( 'NONE',  ( 1.000000000000000000, 0.000000000000000000, 0.000000000000000000 ) ) ;
#7564 = DIRECTION ( 'NONE',  ( -1.000000000000000000, 0.000000000000000000, 0.000000000000000000 ) ) ;
#7565 = DIRECTION ( 'NONE',  ( 0.000000000000000000, -0.000000000000000000, -1.000000000000000000 ) ) ;
#7566 = VECTOR ( 'NONE', #8545, 1000.000000000000000 ) ;
#7567 = ORIENTED_EDGE ( 'NONE', *, *, #2215, .T. ) ;
#7568 = LINE ( 'NONE', #2499, #7234 ) ;
#7569 = EDGE_CURVE ( 'NONE', #5401, #6821, #6562, .T. ) ;
#7570 = ORIENTED_EDGE ( 'NONE', *, *, #2124, .F. ) ;
#7571 = ADVANCED_FACE ( 'NONE', ( #2965 ), #3412, .F. ) ;
#7572 = EDGE_LOOP ( 'NONE', ( #5290, #8820 ) ) ;
#7573 = ADVANCED_FACE ( 'NONE', ( #2280 ), #466, .F. ) ;
#7574 = EDGE_CURVE ( 'NONE', #5788, #1164, #5905, .T. ) ;
#7575 = ORIENTED_EDGE ( 'NONE', *, *, #5990, .F. ) ;
#7576 = VERTEX_POINT ( 'NONE', #3666 ) ;
#7577 = CARTESIAN_POINT ( 'NONE',  ( 200.0000000000000000, -124.9999999999999574, 6.000000000000000000 ) ) ;
#7578 = CIRCLE ( 'NONE', #386, 10.00000000000000178 ) ;
#7579 = CARTESIAN_POINT ( 'NONE',  ( 23.30671901020797065, -116.6932809897921857, 2.000000000000000000 ) ) ;
#7580 = VERTEX_POINT ( 'NONE', #6471 ) ;
#7581 = VERTEX_POINT ( 'NONE', #168 ) ;
#7582 = DIRECTION ( 'NONE',  ( 1.000000000000000000, 0.000000000000000000, 0.000000000000000000 ) ) ;
#7583 = DIRECTION ( 'NONE',  ( 0.000000000000000000, 0.000000000000000000, 1.000000000000000000 ) ) ;
#7584 = CONICAL_SURFACE ( 'NONE', #7873, 34.25000000000002842, 0.7853981633974391752 ) ;
#7585 = VERTEX_POINT ( 'NONE', #8591 ) ;
#7586 = VECTOR ( 'NONE', #8115, 1000.000000000000000 ) ;
#7587 = AXIS2_PLACEMENT_3D ( 'NONE', #3514, #2872, #1395 ) ;
#7588 = CARTESIAN_POINT ( 'NONE',  ( 50.00000000000007105, -89.99999999999995737, 6.000000000000000000 ) ) ;
#7589 = DIRECTION ( 'NONE',  ( 1.000000000000000000, 0.000000000000000000, 0.000000000000000000 ) ) ;
#7590 = ORIENTED_EDGE ( 'NONE', *, *, #875, .F. ) ;
#7591 = AXIS2_PLACEMENT_3D ( 'NONE', #6038, #1394, #1201 ) ;
#7592 = ORIENTED_EDGE ( 'NONE', *, *, #3283, .F. ) ;
#7593 = DIRECTION ( 'NONE',  ( -0.000000000000000000, -0.000000000000000000, -1.000000000000000000 ) ) ;
#7594 = DIRECTION ( 'NONE',  ( -0.000000000000000000, -0.000000000000000000, -1.000000000000000000 ) ) ;
#7595 = AXIS2_PLACEMENT_3D ( 'NONE', #3926, #3966, #8154 ) ;
#7596 = AXIS2_PLACEMENT_3D ( 'NONE', #2717, #554, #6130 ) ;
#7597 = CYLINDRICAL_SURFACE ( 'NONE', #1806, 1.500000000000001332 ) ;
#7598 = CONICAL_SURFACE ( 'NONE', #688, 1.500000000000029088, 0.7853981633974397303 ) ;
#7599 = DIRECTION ( 'NONE',  ( 0.000000000000000000, -0.000000000000000000, -1.000000000000000000 ) ) ;
#7600 = ADVANCED_FACE ( 'NONE', ( #1583 ), #7897, .T. ) ;
#7601 = DIRECTION ( 'NONE',  ( 0.000000000000000000, -0.000000000000000000, -1.000000000000000000 ) ) ;
#7602 = DIRECTION ( 'NONE',  ( -0.4784802923808695319, 0.5206309727658613440, -0.7071067811865408004 ) ) ;
#7603 = ORIENTED_EDGE ( 'NONE', *, *, #9022, .F. ) ;
#7604 = VECTOR ( 'NONE', #5250, 1000.000000000000000 ) ;
#7605 = CYLINDRICAL_SURFACE ( 'NONE', #194, 32.75000000000002842 ) ;
#7606 = CARTESIAN_POINT ( 'NONE',  ( -149.9999999999999432, 90.00000000000002842, 2.000000000000000000 ) ) ;
#7607 = ORIENTED_EDGE ( 'NONE', *, *, #8353, .F. ) ;
#7608 = DIRECTION ( 'NONE',  ( 1.000000000000000000, 0.000000000000000000, 0.000000000000000000 ) ) ;
#7609 = ORIENTED_EDGE ( 'NONE', *, *, #7284, .F. ) ;
#7610 = FACE_OUTER_BOUND ( 'NONE', #6015, .T. ) ;
#7611 = LINE ( 'NONE', #8249, #5215 ) ;
#7612 = CARTESIAN_POINT ( 'NONE',  ( -116.8422529161403816, 113.1577470838592916, 4.500000000000054179 ) ) ;
#7613 = DIRECTION ( 'NONE',  ( 0.000000000000000000, -0.000000000000000000, -1.000000000000000000 ) ) ;
#7614 = FACE_OUTER_BOUND ( 'NONE', #3410, .T. ) ;
#7615 = ORIENTED_EDGE ( 'NONE', *, *, #4039, .F. ) ;
#7616 = ORIENTED_EDGE ( 'NONE', *, *, #4022, .T. ) ;
#7617 = DIRECTION ( 'NONE',  ( -0.6245351022323867296, -0.3315959982864653544, 0.7071067811865368036 ) ) ;
#7618 = EDGE_LOOP ( 'NONE', ( #8305, #8954, #2932, #2574 ) ) ;
#7619 = ORIENTED_EDGE ( 'NONE', *, *, #8509, .F. ) ;
#7620 = DIRECTION ( 'NONE',  ( 1.000000000000000000, 0.000000000000000000, 0.000000000000000000 ) ) ;
#7621 = EDGE_CURVE ( 'NONE', #4775, #5995, #8999, .T. ) ;
#7622 = DIRECTION ( 'NONE',  ( 1.000000000000000000, 0.000000000000000000, 0.000000000000000000 ) ) ;
#7623 = ORIENTED_EDGE ( 'NONE', *, *, #7853, .T. ) ;
#7624 = ADVANCED_FACE ( 'NONE', ( #6869 ), #6648, .T. ) ;
#7625 = DIRECTION ( 'NONE',  ( -0.000000000000000000, 0.000000000000000000, 1.000000000000000000 ) ) ;
#7626 = CARTESIAN_POINT ( 'NONE',  ( 50.00000000000007105, -89.99999999999995737, 6.000000000000000000 ) ) ;
#7627 = EDGE_CURVE ( 'NONE', #2889, #5154, #6788, .T. ) ;
#7628 = EDGE_CURVE ( 'NONE', #7585, #6919, #8260, .T. ) ;
#7629 = ORIENTED_EDGE ( 'NONE', *, *, #4882, .F. ) ;
#7630 = DIRECTION ( 'NONE',  ( 0.000000000000000000, -0.000000000000000000, -1.000000000000000000 ) ) ;
#7631 = ADVANCED_FACE ( 'NONE', ( #5354 ), #428, .F. ) ;
#7632 = CARTESIAN_POINT ( 'NONE',  ( 82.81037903847210657, 106.5541996892569330, 6.000000000000000000 ) ) ;
#7633 = ORIENTED_EDGE ( 'NONE', *, *, #8789, .F. ) ;
#7634 = VERTEX_POINT ( 'NONE', #1244 ) ;
#7635 = DIRECTION ( 'NONE',  ( -1.000000000000000000, 0.000000000000000000, 0.000000000000000000 ) ) ;
#7636 = EDGE_CURVE ( 'NONE', #8967, #3008, #5492, .T. ) ;
#7637 = DIRECTION ( 'NONE',  ( -0.000000000000000000, -0.000000000000000000, 1.000000000000000000 ) ) ;
#7638 = DIRECTION ( 'NONE',  ( -1.000000000000000000, 0.000000000000000000, 0.000000000000000000 ) ) ;
#7639 = DIRECTION ( 'NONE',  ( 0.000000000000000000, 1.000000000000000000, -0.000000000000000000 ) ) ;
#7640 = DIRECTION ( 'NONE',  ( 0.000000000000000000, -0.000000000000000000, -1.000000000000000000 ) ) ;
#7641 = DIRECTION ( 'NONE',  ( -1.000000000000000000, 0.000000000000000000, 0.000000000000000000 ) ) ;
#7642 = ORIENTED_EDGE ( 'NONE', *, *, #4490, .F. ) ;
#7643 = CYLINDRICAL_SURFACE ( 'NONE', #4456, 32.75000000000002842 ) ;
#7644 = CARTESIAN_POINT ( 'NONE',  ( -215.0000000000000000, 0.000000000000000000, 6.000000000000000000 ) ) ;
#7645 = ORIENTED_EDGE ( 'NONE', *, *, #7857, .F. ) ;
#7646 = AXIS2_PLACEMENT_3D ( 'NONE', #1277, #2071, #1424 ) ;
#7647 = DIRECTION ( 'NONE',  ( 0.000000000000000000, -0.000000000000000000, -1.000000000000000000 ) ) ;
#7648 = ORIENTED_EDGE ( 'NONE', *, *, #4672, .F. ) ;
#7649 = FACE_OUTER_BOUND ( 'NONE', #3589, .T. ) ;
#7650 = CARTESIAN_POINT ( 'NONE',  ( -25.07448596317426492, 114.9255140368258594, 4.499999999999929834 ) ) ;
#7651 = DIRECTION ( 'NONE',  ( 0.7071067811865491270, 0.000000000000000000, 0.7071067811865459074 ) ) ;
#7652 = DIRECTION ( 'NONE',  ( -0.000000000000000000, 0.000000000000000000, 1.000000000000000000 ) ) ;
#7653 = EDGE_LOOP ( 'NONE', ( #2594, #6191, #5744 ) ) ;
#7654 = DIRECTION ( 'NONE',  ( -0.000000000000000000, -0.000000000000000000, 1.000000000000000000 ) ) ;
#7655 = CARTESIAN_POINT ( 'NONE',  ( 126.8422529161406231, 66.84225291614060893, 2.000000000000000000 ) ) ;
#7656 = ORIENTED_EDGE ( 'NONE', *, *, #7916, .F. ) ;
#7657 = CIRCLE ( 'NONE', #7367, 39.25000000000009237 ) ;
#7658 = EDGE_CURVE ( 'NONE', #818, #6507, #2519, .T. ) ;
#7659 = ORIENTED_EDGE ( 'NONE', *, *, #4208, .T. ) ;
#7660 = CARTESIAN_POINT ( 'NONE',  ( -32.81037903847204262, -16.55419968925691521, 2.000000000000000000 ) ) ;
#7661 = CIRCLE ( 'NONE', #3545, 10.00000000000000888 ) ;
#7662 = DIRECTION ( 'NONE',  ( -0.000000000000000000, -0.000000000000000000, 1.000000000000000000 ) ) ;
#7663 = DIRECTION ( 'NONE',  ( -1.000000000000000000, 0.000000000000000000, 0.000000000000000000 ) ) ;
#7664 = EDGE_LOOP ( 'NONE', ( #4982, #7307, #6981 ) ) ;
#7665 = AXIS2_PLACEMENT_3D ( 'NONE', #1490, #7338, #1756 ) ;
#7666 = DIRECTION ( 'NONE',  ( -1.000000000000000000, 0.000000000000000000, 0.000000000000000000 ) ) ;
#7667 = DIRECTION ( 'NONE',  ( -0.000000000000000000, -0.000000000000000000, -1.000000000000000000 ) ) ;
#7668 = ORIENTED_EDGE ( 'NONE', *, *, #758, .T. ) ;
#7669 = EDGE_CURVE ( 'NONE', #1118, #784, #8895, .T. ) ;
#7670 = AXIS2_PLACEMENT_3D ( 'NONE', #2629, #7561, #8299 ) ;
#7671 = AXIS2_PLACEMENT_3D ( 'NONE', #3931, #5992, #5436 ) ;
#7672 = ADVANCED_FACE ( 'NONE', ( #2590 ), #3975, .T. ) ;
#7673 = EDGE_CURVE ( 'NONE', #7803, #6893, #4305, .T. ) ;
#7674 = FACE_OUTER_BOUND ( 'NONE', #8310, .T. ) ;
#7675 = ORIENTED_EDGE ( 'NONE', *, *, #2107, .T. ) ;
#7676 = DIRECTION ( 'NONE',  ( -1.000000000000000000, 0.000000000000000000, 0.000000000000000000 ) ) ;
#7677 = ORIENTED_EDGE ( 'NONE', *, *, #1591, .F. ) ;
#7678 = VERTEX_POINT ( 'NONE', #7429 ) ;
#7679 = AXIS2_PLACEMENT_3D ( 'NONE', #3968, #8834, #1188 ) ;
#7680 = ORIENTED_EDGE ( 'NONE', *, *, #9105, .T. ) ;
#7681 = DIRECTION ( 'NONE',  ( 0.000000000000000000, -1.000000000000000000, 0.000000000000000000 ) ) ;
#7682 = AXIS2_PLACEMENT_3D ( 'NONE', #8620, #7833, #5852 ) ;
#7683 = AXIS2_PLACEMENT_3D ( 'NONE', #6907, #7647, #3973 ) ;
#7684 = CARTESIAN_POINT ( 'NONE',  ( 200.0000000000000000, 125.0000000000000568, 8.673617379884035472E-16 ) ) ;
#7685 = ADVANCED_FACE ( 'NONE', ( #3197 ), #2822, .T. ) ;
#7686 = CIRCLE ( 'NONE', #1506, 10.00000000000000888 ) ;
#7687 = EDGE_CURVE ( 'NONE', #1075, #3447, #616, .T. ) ;
#7688 = ORIENTED_EDGE ( 'NONE', *, *, #8697, .T. ) ;
#7689 = ADVANCED_FACE ( 'NONE', ( #8802 ), #7235, .T. ) ;
#7690 = AXIS2_PLACEMENT_3D ( 'NONE', #7034, #1271, #6257 ) ;
#7691 = DIRECTION ( 'NONE',  ( 0.000000000000000000, -0.000000000000000000, -1.000000000000000000 ) ) ;
#7692 = AXIS2_PLACEMENT_3D ( 'NONE', #5613, #5109, #2801 ) ;
#7693 = DIRECTION ( 'NONE',  ( -0.000000000000000000, 0.000000000000000000, 1.000000000000000000 ) ) ;
#7694 = CARTESIAN_POINT ( 'NONE',  ( -149.9999999999999432, -90.00000000000002842, 0.000000000000000000 ) ) ;
#7695 = CARTESIAN_POINT ( 'NONE',  ( 179.5844760786698657, -75.95289086143993984, 6.000000000000000000 ) ) ;
#7696 = ORIENTED_EDGE ( 'NONE', *, *, #4341, .F. ) ;
#7697 = CARTESIAN_POINT ( 'NONE',  ( 18.52882010595539342, 74.12148193071271862, 4.499999999999936051 ) ) ;
#7698 = AXIS2_PLACEMENT_3D ( 'NONE', #1176, #8737, #8876 ) ;
#7699 = CARTESIAN_POINT ( 'NONE',  ( -126.8422529161405663, -66.84225291614050946, 6.000000000000000000 ) ) ;
#7700 = AXIS2_PLACEMENT_3D ( 'NONE', #1730, #7347, #4546 ) ;
#7701 = LINE ( 'NONE', #7276, #4313 ) ;
#7702 = DIRECTION ( 'NONE',  ( 1.000000000000000000, 0.000000000000000000, 0.000000000000000000 ) ) ;
#7703 = AXIS2_PLACEMENT_3D ( 'NONE', #3235, #3419, #4027 ) ;
#7704 = DIRECTION ( 'NONE',  ( 1.000000000000000000, 0.000000000000000000, 0.000000000000000000 ) ) ;
#7705 = APPLICATION_PROTOCOL_DEFINITION ( 'draft international standard', 'automotive_design', 1998, #9065 ) ;
#7706 = CIRCLE ( 'NONE', #3738, 1.500000000000001332 ) ;
#7707 = VERTEX_POINT ( 'NONE', #1805 ) ;
#7708 = DIRECTION ( 'NONE',  ( -0.000000000000000000, -0.000000000000000000, 1.000000000000000000 ) ) ;
#7709 = DIRECTION ( 'NONE',  ( 0.000000000000000000, -0.000000000000000000, -1.000000000000000000 ) ) ;
#7710 = ORIENTED_EDGE ( 'NONE', *, *, #8753, .F. ) ;
#7711 = VERTEX_POINT ( 'NONE', #6771 ) ;
#7712 = CARTESIAN_POINT ( 'NONE',  ( -119.0605097497880536, -75.30951181692574892, 6.000000000000000000 ) ) ;
#7713 = DIRECTION ( 'NONE',  ( 1.000000000000000000, 0.000000000000000000, 0.000000000000000000 ) ) ;
#7714 = CONICAL_SURFACE ( 'NONE', #5799, 1.499999999999959588, 0.7853981633974416177 ) ;
#7715 = VERTEX_POINT ( 'NONE', #7476 ) ;
#7716 = CIRCLE ( 'NONE', #4187, 10.00000000000000178 ) ;
#7717 = ORIENTED_EDGE ( 'NONE', *, *, #5268, .F. ) ;
#7718 = DIRECTION ( 'NONE',  ( 1.000000000000000000, 0.000000000000000000, 0.000000000000000000 ) ) ;
#7719 = AXIS2_PLACEMENT_3D ( 'NONE', #6392, #7726, #2155 ) ;
#7720 = DIRECTION ( 'NONE',  ( 1.000000000000000000, 0.000000000000000000, 0.000000000000000000 ) ) ;
#7721 = DIRECTION ( 'NONE',  ( -0.3032917901662162130, -0.6387598062008738031, -0.7071067811865433539 ) ) ;
#7722 = ORIENTED_EDGE ( 'NONE', *, *, #6772, .T. ) ;
#7723 = EDGE_LOOP ( 'NONE', ( #7285, #3110, #2102, #4084 ) ) ;
#7724 = EDGE_CURVE ( 'NONE', #3378, #5311, #520, .T. ) ;
#7725 = CIRCLE ( 'NONE', #7140, 37.75000000000000000 ) ;
#7726 = DIRECTION ( 'NONE',  ( 0.000000000000000000, -0.000000000000000000, -1.000000000000000000 ) ) ;
#7727 = CARTESIAN_POINT ( 'NONE',  ( -164.6904881830743363, 59.06050974978818857, 2.000000000000000000 ) ) ;
#7728 = EDGE_LOOP ( 'NONE', ( #5944, #7213, #4437, #3069 ) ) ;
#7729 = AXIS2_PLACEMENT_3D ( 'NONE', #8655, #8007, #7322 ) ;
#7730 = DIRECTION ( 'NONE',  ( -0.000000000000000000, -0.000000000000000000, -1.000000000000000000 ) ) ;
#7731 = CARTESIAN_POINT ( 'NONE',  ( -15.87851806928712151, -31.47117989404468119, 4.499999999999929834 ) ) ;
#7732 = VERTEX_POINT ( 'NONE', #471 ) ;
#7733 = ORIENTED_EDGE ( 'NONE', *, *, #5315, .F. ) ;
#7734 = VERTEX_POINT ( 'NONE', #3273 ) ;
#7735 = CYLINDRICAL_SURFACE ( 'NONE', #344, 35.25000000000002842 ) ;
#7736 = VECTOR ( 'NONE', #1901, 1000.000000000000000 ) ;
#7737 = CARTESIAN_POINT ( 'NONE',  ( 3.299999999999999822, 125.0000000000000568, 4.000000000000000000 ) ) ;
#7738 = ADVANCED_FACE ( 'NONE', ( #6090 ), #1191, .F. ) ;
#7739 = VECTOR ( 'NONE', #3669, 1000.000000000000000 ) ;
#7740 = CIRCLE ( 'NONE', #7159, 1.500000000000001332 ) ;
#7741 = DIRECTION ( 'NONE',  ( 0.000000000000000000, -0.000000000000000000, -1.000000000000000000 ) ) ;
#7742 = CARTESIAN_POINT ( 'NONE',  ( -16.37337990447256786, -70.51288365201840236, 6.000000000000000000 ) ) ;
#7743 = EDGE_CURVE ( 'NONE', #3201, #5229, #3256, .T. ) ;
#7744 = DIRECTION ( 'NONE',  ( -0.000000000000000000, -0.000000000000000000, 1.000000000000000000 ) ) ;
#7745 = CARTESIAN_POINT ( 'NONE',  ( 164.6904881830742227, 120.9394902502120033, 4.500000000000130562 ) ) ;
#7746 = CIRCLE ( 'NONE', #8914, 32.75000000000000000 ) ;
#7747 = VERTEX_POINT ( 'NONE', #3325 ) ;
#7748 = DIRECTION ( 'NONE',  ( 1.000000000000000000, 0.000000000000000000, 0.000000000000000000 ) ) ;
#7749 = EDGE_CURVE ( 'NONE', #5256, #5010, #2678, .T. ) ;
#7750 = CYLINDRICAL_SURFACE ( 'NONE', #1646, 9.999999999999980460 ) ;
#7751 = CONICAL_SURFACE ( 'NONE', #1268, 35.25000000000000000, 0.7853981633974437271 ) ;
#7752 = AXIS2_PLACEMENT_3D ( 'NONE', #2375, #4508, #5875 ) ;
#7753 = CARTESIAN_POINT ( 'NONE',  ( -135.3095118169258058, -59.06050974978805357, 6.000000000000000000 ) ) ;
#7754 = DIRECTION ( 'NONE',  ( -0.000000000000000000, -0.000000000000000000, -1.000000000000000000 ) ) ;
#7755 = ADVANCED_FACE ( 'NONE', ( #7649 ), #8110, .F. ) ;
#7756 = AXIS2_PLACEMENT_3D ( 'NONE', #5017, #7825, #8564 ) ;
#7757 = ORIENTED_EDGE ( 'NONE', *, *, #4086, .T. ) ;
#7758 = CARTESIAN_POINT ( 'NONE',  ( -85.24999999999997158, -89.99999999999997158, 2.000000000000000000 ) ) ;
#7759 = CARTESIAN_POINT ( 'NONE',  ( 100.0000000000001137, 2.775557561562891351E-14, 6.000000000000000000 ) ) ;
#7760 = ORIENTED_EDGE ( 'NONE', *, *, #5040, .T. ) ;
#7761 = DIRECTION ( 'NONE',  ( 0.000000000000000000, 0.000000000000000000, 1.000000000000000000 ) ) ;
#7762 = EDGE_CURVE ( 'NONE', #7047, #4663, #8343, .T. ) ;
#7763 = AXIS2_PLACEMENT_3D ( 'NONE', #6415, #3163, #5142 ) ;
#7764 = CARTESIAN_POINT ( 'NONE',  ( 196.7000000000000171, 125.0000000000000568, 8.673617379884035472E-16 ) ) ;
#7765 = ORIENTED_EDGE ( 'NONE', *, *, #4405, .F. ) ;
#7766 = ORIENTED_EDGE ( 'NONE', *, *, #4303, .F. ) ;
#7767 = FACE_OUTER_BOUND ( 'NONE', #5383, .T. ) ;
#7768 = CARTESIAN_POINT ( 'NONE',  ( -76.69328098979205777, -116.6932809897921857, 6.000000000000000000 ) ) ;
#7769 = DIRECTION ( 'NONE',  ( -0.000000000000000000, -0.000000000000000000, -1.000000000000000000 ) ) ;
#7770 = ORIENTED_EDGE ( 'NONE', *, *, #3571, .T. ) ;
#7771 = VERTEX_POINT ( 'NONE', #6369 ) ;
#7772 = DIRECTION ( 'NONE',  ( 0.000000000000000000, -0.000000000000000000, -1.000000000000000000 ) ) ;
#7773 = DIRECTION ( 'NONE',  ( -1.000000000000000000, 0.000000000000000000, 0.000000000000000000 ) ) ;
#7774 = ORIENTED_EDGE ( 'NONE', *, *, #4533, .F. ) ;
#7775 = DIRECTION ( 'NONE',  ( -0.000000000000000000, 0.000000000000000000, 1.000000000000000000 ) ) ;
#7776 = LINE ( 'NONE', #946, #1221 ) ;
#7777 = ORIENTED_EDGE ( 'NONE', *, *, #197, .F. ) ;
#7778 = ORIENTED_EDGE ( 'NONE', *, *, #986, .F. ) ;
#7779 = DIRECTION ( 'NONE',  ( 1.000000000000000000, 0.000000000000000000, 0.000000000000000000 ) ) ;
#7780 = FACE_BOUND ( 'NONE', #4355, .T. ) ;
#7781 = DIRECTION ( 'NONE',  ( 0.7071067811865442421, 0.000000000000000000, 0.7071067811865507924 ) ) ;
#7782 = DIRECTION ( 'NONE',  ( -0.000000000000000000, -0.000000000000000000, -1.000000000000000000 ) ) ;
#7783 = DIRECTION ( 'NONE',  ( 1.000000000000000000, 0.000000000000000000, 0.000000000000000000 ) ) ;
#7784 = CARTESIAN_POINT ( 'NONE',  ( 33.44580031074323045, 57.18962096152787922, 2.000000000000000000 ) ) ;
#7785 = ORIENTED_EDGE ( 'NONE', *, *, #4494, .F. ) ;
#7786 = DIRECTION ( 'NONE',  ( -0.000000000000000000, 0.000000000000000000, 1.000000000000000000 ) ) ;
#7787 = DIRECTION ( 'NONE',  ( 0.000000000000000000, 0.000000000000000000, 1.000000000000000000 ) ) ;
#7788 = EDGE_CURVE ( 'NONE', #7581, #7634, #2971, .T. ) ;
#7789 = LINE ( 'NONE', #3470, #8569 ) ;
#7790 = ADVANCED_FACE ( 'NONE', ( #20 ), #903, .T. ) ;
#7791 = EDGE_CURVE ( 'NONE', #1443, #4853, #2379, .T. ) ;
#7792 = DIRECTION ( 'NONE',  ( 1.000000000000000000, 0.000000000000000000, 0.000000000000000000 ) ) ;
#7793 = DIRECTION ( 'NONE',  ( 0.000000000000000000, 0.000000000000000000, 1.000000000000000000 ) ) ;
#7794 = ORIENTED_EDGE ( 'NONE', *, *, #8872, .T. ) ;
#7795 = DIRECTION ( 'NONE',  ( 0.000000000000000000, 0.000000000000000000, -1.000000000000000000 ) ) ;
#7796 = DIRECTION ( 'NONE',  ( 1.000000000000000000, 0.000000000000000000, 0.000000000000000000 ) ) ;
#7797 = EDGE_LOOP ( 'NONE', ( #1871, #5282 ) ) ;
#7798 = FACE_OUTER_BOUND ( 'NONE', #5559, .T. ) ;
#7799 = CARTESIAN_POINT ( 'NONE',  ( -15.33337903861226614, -71.59380834828999696, 6.000000000000000000 ) ) ;
#7800 = VERTEX_POINT ( 'NONE', #5630 ) ;
#7801 = STYLED_ITEM ( 'NONE', ( #6164 ), #2477 ) ;
#7802 = ADVANCED_FACE ( 'NONE', ( #2042 ), #2250, .F. ) ;
#7803 = VERTEX_POINT ( 'NONE', #5722 ) ;
#7804 = CARTESIAN_POINT ( 'NONE',  ( 25.07448596317426137, 65.07448596317414058, 4.499999999999936051 ) ) ;
#7805 = EDGE_CURVE ( 'NONE', #6375, #857, #2773, .T. ) ;
#7806 = DIRECTION ( 'NONE',  ( 0.000000000000000000, 0.000000000000000000, 1.000000000000000000 ) ) ;
#7807 = CARTESIAN_POINT ( 'NONE',  ( 119.4871163479815408, 33.62662009552747833, 6.000000000000000000 ) ) ;
#7808 = ORIENTED_EDGE ( 'NONE', *, *, #5780, .F. ) ;
#7809 = ORIENTED_EDGE ( 'NONE', *, *, #4253, .T. ) ;
#7810 = DIRECTION ( 'NONE',  ( -0.000000000000000000, 0.000000000000000000, 1.000000000000000000 ) ) ;
#7811 = ORIENTED_EDGE ( 'NONE', *, *, #9093, .T. ) ;
#7812 = AXIS2_PLACEMENT_3D ( 'NONE', #4411, #5967, #3817 ) ;
#7813 = DIRECTION ( 'NONE',  ( -0.000000000000000000, -0.000000000000000000, -1.000000000000000000 ) ) ;
#7814 = DIRECTION ( 'NONE',  ( 1.000000000000000000, 0.000000000000000000, 0.000000000000000000 ) ) ;
#7815 = ORIENTED_EDGE ( 'NONE', *, *, #4975, .F. ) ;
#7816 = ORIENTED_EDGE ( 'NONE', *, *, #701, .T. ) ;
#7817 = CARTESIAN_POINT ( 'NONE',  ( -34.12148193071288915, 121.4711798940446812, 4.499999999999929834 ) ) ;
#7818 = CARTESIAN_POINT ( 'NONE',  ( -164.0471091385601312, 60.41552392133032612, 6.000000000000000000 ) ) ;
#7819 = CONICAL_SURFACE ( 'NONE', #5171, 1.500000000000056843, 0.7853981633974457255 ) ;
#7820 = VECTOR ( 'NONE', #1579, 999.9999999999998863 ) ;
#7821 = DIRECTION ( 'NONE',  ( -0.000000000000000000, -0.000000000000000000, 1.000000000000000000 ) ) ;
#7822 = DIRECTION ( 'NONE',  ( 0.000000000000000000, 0.000000000000000000, 1.000000000000000000 ) ) ;
#7823 = AXIS2_PLACEMENT_3D ( 'NONE', #1066, #3937, #8208 ) ;
#7824 = CIRCLE ( 'NONE', #7099, 1.500000000000001332 ) ;
#7825 = DIRECTION ( 'NONE',  ( 0.000000000000000000, 0.000000000000000000, 1.000000000000000000 ) ) ;
#7826 = ORIENTED_EDGE ( 'NONE', *, *, #2958, .F. ) ;
#7827 = EDGE_CURVE ( 'NONE', #5170, #307, #7789, .T. ) ;
#7828 = DIRECTION ( 'NONE',  ( 0.000000000000000000, -0.000000000000000000, -1.000000000000000000 ) ) ;
#7829 = AXIS2_PLACEMENT_3D ( 'NONE', #557, #1283, #2863 ) ;
#7830 = CARTESIAN_POINT ( 'NONE',  ( 80.51288365201870079, -33.62662009552742859, 2.000000000000000000 ) ) ;
#7831 = AXIS2_PLACEMENT_3D ( 'NONE', #3468, #8985, #7512 ) ;
#7832 = ORIENTED_EDGE ( 'NONE', *, *, #2180, .T. ) ;
#7833 = DIRECTION ( 'NONE',  ( -0.000000000000000000, 0.000000000000000000, 1.000000000000000000 ) ) ;
#7834 = LINE ( 'NONE', #1526, #3155 ) ;
#7835 =( LENGTH_UNIT ( ) NAMED_UNIT ( * ) SI_UNIT ( .MILLI., .METRE. ) );
#7836 = ORIENTED_EDGE ( 'NONE', *, *, #3075, .T. ) ;
#7837 = FACE_OUTER_BOUND ( 'NONE', #6205, .T. ) ;
#7838 = CARTESIAN_POINT ( 'NONE',  ( -83.62662009552731490, -109.4871163479815266, 4.500000000000033751 ) ) ;
#7839 = EDGE_LOOP ( 'NONE', ( #7909, #7337 ) ) ;
#7840 = AXIS2_PLACEMENT_3D ( 'NONE', #1983, #1278, #6897 ) ;
#7841 = ADVANCED_FACE ( 'NONE', ( #4946 ), #8423, .F. ) ;
#7842 = CIRCLE ( 'NONE', #3873, 35.25000000000000000 ) ;
#7843 = DIRECTION ( 'NONE',  ( 1.000000000000000000, 4.457099733896612202E-15, 0.000000000000000000 ) ) ;
#7844 = CIRCLE ( 'NONE', #5336, 11.50000000000005151 ) ;
#7845 = DIRECTION ( 'NONE',  ( -0.3032917901662091076, -0.6387598062008640332, 0.7071067811865551223 ) ) ;
#7846 = EDGE_LOOP ( 'NONE', ( #6929, #7057, #4214 ) ) ;
#7847 = VECTOR ( 'NONE', #3303, 1000.000000000000000 ) ;
#7848 = CIRCLE ( 'NONE', #7399, 34.24999999999989342 ) ;
#7849 = ORIENTED_EDGE ( 'NONE', *, *, #6607, .T. ) ;
#7850 = DIRECTION ( 'NONE',  ( -1.000000000000000000, 0.000000000000000000, 0.000000000000000000 ) ) ;
#7851 = FACE_BOUND ( 'NONE', #5442, .T. ) ;
#7852 = DIRECTION ( 'NONE',  ( 0.000000000000000000, -0.000000000000000000, -1.000000000000000000 ) ) ;
#7853 = EDGE_CURVE ( 'NONE', #6475, #2873, #8710, .T. ) ;
#7854 = ORIENTED_EDGE ( 'NONE', *, *, #5963, .T. ) ;
#7855 = EDGE_LOOP ( 'NONE', ( #7766, #3448, #2298, #1640 ) ) ;
#7856 = ORIENTED_EDGE ( 'NONE', *, *, #3118, .F. ) ;
#7857 = EDGE_CURVE ( 'NONE', #6791, #4857, #8386, .T. ) ;
#7858 = FACE_OUTER_BOUND ( 'NONE', #2534, .T. ) ;
#7859 = AXIS2_PLACEMENT_3D ( 'NONE', #681, #47, #7676 ) ;
#7860 = VECTOR ( 'NONE', #7339, 1000.000000000000000 ) ;
#7861 = ADVANCED_FACE ( 'NONE', ( #119 ), #5683, .T. ) ;
#7862 = ADVANCED_FACE ( 'NONE', ( #737 ), #4008, .F. ) ;
#7863 = ORIENTED_EDGE ( 'NONE', *, *, #2297, .T. ) ;
#7864 = CONICAL_SURFACE ( 'NONE', #4047, 1.500000000000029088, 0.7853981633974360665 ) ;
#7865 = CONICAL_SURFACE ( 'NONE', #1229, 1.499999999999973577, 0.7853981633974580490 ) ;
#7866 = DIRECTION ( 'NONE',  ( -0.000000000000000000, -0.000000000000000000, 1.000000000000000000 ) ) ;
#7867 = FACE_OUTER_BOUND ( 'NONE', #7038, .T. ) ;
#7868 = ORIENTED_EDGE ( 'NONE', *, *, #862, .T. ) ;
#7869 = DIRECTION ( 'NONE',  ( 1.000000000000000000, 4.625929269271481378E-15, 0.000000000000000000 ) ) ;
#7870 = DIRECTION ( 'NONE',  ( -0.000000000000000000, -0.000000000000000000, -1.000000000000000000 ) ) ;
#7871 = EDGE_CURVE ( 'NONE', #6146, #561, #1390, .T. ) ;
#7872 = CONICAL_SURFACE ( 'NONE', #3014, 1.500000000000056843, 0.7853981633974442822 ) ;
#7873 = AXIS2_PLACEMENT_3D ( 'NONE', #6983, #7031, #4919 ) ;
#7874 = CARTESIAN_POINT ( 'NONE',  ( 134.6666209613877925, 18.40619165170996041, 4.499999999999922728 ) ) ;
#7875 = DIRECTION ( 'NONE',  ( 1.000000000000000000, 0.000000000000000000, 0.000000000000000000 ) ) ;
#7876 = CARTESIAN_POINT ( 'NONE',  ( -67.70277031470175189, -123.3417819437550520, 2.000000000000000000 ) ) ;
#7877 = AXIS2_PLACEMENT_3D ( 'NONE', #1782, #8049, #2384 ) ;
#7878 = FACE_OUTER_BOUND ( 'NONE', #978, .T. ) ;
#7879 = DIRECTION ( 'NONE',  ( 1.000000000000000000, 0.000000000000000000, 0.000000000000000000 ) ) ;
#7880 = AXIS2_PLACEMENT_3D ( 'NONE', #6525, #5830, #8073 ) ;
#7881 = DIRECTION ( 'NONE',  ( 1.000000000000000000, 0.000000000000000000, 0.000000000000000000 ) ) ;
#7882 = AXIS2_PLACEMENT_3D ( 'NONE', #2746, #5507, #3487 ) ;
#7883 = EDGE_CURVE ( 'NONE', #8404, #8715, #1950, .T. ) ;
#7884 = CARTESIAN_POINT ( 'NONE',  ( -200.0000000000000000, 125.0000000000000568, 8.673617379884035472E-16 ) ) ;
#7885 = CIRCLE ( 'NONE', #2581, 11.50000000000001066 ) ;
#7886 = CARTESIAN_POINT ( 'NONE',  ( -31.47117989404461724, -15.87851806928724763, 4.499999999999929834 ) ) ;
#7887 = ORIENTED_EDGE ( 'NONE', *, *, #6614, .F. ) ;
#7888 = FACE_BOUND ( 'NONE', #7936, .T. ) ;
#7889 = DIRECTION ( 'NONE',  ( 0.000000000000000000, 0.000000000000000000, -1.000000000000000000 ) ) ;
#7890 = ORIENTED_EDGE ( 'NONE', *, *, #1939, .F. ) ;
#7891 = DIRECTION ( 'NONE',  ( 0.000000000000000000, -0.000000000000000000, -1.000000000000000000 ) ) ;
#7892 = DIRECTION ( 'NONE',  ( -0.000000000000000000, -0.000000000000000000, 1.000000000000000000 ) ) ;
#7893 = AXIS2_PLACEMENT_3D ( 'NONE', #1577, #8625, #4394 ) ;
#7894 = EDGE_CURVE ( 'NONE', #5573, #8188, #908, .T. ) ;
#7895 = AXIS2_PLACEMENT_3D ( 'NONE', #1985, #594, #5528 ) ;
#7896 = ORIENTED_EDGE ( 'NONE', *, *, #7143, .T. ) ;
#7897 = CYLINDRICAL_SURFACE ( 'NONE', #1340, 1.500000000000001332 ) ;
#7898 = FACE_BOUND ( 'NONE', #6991, .T. ) ;
#7899 = DIRECTION ( 'NONE',  ( 1.000000000000000000, 0.000000000000000000, 0.000000000000000000 ) ) ;
#7900 = ORIENTED_EDGE ( 'NONE', *, *, #952, .T. ) ;
#7901 = CIRCLE ( 'NONE', #5978, 35.25000000000000000 ) ;
#7902 = ORIENTED_EDGE ( 'NONE', *, *, #105, .F. ) ;
#7903 = FACE_OUTER_BOUND ( 'NONE', #6441, .T. ) ;
#7904 = ORIENTED_EDGE ( 'NONE', *, *, #7939, .F. ) ;
#7905 = EDGE_CURVE ( 'NONE', #5256, #6805, #8525, .T. ) ;
#7906 = CARTESIAN_POINT ( 'NONE',  ( -215.0000000000000000, -130.0000000000000000, 0.000000000000000000 ) ) ;
#7907 = CARTESIAN_POINT ( 'NONE',  ( -85.24999999999998579, 90.00000000000000000, 6.000000000000000000 ) ) ;
#7908 = ADVANCED_FACE ( 'NONE', ( #7610 ), #9039, .F. ) ;
#7909 = ORIENTED_EDGE ( 'NONE', *, *, #2608, .T. ) ;
#7910 = EDGE_LOOP ( 'NONE', ( #7717, #8395, #1065, #3140 ) ) ;
#7911 = DIRECTION ( 'NONE',  ( -0.000000000000000000, -0.000000000000000000, 1.000000000000000000 ) ) ;
#7912 = FACE_BOUND ( 'NONE', #269, .T. ) ;
#7913 = EDGE_CURVE ( 'NONE', #1288, #6390, #5184, .T. ) ;
#7914 = CARTESIAN_POINT ( 'NONE',  ( -149.9999999999999432, 90.00000000000002842, 6.000000000000000000 ) ) ;
#7915 = DIRECTION ( 'NONE',  ( 1.000000000000000000, 0.000000000000000000, 0.000000000000000000 ) ) ;
#7916 = EDGE_CURVE ( 'NONE', #8278, #2198, #773, .T. ) ;
#7917 = CARTESIAN_POINT ( 'NONE',  ( 133.1666209613877925, 18.40619165170996041, 4.499999999999922728 ) ) ;
#7918 = LINE ( 'NONE', #6361, #2457 ) ;
#7919 = ORIENTED_EDGE ( 'NONE', *, *, #5938, .T. ) ;
#7920 = CARTESIAN_POINT ( 'NONE',  ( -66.55419968925676244, 57.18962096152785080, 6.000000000000000000 ) ) ;
#7921 = DIRECTION ( 'NONE',  ( -0.000000000000000000, 0.000000000000000000, 1.000000000000000000 ) ) ;
#7922 = EDGE_LOOP ( 'NONE', ( #5079, #8008, #3431, #7336 ) ) ;
#7923 = FACE_OUTER_BOUND ( 'NONE', #6007, .T. ) ;
#7924 = DIRECTION ( 'NONE',  ( 0.5095527884571098287, -0.4902611097931268147, 0.7071067811865443531 ) ) ;
#7925 = DIRECTION ( 'NONE',  ( 1.000000000000000000, 0.000000000000000000, 0.000000000000000000 ) ) ;
#7926 = DIRECTION ( 'NONE',  ( -1.000000000000000000, 0.000000000000000000, 0.000000000000000000 ) ) ;
#7927 = EDGE_LOOP ( 'NONE', ( #8538, #4735, #7808, #150 ) ) ;
#7928 = LINE ( 'NONE', #7245, #8113 ) ;
#7929 = CARTESIAN_POINT ( 'NONE',  ( -32.75000000000002132, 0.000000000000000000, 2.000000000000000000 ) ) ;
#7930 = EDGE_LOOP ( 'NONE', ( #5518, #272, #2366, #7856 ) ) ;
#7931 = ORIENTED_EDGE ( 'NONE', *, *, #2191, .T. ) ;
#7932 = DIRECTION ( 'NONE',  ( -1.000000000000000000, 0.000000000000000000, 0.000000000000000000 ) ) ;
#7933 = CARTESIAN_POINT ( 'NONE',  ( 133.6266200955274996, 19.48711634798156922, 4.499999999999922728 ) ) ;
#7934 = DIRECTION ( 'NONE',  ( 0.000000000000000000, -0.000000000000000000, -1.000000000000000000 ) ) ;
#7935 = DIRECTION ( 'NONE',  ( 0.000000000000000000, 0.000000000000000000, 1.000000000000000000 ) ) ;
#7936 = EDGE_LOOP ( 'NONE', ( #8536, #3324 ) ) ;
#7937 = CARTESIAN_POINT ( 'NONE',  ( -31.47117989404462435, -15.87851806928725118, 4.499999999999929834 ) ) ;
#7938 = VECTOR ( 'NONE', #3116, 1000.000000000000000 ) ;
#7939 = EDGE_CURVE ( 'NONE', #7771, #5865, #1060, .T. ) ;
#7940 = VERTEX_POINT ( 'NONE', #3001 ) ;
#7941 = EDGE_LOOP ( 'NONE', ( #4832, #1292, #8986 ) ) ;
#7942 = DIRECTION ( 'NONE',  ( 1.000000000000000000, 0.000000000000000000, 0.000000000000000000 ) ) ;
#7943 = DIRECTION ( 'NONE',  ( -0.000000000000000000, -0.000000000000000000, -1.000000000000000000 ) ) ;
#7944 = ORIENTED_EDGE ( 'NONE', *, *, #8272, .F. ) ;
#7945 = ORIENTED_EDGE ( 'NONE', *, *, #218, .T. ) ;
#7946 = DIRECTION ( 'NONE',  ( -0.000000000000000000, -0.000000000000000000, -1.000000000000000000 ) ) ;
#7947 = CARTESIAN_POINT ( 'NONE',  ( 33.44580031074323045, 57.18962096152787922, 4.499999999999936051 ) ) ;
#7948 = EDGE_CURVE ( 'NONE', #7732, #4781, #6796, .T. ) ;
#7949 = LINE ( 'NONE', #1643, #6019 ) ;
#7950 = CIRCLE ( 'NONE', #3102, 3.299999999999997158 ) ;
#7951 = EDGE_CURVE ( 'NONE', #7506, #8728, #2352, .T. ) ;
#7952 = AXIS2_PLACEMENT_3D ( 'NONE', #7397, #5191, #3114 ) ;
#7953 = CYLINDRICAL_SURFACE ( 'NONE', #2675, 5.500000000000005329 ) ;
#7954 = CARTESIAN_POINT ( 'NONE',  ( -135.2499999999999716, 0.000000000000000000, 2.000000000000000000 ) ) ;
#7955 = DIRECTION ( 'NONE',  ( -0.000000000000000000, -0.000000000000000000, 1.000000000000000000 ) ) ;
#7956 = AXIS2_PLACEMENT_3D ( 'NONE', #1904, #8120, #4034 ) ;
#7957 = DIRECTION ( 'NONE',  ( 1.000000000000000000, 0.000000000000000000, 0.000000000000000000 ) ) ;
#7958 = ORIENTED_EDGE ( 'NONE', *, *, #7176, .T. ) ;
#7959 = CONICAL_SURFACE ( 'NONE', #8405, 32.75000000000002842, 0.7853981633974506105 ) ;
#7960 = EDGE_CURVE ( 'NONE', #5353, #4945, #1572, .T. ) ;
#7961 = LINE ( 'NONE', #6588, #1797 ) ;
#7962 = EDGE_CURVE ( 'NONE', #5394, #8511, #7968, .T. ) ;
#7963 = ADVANCED_FACE ( 'NONE', ( #7923 ), #4477, .F. ) ;
#7964 = AXIS2_PLACEMENT_3D ( 'NONE', #8709, #8022, #1714 ) ;
#7965 = VECTOR ( 'NONE', #1436, 1000.000000000000114 ) ;
#7966 = EDGE_LOOP ( 'NONE', ( #8366, #8633, #3771, #5141 ) ) ;
#7967 = AXIS2_PLACEMENT_3D ( 'NONE', #2864, #67, #2721 ) ;
#7968 = LINE ( 'NONE', #5120, #478 ) ;
#7969 = DIRECTION ( 'NONE',  ( 0.000000000000000000, 0.000000000000000000, 1.000000000000000000 ) ) ;
#7970 = CARTESIAN_POINT ( 'NONE',  ( 135.3095118169258626, 59.06050974978814594, 6.000000000000000000 ) ) ;
#7971 = CARTESIAN_POINT ( 'NONE',  ( -49.99999999999993605, -89.99999999999997158, 2.000000000000000000 ) ) ;
#7972 = ORIENTED_EDGE ( 'NONE', *, *, #6721, .F. ) ;
#7973 = CONICAL_SURFACE ( 'NONE', #8708, 10.00000000000000178, 0.7853981633974442822 ) ;
#7974 = DIRECTION ( 'NONE',  ( 1.000000000000000000, 0.000000000000000000, 0.000000000000000000 ) ) ;
#7975 = ORIENTED_EDGE ( 'NONE', *, *, #6496, .T. ) ;
#7976 = VECTOR ( 'NONE', #330, 1000.000000000000000 ) ;
#7977 = DIRECTION ( 'NONE',  ( -0.000000000000000000, -0.000000000000000000, 1.000000000000000000 ) ) ;
#7978 = CIRCLE ( 'NONE', #1205, 10.00000000000000178 ) ;
#7979 = ORIENTED_EDGE ( 'NONE', *, *, #3467, .T. ) ;
#7980 = AXIS2_PLACEMENT_3D ( 'NONE', #1048, #3130, #5935 ) ;
#7981 = ORIENTED_EDGE ( 'NONE', *, *, #591, .T. ) ;
#7982 = CARTESIAN_POINT ( 'NONE',  ( -74.92551403682574573, 65.07448596317415479, 4.499999999999929834 ) ) ;
#7983 = VECTOR ( 'NONE', #779, 1000.000000000000000 ) ;
#7984 = DIRECTION ( 'NONE',  ( 1.000000000000000000, 0.000000000000000000, 0.000000000000000000 ) ) ;
#7986 = DIRECTION ( 'NONE',  ( -0.000000000000000000, -0.000000000000000000, 1.000000000000000000 ) ) ;
#7985 = AXIS2_PLACEMENT_3D ( 'NONE', #1741, #414, #7324 ) ;
#7987 = ORIENTED_EDGE ( 'NONE', *, *, #108, .T. ) ;
#7988 = ORIENTED_EDGE ( 'NONE', *, *, #1425, .F. ) ;
#7989 = DIRECTION ( 'NONE',  ( -1.000000000000000000, 0.000000000000000000, 0.000000000000000000 ) ) ;
#7990 = AXIS2_PLACEMENT_3D ( 'NONE', #3213, #6752, #7408 ) ;
#7991 = ORIENTED_EDGE ( 'NONE', *, *, #5206, .F. ) ;
#7992 = AXIS2_PLACEMENT_3D ( 'NONE', #1521, #7921, #7881 ) ;
#7993 = ORIENTED_EDGE ( 'NONE', *, *, #4220, .T. ) ;
#7994 = DIRECTION ( 'NONE',  ( 1.000000000000000000, 0.000000000000000000, 0.000000000000000000 ) ) ;
#7995 = EDGE_CURVE ( 'NONE', #5555, #2467, #6653, .T. ) ;
#7996 = DIRECTION ( 'NONE',  ( 1.000000000000000000, 1.387778780781444413E-14, 0.000000000000000000 ) ) ;
#7997 = VERTEX_POINT ( 'NONE', #5890 ) ;
#7998 = VECTOR ( 'NONE', #4176, 1000.000000000000000 ) ;
#7999 = DIRECTION ( 'NONE',  ( -0.000000000000000000, -0.000000000000000000, 1.000000000000000000 ) ) ;
#8000 = FACE_BOUND ( 'NONE', #939, .T. ) ;
#8001 = CARTESIAN_POINT ( 'NONE',  ( -200.0000000000000000, -124.9999999999999574, 4.000000000000000000 ) ) ;
#8002 = VECTOR ( 'NONE', #3556, 1000.000000000000000 ) ;
#8003 = CIRCLE ( 'NONE', #2556, 1.500000000000001332 ) ;
#8004 = DIRECTION ( 'NONE',  ( 1.000000000000000000, 0.000000000000000000, 0.000000000000000000 ) ) ;
#8005 = DIRECTION ( 'NONE',  ( -0.000000000000000000, -0.000000000000000000, 1.000000000000000000 ) ) ;
#8006 = CIRCLE ( 'NONE', #5666, 1.499999999999999556 ) ;
#8007 = DIRECTION ( 'NONE',  ( -0.000000000000000000, -0.000000000000000000, 1.000000000000000000 ) ) ;
#8008 = ORIENTED_EDGE ( 'NONE', *, *, #5434, .T. ) ;
#8009 = CARTESIAN_POINT ( 'NONE',  ( -50.00000000000000000, 90.00000000000000000, 6.000000000000000000 ) ) ;
#8010 = EDGE_CURVE ( 'NONE', #2951, #316, #3424, .T. ) ;
#8011 = VERTEX_POINT ( 'NONE', #964 ) ;
#8012 = DIRECTION ( 'NONE',  ( 1.000000000000000000, 0.000000000000000000, 0.000000000000000000 ) ) ;
#8013 = ADVANCED_FACE ( 'NONE', ( #3741 ), #248, .T. ) ;
#8014 = AXIS2_PLACEMENT_3D ( 'NONE', #956, #3733, #3909 ) ;
#8015 = EDGE_LOOP ( 'NONE', ( #2339, #7172, #5160, #4520 ) ) ;
#8016 = CARTESIAN_POINT ( 'NONE',  ( -73.30671901020787118, 26.69328098979220343, 6.000000000000000000 ) ) ;
#8017 = CARTESIAN_POINT ( 'NONE',  ( 120.0755197280080324, 74.20508674291038176, 6.000000000000000000 ) ) ;
#8018 = CARTESIAN_POINT ( 'NONE',  ( 118.4061916517099320, 34.66662096138776405, 6.000000000000000000 ) ) ;
#8019 = EDGE_CURVE ( 'NONE', #4483, #307, #7152, .T. ) ;
#8020 = CARTESIAN_POINT ( 'NONE',  ( -120.4155239213300632, 104.0471091385598470, 4.500000000000054179 ) ) ;
#8021 = EDGE_LOOP ( 'NONE', ( #992, #1505, #1107, #4053 ) ) ;
#8022 = DIRECTION ( 'NONE',  ( -0.000000000000000000, -0.000000000000000000, 1.000000000000000000 ) ) ;
#8023 = CARTESIAN_POINT ( 'NONE',  ( 117.2500000000000995, -89.99999999999998579, 2.000000000000000000 ) ) ;
#8024 = AXIS2_PLACEMENT_3D ( 'NONE', #5093, #5863, #3624 ) ;
#8025 = EDGE_LOOP ( 'NONE', ( #1413, #7217 ) ) ;
#8026 = CONICAL_SURFACE ( 'NONE', #4367, 1.500000000000029088, 0.7853981633974360665 ) ;
#8027 = EDGE_CURVE ( 'NONE', #8404, #5592, #4343, .T. ) ;
#8028 = EDGE_LOOP ( 'NONE', ( #631, #1022, #4742, #2767 ) ) ;
#8029 = CARTESIAN_POINT ( 'NONE',  ( -50.00000000000000000, 90.00000000000000000, 4.499999999999929834 ) ) ;
#8030 = CARTESIAN_POINT ( 'NONE',  ( -15.33337903861228035, -71.59380834828998275, 6.000000000000000000 ) ) ;
#8031 = AXIS2_PLACEMENT_3D ( 'NONE', #7156, #5122, #842 ) ;
#8032 = DIRECTION ( 'NONE',  ( 0.000000000000000000, -0.000000000000000000, -1.000000000000000000 ) ) ;
#8033 = EDGE_CURVE ( 'NONE', #5865, #4118, #8702, .T. ) ;
#8034 = ORIENTED_EDGE ( 'NONE', *, *, #2368, .T. ) ;
#8035 = VERTEX_POINT ( 'NONE', #7196 ) ;
#8036 = CARTESIAN_POINT ( 'NONE',  ( -81.59380834829016749, 34.66662096138772142, 4.500000000000019540 ) ) ;
#8037 = ORIENTED_EDGE ( 'NONE', *, *, #1313, .F. ) ;
#8038 = AXIS2_PLACEMENT_3D ( 'NONE', #4617, #8705, #2402 ) ;
#8039 = AXIS2_PLACEMENT_3D ( 'NONE', #7745, #1379, #1236 ) ;
#8040 = DIRECTION ( 'NONE',  ( 0.000000000000000000, -0.000000000000000000, -1.000000000000000000 ) ) ;
#8041 = VERTEX_POINT ( 'NONE', #3136 ) ;
#8042 = ORIENTED_EDGE ( 'NONE', *, *, #4738, .F. ) ;
#8043 = VECTOR ( 'NONE', #282, 1000.000000000000000 ) ;
#8044 = CARTESIAN_POINT ( 'NONE',  ( -15.07448596317426492, 114.9255140368258594, 4.499999999999929834 ) ) ;
#8045 = DIRECTION ( 'NONE',  ( -0.000000000000000000, -0.000000000000000000, -1.000000000000000000 ) ) ;
#8046 = CARTESIAN_POINT ( 'NONE',  ( -15.33337903861228035, -71.59380834828998275, 6.000000000000000000 ) ) ;
#8047 = DIRECTION ( 'NONE',  ( -1.000000000000000000, 0.000000000000000000, 0.000000000000000000 ) ) ;
#8048 = LINE ( 'NONE', #5246, #3141 ) ;
#8049 = DIRECTION ( 'NONE',  ( 0.000000000000000000, -0.000000000000000000, -1.000000000000000000 ) ) ;
#8050 = ORIENTED_EDGE ( 'NONE', *, *, #976, .T. ) ;
#8051 = VERTEX_POINT ( 'NONE', #5939 ) ;
#8052 = DIRECTION ( 'NONE',  ( 0.000000000000000000, -0.000000000000000000, -1.000000000000000000 ) ) ;
#8053 = ORIENTED_EDGE ( 'NONE', *, *, #5489, .T. ) ;
#8054 = CARTESIAN_POINT ( 'NONE',  ( -49.99999999999993605, -89.99999999999997158, 6.000000000000000000 ) ) ;
#8055 = VERTEX_POINT ( 'NONE', #5025 ) ;
#8056 = DIRECTION ( 'NONE',  ( -0.000000000000000000, 0.000000000000000000, 1.000000000000000000 ) ) ;
#8057 = LINE ( 'NONE', #5985, #4489 ) ;
#8058 = CYLINDRICAL_SURFACE ( 'NONE', #970, 30.25000000000000000 ) ;
#8059 = DIRECTION ( 'NONE',  ( 0.000000000000000000, -0.000000000000000000, -1.000000000000000000 ) ) ;
#8060 = VERTEX_POINT ( 'NONE', #837 ) ;
#8061 = CARTESIAN_POINT ( 'NONE',  ( 5.500000000000000000, -124.9999999999999574, 6.000000000000000000 ) ) ;
#8062 = ADVANCED_FACE ( 'NONE', ( #5076 ), #1508, .T. ) ;
#8063 = CARTESIAN_POINT ( 'NONE',  ( -15.33337903861226614, -71.59380834828999696, 6.000000000000000000 ) ) ;
#8064 = EDGE_LOOP ( 'NONE', ( #4830, #7770, #7342, #1364, #2416 ) ) ;
#8065 = ADVANCED_FACE ( 'NONE', ( #2952 ), #5761, .F. ) ;
#8066 = ADVANCED_FACE ( 'NONE', ( #4058 ), #1204, .T. ) ;
#8067 = EDGE_LOOP ( 'NONE', ( #1672, #673, #1634, #6053 ) ) ;
#8068 = CARTESIAN_POINT ( 'NONE',  ( 0.000000000000000000, 0.000000000000000000, 2.000000000000000000 ) ) ;
#8069 = CARTESIAN_POINT ( 'NONE',  ( 13.30671901020796710, -116.6932809897921857, 6.000000000000000000 ) ) ;
#8070 = CARTESIAN_POINT ( 'NONE',  ( -65.33337903861234963, 18.40619165170996396, 6.000000000000000000 ) ) ;
#8071 = LINE ( 'NONE', #3940, #5087 ) ;
#8072 = ORIENTED_EDGE ( 'NONE', *, *, #5265, .F. ) ;
#8073 = DIRECTION ( 'NONE',  ( 1.000000000000000000, 0.000000000000000000, 0.000000000000000000 ) ) ;
#8074 = EDGE_CURVE ( 'NONE', #316, #2951, #2386, .T. ) ;
#8075 = ORIENTED_EDGE ( 'NONE', *, *, #4193, .F. ) ;
#8076 = EDGE_CURVE ( 'NONE', #5367, #2889, #8232, .T. ) ;
#8077 = EDGE_CURVE ( 'NONE', #6503, #503, #1348, .T. ) ;
#8078 = ORIENTED_EDGE ( 'NONE', *, *, #2645, .F. ) ;
#8079 = DIRECTION ( 'NONE',  ( 1.000000000000000000, 0.000000000000000000, 0.000000000000000000 ) ) ;
#8080 = ORIENTED_EDGE ( 'NONE', *, *, #53, .T. ) ;
#8081 = EDGE_LOOP ( 'NONE', ( #5124, #599, #4346, #412, #573 ) ) ;
#8082 = DIRECTION ( 'NONE',  ( -1.000000000000000000, 0.000000000000000000, 0.000000000000000000 ) ) ;
#8083 = CARTESIAN_POINT ( 'NONE',  ( 200.0000000000000000, -124.9999999999999574, 6.000000000000000000 ) ) ;
#8084 = DIRECTION ( 'NONE',  ( -0.000000000000000000, 0.000000000000000000, 1.000000000000000000 ) ) ;
#8085 = ORIENTED_EDGE ( 'NONE', *, *, #3850, .T. ) ;
#8086 = AXIS2_PLACEMENT_3D ( 'NONE', #7222, #902, #5842 ) ;
#8087 = FACE_OUTER_BOUND ( 'NONE', #4098, .T. ) ;
#8088 = DIRECTION ( 'NONE',  ( 0.000000000000000000, 0.000000000000000000, 1.000000000000000000 ) ) ;
#8089 = CARTESIAN_POINT ( 'NONE',  ( 31.59380834829032025, -124.6666209613877641, 6.000000000000000000 ) ) ;
#8090 = VERTEX_POINT ( 'NONE', #4749 ) ;
#8091 = ORIENTED_EDGE ( 'NONE', *, *, #6680, .F. ) ;
#8092 = CARTESIAN_POINT ( 'NONE',  ( -82.75000000000002842, 90.00000000000000000, 2.000000000000000000 ) ) ;
#8093 = AXIS2_PLACEMENT_3D ( 'NONE', #6173, #1110, #1935 ) ;
#8094 = FACE_OUTER_BOUND ( 'NONE', #2699, .T. ) ;
#8095 = VECTOR ( 'NONE', #8815, 1000.000000000000000 ) ;
#8096 = ORIENTED_EDGE ( 'NONE', *, *, #825, .F. ) ;
#8097 = VECTOR ( 'NONE', #7892, 1000.000000000000000 ) ;
#8098 = VECTOR ( 'NONE', #6110, 1000.000000000000000 ) ;
#8099 = DIRECTION ( 'NONE',  ( -0.000000000000000000, -0.000000000000000000, -1.000000000000000000 ) ) ;
#8100 = DIRECTION ( 'NONE',  ( 0.000000000000000000, 0.000000000000000000, 1.000000000000000000 ) ) ;
#8101 = AXIS2_PLACEMENT_3D ( 'NONE', #7032, #1455, #3492 ) ;
#8102 = ADVANCED_FACE ( 'NONE', ( #3922 ), #4159, .T. ) ;
#8103 = DIRECTION ( 'NONE',  ( 0.000000000000000000, -0.000000000000000000, -1.000000000000000000 ) ) ;
#8104 = DIRECTION ( 'NONE',  ( -1.000000000000000000, 0.000000000000000000, 0.000000000000000000 ) ) ;
#8105 = EDGE_LOOP ( 'NONE', ( #7121, #6924, #3760 ) ) ;
#8106 = LINE ( 'NONE', #6134, #4156 ) ;
#8107 = CIRCLE ( 'NONE', #4147, 37.75000000000000000 ) ;
#8108 = CYLINDRICAL_SURFACE ( 'NONE', #7671, 3.299999999999997158 ) ;
#8109 = ORIENTED_EDGE ( 'NONE', *, *, #2856, .F. ) ;
#8110 = CONICAL_SURFACE ( 'NONE', #8839, 34.25000000000002842, 0.7853981633974367327 ) ;
#8111 = ORIENTED_EDGE ( 'NONE', *, *, #4093, .T. ) ;
#8112 = DIRECTION ( 'NONE',  ( -1.000000000000000000, 0.000000000000000000, 0.000000000000000000 ) ) ;
#8113 = VECTOR ( 'NONE', #1618, 1000.000000000000114 ) ;
#8114 = DIRECTION ( 'NONE',  ( 0.7071067811865445751, 0.000000000000000000, 0.7071067811865504593 ) ) ;
#8115 = DIRECTION ( 'NONE',  ( -0.000000000000000000, -0.000000000000000000, -1.000000000000000000 ) ) ;
#8116 = DIRECTION ( 'NONE',  ( 1.000000000000000000, 0.000000000000000000, 0.000000000000000000 ) ) ;
#8117 = AXIS2_PLACEMENT_3D ( 'NONE', #4295, #5584, #4162 ) ;
#8118 = ORIENTED_EDGE ( 'NONE', *, *, #7437, .F. ) ;
#8119 = AXIS2_PLACEMENT_3D ( 'NONE', #3681, #4210, #7011 ) ;
#8120 = DIRECTION ( 'NONE',  ( -1.000000000000000000, 0.000000000000000000, 0.000000000000000000 ) ) ;
#8121 = ADVANCED_FACE ( 'NONE', ( #7546 ), #2253, .F. ) ;
#8122 = EDGE_LOOP ( 'NONE', ( #1957, #610, #3449, #8682 ) ) ;
#8123 = AXIS2_PLACEMENT_3D ( 'NONE', #1752, #7469, #2452 ) ;
#8124 = VECTOR ( 'NONE', #7730, 1000.000000000000000 ) ;
#8125 = EDGE_CURVE ( 'NONE', #5407, #3823, #2577, .T. ) ;
#8126 = DIRECTION ( 'NONE',  ( 0.5206309727658544606, -0.4784802923808581521, 0.7071067811865535679 ) ) ;
#8127 = EDGE_CURVE ( 'NONE', #3740, #2223, #1210, .T. ) ;
#8128 = VERTEX_POINT ( 'NONE', #6724 ) ;
#8129 = EDGE_LOOP ( 'NONE', ( #2186, #5531, #6117, #6174, #7219 ) ) ;
#8130 = CARTESIAN_POINT ( 'NONE',  ( 87.75000000000007105, -89.99999999999995737, 4.499999999999929834 ) ) ;
#8131 = FACE_OUTER_BOUND ( 'NONE', #2141, .T. ) ;
#8132 = ADVANCED_FACE ( 'NONE', ( #6167 ), #1842, .T. ) ;
#8133 = VECTOR ( 'NONE', #7781, 1000.000000000000114 ) ;
#8134 = AXIS2_PLACEMENT_3D ( 'NONE', #856, #3767, #3674 ) ;
#8135 = DIRECTION ( 'NONE',  ( -0.000000000000000000, -0.000000000000000000, 1.000000000000000000 ) ) ;
#8136 = CIRCLE ( 'NONE', #490, 10.00000000000000178 ) ;
#8137 = AXIS2_PLACEMENT_3D ( 'NONE', #4970, #4788, #8275 ) ;
#8138 = CARTESIAN_POINT ( 'NONE',  ( 66.55419968925681928, 122.8103790384720924, 6.000000000000000000 ) ) ;
#8139 = ADVANCED_FACE ( 'NONE', ( #1232 ), #8277, .F. ) ;
#8140 = CIRCLE ( 'NONE', #3288, 1.500000000000001332 ) ;
#8141 = CYLINDRICAL_SURFACE ( 'NONE', #7698, 1.500000000000001332 ) ;
#8142 = ORIENTED_EDGE ( 'NONE', *, *, #1822, .T. ) ;
#8143 = EDGE_LOOP ( 'NONE', ( #574, #8155 ) ) ;
#8144 = LINE ( 'NONE', #2349, #1719 ) ;
#8145 = EDGE_CURVE ( 'NONE', #3837, #3374, #3182, .T. ) ;
#8146 = CARTESIAN_POINT ( 'NONE',  ( -133.6266200955273860, -19.48711634798150527, 2.000000000000000000 ) ) ;
#8147 = VECTOR ( 'NONE', #630, 1000.000000000000114 ) ;
#8148 = AXIS2_PLACEMENT_3D ( 'NONE', #6232, #6870, #1998 ) ;
#8149 = CIRCLE ( 'NONE', #5221, 32.75000000000001421 ) ;
#8150 = DIRECTION ( 'NONE',  ( -0.000000000000000000, -0.000000000000000000, -1.000000000000000000 ) ) ;
#8151 = CYLINDRICAL_SURFACE ( 'NONE', #2712, 10.00000000000000888 ) ;
#8152 = AXIS2_PLACEMENT_3D ( 'NONE', #508, #8286, #2764 ) ;
#8153 = CARTESIAN_POINT ( 'NONE',  ( -134.6666209613876788, -18.40619165170991423, 6.000000000000000000 ) ) ;
#8154 = DIRECTION ( 'NONE',  ( 1.000000000000000000, 0.000000000000000000, 0.000000000000000000 ) ) ;
#8155 = ORIENTED_EDGE ( 'NONE', *, *, #2744, .T. ) ;
#8156 = DIRECTION ( 'NONE',  ( 0.000000000000000000, -0.000000000000000000, -1.000000000000000000 ) ) ;
#8157 = DIRECTION ( 'NONE',  ( -1.000000000000000000, 0.000000000000000000, 0.000000000000000000 ) ) ;
#8158 = ORIENTED_EDGE ( 'NONE', *, *, #1100, .F. ) ;
#8159 = ADVANCED_FACE ( 'NONE', ( #552 ), #6682, .F. ) ;
#8160 = EDGE_CURVE ( 'NONE', #8565, #6567, #2988, .T. ) ;
#8161 = AXIS2_PLACEMENT_3D ( 'NONE', #5115, #7227, #5848 ) ;
#8162 = ORIENTED_EDGE ( 'NONE', *, *, #4263, .F. ) ;
#8163 = DIRECTION ( 'NONE',  ( 0.000000000000000000, -0.000000000000000000, -1.000000000000000000 ) ) ;
#8164 = CARTESIAN_POINT ( 'NONE',  ( -119.4871163479814697, -33.62662009552742859, 4.500000000000019540 ) ) ;
#8165 = LINE ( 'NONE', #1246, #2861 ) ;
#8166 = DIRECTION ( 'NONE',  ( 1.000000000000000000, 0.000000000000000000, 0.000000000000000000 ) ) ;
#8167 = CYLINDRICAL_SURFACE ( 'NONE', #4800, 10.00000000000000888 ) ;
#8168 = ORIENTED_EDGE ( 'NONE', *, *, #1214, .F. ) ;
#8169 = EDGE_LOOP ( 'NONE', ( #1836, #7090, #8913, #8075 ) ) ;
#8170 = CIRCLE ( 'NONE', #3766, 11.50000000000005862 ) ;
#8171 = LINE ( 'NONE', #481, #1923 ) ;
#8172 = VECTOR ( 'NONE', #5133, 1000.000000000000000 ) ;
#8173 = ORIENTED_EDGE ( 'NONE', *, *, #42, .F. ) ;
#8174 = AXIS2_PLACEMENT_3D ( 'NONE', #6143, #7613, #8946 ) ;
#8175 = VERTEX_POINT ( 'NONE', #7365 ) ;
#8176 = DIRECTION ( 'NONE',  ( -0.000000000000000000, -0.000000000000000000, -1.000000000000000000 ) ) ;
#8177 = ORIENTED_EDGE ( 'NONE', *, *, #6830, .T. ) ;
#8178 = ORIENTED_EDGE ( 'NONE', *, *, #1441, .T. ) ;
#8179 = CIRCLE ( 'NONE', #1263, 10.00000000000000178 ) ;
#8180 = DIRECTION ( 'NONE',  ( 1.000000000000000000, 0.000000000000000000, 0.000000000000000000 ) ) ;
#8181 = DIRECTION ( 'NONE',  ( 1.000000000000000000, 0.000000000000000000, 0.000000000000000000 ) ) ;
#8182 = DIRECTION ( 'NONE',  ( -0.3185193702691032080, -0.6313045309225766566, -0.7071067811865471286 ) ) ;
#8183 = ORIENTED_EDGE ( 'NONE', *, *, #4414, .F. ) ;
#8184 = ADVANCED_FACE ( 'NONE', ( #3876 ), #8717, .F. ) ;
#8185 = CIRCLE ( 'NONE', #6719, 1.500000000000001332 ) ;
#8186 = EDGE_CURVE ( 'NONE', #7506, #8380, #1067, .T. ) ;
#8187 = DIRECTION ( 'NONE',  ( 0.000000000000000000, -0.000000000000000000, -1.000000000000000000 ) ) ;
#8188 = VERTEX_POINT ( 'NONE', #454 ) ;
#8189 = CIRCLE ( 'NONE', #835, 1.500000000000001332 ) ;
#8190 = FACE_OUTER_BOUND ( 'NONE', #7328, .T. ) ;
#8191 = ORIENTED_EDGE ( 'NONE', *, *, #6409, .T. ) ;
#8192 = VERTEX_POINT ( 'NONE', #7501 ) ;
#8193 = DIRECTION ( 'NONE',  ( 0.000000000000000000, -0.000000000000000000, -1.000000000000000000 ) ) ;
#8194 = VECTOR ( 'NONE', #1733, 1000.000000000000000 ) ;
#8195 = CYLINDRICAL_SURFACE ( 'NONE', #4015, 35.24999999999997868 ) ;
#8196 = ADVANCED_FACE ( 'NONE', ( #4615 ), #2482, .F. ) ;
#8197 = EDGE_CURVE ( 'NONE', #4256, #1584, #2395, .T. ) ;
#8198 = DIRECTION ( 'NONE',  ( -0.000000000000000000, -0.000000000000000000, -1.000000000000000000 ) ) ;
#8199 = FACE_OUTER_BOUND ( 'NONE', #1249, .T. ) ;
#8200 = CARTESIAN_POINT ( 'NONE',  ( 100.0000000000001137, 2.775557561562891351E-14, 4.499999999999922728 ) ) ;
#8201 = DIRECTION ( 'NONE',  ( -0.000000000000000000, -0.000000000000000000, 1.000000000000000000 ) ) ;
#8202 = ORIENTED_EDGE ( 'NONE', *, *, #7894, .F. ) ;
#8203 = CARTESIAN_POINT ( 'NONE',  ( 15.87851806928713572, 31.47117989404468119, 4.499999999999929834 ) ) ;
#8204 = CARTESIAN_POINT ( 'NONE',  ( -173.1577470838595048, 66.84225291614069420, 2.000000000000000000 ) ) ;
#8205 = ORIENTED_EDGE ( 'NONE', *, *, #3118, .T. ) ;
#8206 = DIRECTION ( 'NONE',  ( -0.000000000000000000, -0.000000000000000000, -1.000000000000000000 ) ) ;
#8207 = EDGE_LOOP ( 'NONE', ( #2562, #1769, #8142, #6197, #6935, #4928 ) ) ;
#8208 = DIRECTION ( 'NONE',  ( 1.000000000000000000, 1.387778780781444413E-14, 0.000000000000000000 ) ) ;
#8209 = CARTESIAN_POINT ( 'NONE',  ( 12.25000000000007283, -89.99999999999995737, 4.499999999999929834 ) ) ;
#8210 = CARTESIAN_POINT ( 'NONE',  ( 133.3417819437551373, 17.70277031470194018, 6.000000000000000000 ) ) ;
#8211 = DIRECTION ( 'NONE',  ( -0.000000000000000000, 0.000000000000000000, 1.000000000000000000 ) ) ;
#8212 = CARTESIAN_POINT ( 'NONE',  ( -65.87851806928712506, 58.52882010595531881, 4.499999999999929834 ) ) ;
#8213 = ORIENTED_EDGE ( 'NONE', *, *, #7951, .T. ) ;
#8214 = CARTESIAN_POINT ( 'NONE',  ( 173.1577470838595048, -66.84225291614049524, 2.000000000000000000 ) ) ;
#8215 = ORIENTED_EDGE ( 'NONE', *, *, #5778, .F. ) ;
#8216 = VERTEX_POINT ( 'NONE', #5526 ) ;
#8217 = CARTESIAN_POINT ( 'NONE',  ( -120.5605097497879399, 104.6904881830740379, 4.500000000000054179 ) ) ;
#8218 = ORIENTED_EDGE ( 'NONE', *, *, #1889, .T. ) ;
#8219 = ORIENTED_EDGE ( 'NONE', *, *, #53, .F. ) ;
#8220 = EDGE_CURVE ( 'NONE', #3378, #6639, #4172, .T. ) ;
#8221 = DIRECTION ( 'NONE',  ( 1.000000000000000000, 2.775557561562888827E-14, 0.000000000000000000 ) ) ;
#8222 = CARTESIAN_POINT ( 'NONE',  ( -81.59380834829016749, 34.66662096138772142, 6.000000000000000000 ) ) ;
#8223 = ORIENTED_EDGE ( 'NONE', *, *, #813, .F. ) ;
#8224 = DIRECTION ( 'NONE',  ( -1.000000000000000000, 0.000000000000000000, 0.000000000000000000 ) ) ;
#8225 = FACE_OUTER_BOUND ( 'NONE', #4064, .T. ) ;
#8226 = ORIENTED_EDGE ( 'NONE', *, *, #1371, .T. ) ;
#8227 = ADVANCED_FACE ( 'NONE', ( #6358 ), #60, .T. ) ;
#8228 = ORIENTED_EDGE ( 'NONE', *, *, #7504, .F. ) ;
#8229 = CARTESIAN_POINT ( 'NONE',  ( -134.6666209613876788, -18.40619165170991423, 4.500000000000019540 ) ) ;
#8230 = DIRECTION ( 'NONE',  ( -1.000000000000000000, 0.000000000000000000, 0.000000000000000000 ) ) ;
#8231 = ADVANCED_FACE ( 'NONE', ( #4149 ), #8578, .T. ) ;
#8232 = LINE ( 'NONE', #8883, #3127 ) ;
#8233 = EDGE_CURVE ( 'NONE', #4865, #1288, #9075, .T. ) ;
#8234 = DIRECTION ( 'NONE',  ( -0.000000000000000000, -0.000000000000000000, -1.000000000000000000 ) ) ;
#8235 = EDGE_CURVE ( 'NONE', #5910, #6146, #196, .T. ) ;
#8236 = DIRECTION ( 'NONE',  ( -0.000000000000000000, -0.000000000000000000, 1.000000000000000000 ) ) ;
#8237 = CARTESIAN_POINT ( 'NONE',  ( -196.7000000000000171, 125.0000000000000568, 4.000000000000000000 ) ) ;
#8238 = ORIENTED_EDGE ( 'NONE', *, *, #3459, .T. ) ;
#8239 = ADVANCED_FACE ( 'NONE', ( #5618 ), #7597, .T. ) ;
#8240 = CARTESIAN_POINT ( 'NONE',  ( 0.000000000000000000, 0.000000000000000000, 6.000000000000000000 ) ) ;
#8241 = EDGE_CURVE ( 'NONE', #8511, #1443, #6660, .T. ) ;
#8242 = DIRECTION ( 'NONE',  ( 0.000000000000000000, -0.000000000000000000, -1.000000000000000000 ) ) ;
#8243 = VERTEX_POINT ( 'NONE', #2072 ) ;
#8244 = CONICAL_SURFACE ( 'NONE', #8983, 1.500000000000058620, 0.7853981633974442822 ) ;
#8245 = AXIS2_PLACEMENT_3D ( 'NONE', #5374, #1306, #8181 ) ;
#8246 = DIRECTION ( 'NONE',  ( 1.000000000000000000, 0.000000000000000000, 0.000000000000000000 ) ) ;
#8247 = ORIENTED_EDGE ( 'NONE', *, *, #1473, .T. ) ;
#8248 = CARTESIAN_POINT ( 'NONE',  ( 126.6932809897922425, 26.69328098979224251, 2.000000000000000000 ) ) ;
#8249 = CARTESIAN_POINT ( 'NONE',  ( -5.500000000000000000, 125.0000000000000568, 6.000000000000000000 ) ) ;
#8250 = DIRECTION ( 'NONE',  ( -1.000000000000000000, 0.000000000000000000, 0.000000000000000000 ) ) ;
#8251 = LINE ( 'NONE', #6912, #6119 ) ;
#8252 = CARTESIAN_POINT ( 'NONE',  ( -31.78191838608340092, -17.64611025633112362, 4.499999999999929834 ) ) ;
#8253 = ORIENTED_EDGE ( 'NONE', *, *, #7403, .F. ) ;
#8254 = AXIS2_PLACEMENT_3D ( 'NONE', #8255, #1120, #6002 ) ;
#8255 = CARTESIAN_POINT ( 'NONE',  ( -149.9999999999999432, -90.00000000000002842, 0.000000000000000000 ) ) ;
#8256 = AXIS2_PLACEMENT_3D ( 'NONE', #6245, #2880, #8453 ) ;
#8257 = ORIENTED_EDGE ( 'NONE', *, *, #1610, .F. ) ;
#8258 = VECTOR ( 'NONE', #7761, 1000.000000000000000 ) ;
#8259 = EDGE_LOOP ( 'NONE', ( #4732, #5082, #889, #9082, #2649, #2960 ) ) ;
#8260 = CIRCLE ( 'NONE', #1050, 11.50000000000009415 ) ;
#8261 = CARTESIAN_POINT ( 'NONE',  ( 16.65821805624505814, -107.7027703147018940, 2.000000000000000000 ) ) ;
#8262 = CONICAL_SURFACE ( 'NONE', #4030, 1.500000000000056843, 0.7853981633974442822 ) ;
#8263 = CARTESIAN_POINT ( 'NONE',  ( -100.0000000000000000, 0.000000000000000000, 4.500000000000019540 ) ) ;
#8264 = EDGE_LOOP ( 'NONE', ( #4744, #1746, #2039, #5733, #4658 ) ) ;
#8265 = ORIENTED_EDGE ( 'NONE', *, *, #135, .F. ) ;
#8266 = ORIENTED_EDGE ( 'NONE', *, *, #2301, .T. ) ;
#8267 = DIRECTION ( 'NONE',  ( 0.000000000000000000, -0.000000000000000000, -1.000000000000000000 ) ) ;
#8268 = CARTESIAN_POINT ( 'NONE',  ( -164.6904881830741090, -120.9394902502119464, 6.000000000000000000 ) ) ;
#8269 = AXIS2_PLACEMENT_3D ( 'NONE', #3046, #7828, #7147 ) ;
#8270 = AXIS2_PLACEMENT_3D ( 'NONE', #3607, #6963, #2912 ) ;
#8271 = VERTEX_POINT ( 'NONE', #3400 ) ;
#8272 = EDGE_CURVE ( 'NONE', #794, #3008, #6955, .T. ) ;
#8273 = AXIS2_PLACEMENT_3D ( 'NONE', #6675, #374, #3177 ) ;
#8274 = DIRECTION ( 'NONE',  ( 0.5206309727658605668, -0.4784802923808595954, -0.7071067811865481278 ) ) ;
#8275 = DIRECTION ( 'NONE',  ( 1.000000000000000000, 0.000000000000000000, 0.000000000000000000 ) ) ;
#8276 = ORIENTED_EDGE ( 'NONE', *, *, #4018, .F. ) ;
#8277 = CONICAL_SURFACE ( 'NONE', #7398, 9.999999999999994671, 0.7853981633974529419 ) ;
#8278 = VERTEX_POINT ( 'NONE', #6214 ) ;
#8279 = AXIS2_PLACEMENT_3D ( 'NONE', #443, #3251, #6063 ) ;
#8280 = DIRECTION ( 'NONE',  ( 0.5095527884571066091, -0.4902611097931285356, -0.7071067811865454633 ) ) ;
#8281 = VECTOR ( 'NONE', #4191, 1000.000000000000000 ) ;
#8282 = DIRECTION ( 'NONE',  ( 0.000000000000000000, 0.000000000000000000, 1.000000000000000000 ) ) ;
#8283 = CONICAL_SURFACE ( 'NONE', #7990, 1.499999999999973577, 0.7853981633974580490 ) ;
#8284 = AXIS2_PLACEMENT_3D ( 'NONE', #7577, #1300, #5557 ) ;
#8285 = DIRECTION ( 'NONE',  ( -0.000000000000000000, -0.000000000000000000, -1.000000000000000000 ) ) ;
#8286 = DIRECTION ( 'NONE',  ( -0.000000000000000000, -0.000000000000000000, -1.000000000000000000 ) ) ;
#8287 = DIRECTION ( 'NONE',  ( 0.000000000000000000, 0.000000000000000000, 1.000000000000000000 ) ) ;
#8288 = CARTESIAN_POINT ( 'NONE',  ( 14.75000000000000000, 90.00000000000000000, 6.000000000000000000 ) ) ;
#8289 = ORIENTED_EDGE ( 'NONE', *, *, #3819, .F. ) ;
#8290 = AXIS2_PLACEMENT_3D ( 'NONE', #3031, #4325, #4454 ) ;
#8291 = CIRCLE ( 'NONE', #4183, 32.75000000000002132 ) ;
#8292 = DIRECTION ( 'NONE',  ( -0.000000000000000000, -0.000000000000000000, -1.000000000000000000 ) ) ;
#8293 = DIRECTION ( 'NONE',  ( 0.000000000000000000, -0.000000000000000000, -1.000000000000000000 ) ) ;
#8294 = ORIENTED_EDGE ( 'NONE', *, *, #8472, .F. ) ;
#8295 = ADVANCED_FACE ( 'NONE', ( #4838 ), #7087, .F. ) ;
#8296 = CARTESIAN_POINT ( 'NONE',  ( 120.4155239213302906, 75.95289086144002511, 4.500000000000130562 ) ) ;
#8297 = AXIS2_PLACEMENT_3D ( 'NONE', #7013, #6825, #6910 ) ;
#8298 = ORIENTED_EDGE ( 'NONE', *, *, #5499, .F. ) ;
#8299 = DIRECTION ( 'NONE',  ( 1.000000000000000000, 0.000000000000000000, 0.000000000000000000 ) ) ;
#8300 = EDGE_CURVE ( 'NONE', #2951, #6186, #4881, .T. ) ;
#8301 = DIRECTION ( 'NONE',  ( 1.000000000000000000, 0.000000000000000000, 0.000000000000000000 ) ) ;
#8302 = CARTESIAN_POINT ( 'NONE',  ( 17.18962096152790409, 73.44580031074302440, 6.000000000000000000 ) ) ;
#8303 = CARTESIAN_POINT ( 'NONE',  ( -126.8422529161403816, 113.1577470838592916, 4.500000000000054179 ) ) ;
#8304 = DIRECTION ( 'NONE',  ( 1.000000000000000000, 0.000000000000000000, 0.000000000000000000 ) ) ;
#8305 = ORIENTED_EDGE ( 'NONE', *, *, #5762, .F. ) ;
#8306 = DIRECTION ( 'NONE',  ( 1.000000000000000000, 0.000000000000000000, 0.000000000000000000 ) ) ;
#8307 = AXIS2_PLACEMENT_3D ( 'NONE', #418, #6022, #1008 ) ;
#8308 = VERTEX_POINT ( 'NONE', #6313 ) ;
#8309 = EDGE_CURVE ( 'NONE', #1410, #7560, #3581, .T. ) ;
#8310 = EDGE_LOOP ( 'NONE', ( #7455, #23, #6902, #1275 ) ) ;
#8311 = EDGE_CURVE ( 'NONE', #959, #567, #729, .T. ) ;
#8312 = CARTESIAN_POINT ( 'NONE',  ( -49.99999999999993605, -89.99999999999997158, 2.000000000000000000 ) ) ;
#8313 = AXIS2_PLACEMENT_3D ( 'NONE', #6314, #12, #4245 ) ;
#8314 = DIRECTION ( 'NONE',  ( -0.3315959982864507549, -0.6245351022323860635, 0.7071067811865440200 ) ) ;
#8315 = ORIENTED_EDGE ( 'NONE', *, *, #3521, .F. ) ;
#8316 = EDGE_LOOP ( 'NONE', ( #5261, #2199 ) ) ;
#8317 = DIRECTION ( 'NONE',  ( -0.000000000000000000, -0.000000000000000000, -1.000000000000000000 ) ) ;
#8318 = CARTESIAN_POINT ( 'NONE',  ( 0.000000000000000000, 0.000000000000000000, 2.000000000000000000 ) ) ;
#8319 = VERTEX_POINT ( 'NONE', #4103 ) ;
#8320 = CONICAL_SURFACE ( 'NONE', #527, 32.75000000000002842, 0.7853981633974506105 ) ;
#8321 = VECTOR ( 'NONE', #8767, 1000.000000000000114 ) ;
#8322 = DIRECTION ( 'NONE',  ( 1.000000000000000000, 0.000000000000000000, 0.000000000000000000 ) ) ;
#8323 = CYLINDRICAL_SURFACE ( 'NONE', #1666, 1.500000000000001332 ) ;
#8324 = VERTEX_POINT ( 'NONE', #5476 ) ;
#8325 = AXIS2_PLACEMENT_3D ( 'NONE', #2817, #5635, #9087 ) ;
#8326 = ORIENTED_EDGE ( 'NONE', *, *, #6276, .F. ) ;
#8327 = CARTESIAN_POINT ( 'NONE',  ( 100.0000000000001137, 2.775557561562891351E-14, 2.000000000000000000 ) ) ;
#8328 = CARTESIAN_POINT ( 'NONE',  ( -136.6932809897921572, -26.69328098979219632, 2.000000000000000000 ) ) ;
#8329 = AXIS2_PLACEMENT_3D ( 'NONE', #4258, #8389, #5500 ) ;
#8330 = CARTESIAN_POINT ( 'NONE',  ( 150.0000000000000568, 90.00000000000007105, 2.000000000000000000 ) ) ;
#8331 = CIRCLE ( 'NONE', #7451, 11.50000000000007994 ) ;
#8332 = FACE_OUTER_BOUND ( 'NONE', #7021, .T. ) ;
#8333 = DIRECTION ( 'NONE',  ( 1.000000000000000000, 0.000000000000000000, 0.000000000000000000 ) ) ;
#8334 = FACE_OUTER_BOUND ( 'NONE', #982, .T. ) ;
#8335 = ORIENTED_EDGE ( 'NONE', *, *, #2552, .F. ) ;
#8336 = CIRCLE ( 'NONE', #404, 10.00000000000000888 ) ;
#8337 = DIRECTION ( 'NONE',  ( 1.000000000000000000, 0.000000000000000000, 0.000000000000000000 ) ) ;
#8338 = ORIENTED_EDGE ( 'NONE', *, *, #2323, .F. ) ;
#8339 = CARTESIAN_POINT ( 'NONE',  ( -135.3095118169255500, 120.9394902502118043, 6.000000000000000000 ) ) ;
#8340 = ORIENTED_EDGE ( 'NONE', *, *, #1721, .F. ) ;
#8341 = CARTESIAN_POINT ( 'NONE',  ( 0.000000000000000000, 0.000000000000000000, 6.000000000000000000 ) ) ;
#8342 = ORIENTED_EDGE ( 'NONE', *, *, #1610, .T. ) ;
#8343 = LINE ( 'NONE', #7753, #7965 ) ;
#8344 = DIRECTION ( 'NONE',  ( 1.000000000000000000, 0.000000000000000000, 0.000000000000000000 ) ) ;
#8345 = CARTESIAN_POINT ( 'NONE',  ( -32.29722968529814864, -56.65821805624486274, 4.500000000000033751 ) ) ;
#8346 = CARTESIAN_POINT ( 'NONE',  ( 83.16662096138776405, -71.59380834828999696, 4.499999999999929834 ) ) ;
#8347 = ORIENTED_EDGE ( 'NONE', *, *, #8074, .T. ) ;
#8348 = ORIENTED_EDGE ( 'NONE', *, *, #2313, .T. ) ;
#8349 = EDGE_CURVE ( 'NONE', #6766, #5233, #1465, .T. ) ;
#8350 = CARTESIAN_POINT ( 'NONE',  ( 150.0000000000001137, -89.99999999999998579, 6.000000000000000000 ) ) ;
#8351 = DIRECTION ( 'NONE',  ( 1.000000000000000000, 0.000000000000000000, 0.000000000000000000 ) ) ;
#8352 = EDGE_CURVE ( 'NONE', #7940, #1712, #6066, .T. ) ;
#8353 = EDGE_CURVE ( 'NONE', #5745, #5401, #208, .T. ) ;
#8354 = ORIENTED_EDGE ( 'NONE', *, *, #6988, .F. ) ;
#8355 = ORIENTED_EDGE ( 'NONE', *, *, #1704, .F. ) ;
#8356 = CARTESIAN_POINT ( 'NONE',  ( -16.65821805624492669, -72.29722968529802074, 4.500000000000033751 ) ) ;
#8357 = DIRECTION ( 'NONE',  ( 0.000000000000000000, -0.000000000000000000, -1.000000000000000000 ) ) ;
#8358 = DIRECTION ( 'NONE',  ( 1.000000000000000000, 0.000000000000000000, 0.000000000000000000 ) ) ;
#8359 = ORIENTED_EDGE ( 'NONE', *, *, #6767, .F. ) ;
#8360 = VERTEX_POINT ( 'NONE', #2256 ) ;
#8361 = EDGE_CURVE ( 'NONE', #4585, #5030, #4903, .T. ) ;
#8362 = LINE ( 'NONE', #91, #7566 ) ;
#8363 = LINE ( 'NONE', #8505, #5023 ) ;
#8364 = EDGE_CURVE ( 'NONE', #3880, #3171, #5332, .T. ) ;
#8365 = ADVANCED_FACE ( 'NONE', ( #1514 ), #955, .F. ) ;
#8366 = ORIENTED_EDGE ( 'NONE', *, *, #3895, .F. ) ;
#8367 = DIRECTION ( 'NONE',  ( 1.000000000000000000, 0.000000000000000000, 0.000000000000000000 ) ) ;
#8368 = ORIENTED_EDGE ( 'NONE', *, *, #8411, .T. ) ;
#8369 = CARTESIAN_POINT ( 'NONE',  ( -205.0000000000000000, 129.9999999999999716, 6.000000000000000000 ) ) ;
#8370 = ORIENTED_EDGE ( 'NONE', *, *, #1939, .T. ) ;
#8371 = ORIENTED_EDGE ( 'NONE', *, *, #2462, .T. ) ;
#8372 = VERTEX_POINT ( 'NONE', #3732 ) ;
#8373 = FACE_OUTER_BOUND ( 'NONE', #5564, .T. ) ;
#8374 = ADVANCED_FACE ( 'NONE', ( #5750 ), #2904, .F. ) ;
#8375 = PLANE ( 'NONE',  #8676 ) ;
#8376 = CARTESIAN_POINT ( 'NONE',  ( 100.0000000000001137, 2.775557561562891351E-14, 4.499999999999922728 ) ) ;
#8377 = CARTESIAN_POINT ( 'NONE',  ( 16.65821805624505103, -107.7027703147018940, 4.499999999999929834 ) ) ;
#8378 = DIRECTION ( 'NONE',  ( 1.000000000000000000, 0.000000000000000000, 0.000000000000000000 ) ) ;
#8379 = CARTESIAN_POINT ( 'NONE',  ( 165.7949132570896893, 119.9244802719921097, 4.500000000000130562 ) ) ;
#8380 = VERTEX_POINT ( 'NONE', #6488 ) ;
#8381 = VECTOR ( 'NONE', #8514, 1000.000000000000000 ) ;
#8382 = FACE_OUTER_BOUND ( 'NONE', #8898, .T. ) ;
#8383 = DIRECTION ( 'NONE',  ( -1.000000000000000000, 0.000000000000000000, 0.000000000000000000 ) ) ;
#8384 = EDGE_CURVE ( 'NONE', #6339, #8051, #8428, .T. ) ;
#8385 = DIRECTION ( 'NONE',  ( 0.000000000000000000, 0.000000000000000000, 1.000000000000000000 ) ) ;
#8386 = LINE ( 'NONE', #4849, #2523 ) ;
#8387 = DIRECTION ( 'NONE',  ( 1.000000000000000000, 0.000000000000000000, 0.000000000000000000 ) ) ;
#8388 = LINE ( 'NONE', #4811, #1414 ) ;
#8389 = DIRECTION ( 'NONE',  ( 0.000000000000000000, 0.000000000000000000, 1.000000000000000000 ) ) ;
#8390 = ORIENTED_EDGE ( 'NONE', *, *, #3533, .T. ) ;
#8391 = EDGE_LOOP ( 'NONE', ( #3686, #4238, #207, #4845 ) ) ;
#8392 = CARTESIAN_POINT ( 'NONE',  ( 14.75000000000010303, -89.99999999999995737, 0.000000000000000000 ) ) ;
#8393 = VECTOR ( 'NONE', #2962, 1000.000000000000114 ) ;
#8394 = CARTESIAN_POINT ( 'NONE',  ( 83.34178194375510884, -72.29722968529803495, 4.499999999999929834 ) ) ;
#8395 = ORIENTED_EDGE ( 'NONE', *, *, #117, .T. ) ;
#8396 = AXIS2_PLACEMENT_3D ( 'NONE', #8268, #4734, #3344 ) ;
#8397 = ORIENTED_EDGE ( 'NONE', *, *, #7669, .F. ) ;
#8398 = CARTESIAN_POINT ( 'NONE',  ( -215.0000000000000000, 129.9999999999999716, 6.000000000000000000 ) ) ;
#8399 = CIRCLE ( 'NONE', #600, 1.500000000000001332 ) ;
#8400 = VECTOR ( 'NONE', #7617, 999.9999999999998863 ) ;
#8401 = DIRECTION ( 'NONE',  ( 0.000000000000000000, 0.000000000000000000, 1.000000000000000000 ) ) ;
#8402 = EDGE_CURVE ( 'NONE', #801, #2296, #487, .T. ) ;
#8403 = CARTESIAN_POINT ( 'NONE',  ( 126.8422529161406800, -113.1577470838594195, 6.000000000000000000 ) ) ;
#8404 = VERTEX_POINT ( 'NONE', #4333 ) ;
#8405 = AXIS2_PLACEMENT_3D ( 'NONE', #1404, #7026, #2148 ) ;
#8406 = VERTEX_POINT ( 'NONE', #3041 ) ;
#8407 = DIRECTION ( 'NONE',  ( 1.000000000000000000, 1.206764157201270554E-15, 0.000000000000000000 ) ) ;
#8408 = DIRECTION ( 'NONE',  ( -0.000000000000000000, -0.000000000000000000, -1.000000000000000000 ) ) ;
#8409 = ORIENTED_EDGE ( 'NONE', *, *, #1540, .F. ) ;
#8410 = CIRCLE ( 'NONE', #4439, 1.500000000000001332 ) ;
#8411 = EDGE_CURVE ( 'NONE', #1338, #4173, #2835, .T. ) ;
#8412 = VECTOR ( 'NONE', #4573, 1000.000000000000000 ) ;
#8413 = EDGE_CURVE ( 'NONE', #320, #4777, #7544, .T. ) ;
#8414 = VECTOR ( 'NONE', #2948, 1000.000000000000000 ) ;
#8415 = CARTESIAN_POINT ( 'NONE',  ( 200.0000000000000000, -124.9999999999999574, 4.000000000000000000 ) ) ;
#8416 = DIRECTION ( 'NONE',  ( 0.000000000000000000, -0.000000000000000000, 1.000000000000000000 ) ) ;
#8417 = EDGE_CURVE ( 'NONE', #4625, #2340, #7404, .T. ) ;
#8418 = ORIENTED_EDGE ( 'NONE', *, *, #6890, .F. ) ;
#8419 = VERTEX_POINT ( 'NONE', #7954 ) ;
#8420 = AXIS2_PLACEMENT_3D ( 'NONE', #1013, #5032, #7843 ) ;
#8421 = ORIENTED_EDGE ( 'NONE', *, *, #2725, .F. ) ;
#8422 = LINE ( 'NONE', #772, #6070 ) ;
#8423 = CONICAL_SURFACE ( 'NONE', #8117, 9.999999999999994671, 0.7853981633974518317 ) ;
#8424 = AXIS2_PLACEMENT_3D ( 'NONE', #7186, #5846, #8004 ) ;
#8425 = DIRECTION ( 'NONE',  ( 1.000000000000000000, 0.000000000000000000, 0.000000000000000000 ) ) ;
#8426 = VECTOR ( 'NONE', #912, 1000.000000000000000 ) ;
#8427 = EDGE_CURVE ( 'NONE', #709, #4119, #6526, .T. ) ;
#8428 = CIRCLE ( 'NONE', #5050, 30.25000000000001421 ) ;
#8429 = AXIS2_PLACEMENT_3D ( 'NONE', #8643, #2931, #3719 ) ;
#8430 = CARTESIAN_POINT ( 'NONE',  ( -135.3095118169255215, 120.9394902502118327, 6.000000000000000000 ) ) ;
#8432 = EDGE_CURVE ( 'NONE', #1461, #6439, #5198, .T. ) ;
#8431 = AXIS2_PLACEMENT_3D ( 'NONE', #6895, #4100, #2069 ) ;
#8433 = EDGE_CURVE ( 'NONE', #8963, #4483, #6666, .T. ) ;
#8434 = DIRECTION ( 'NONE',  ( -0.000000000000000000, -0.000000000000000000, 1.000000000000000000 ) ) ;
#8435 = FACE_OUTER_BOUND ( 'NONE', #6745, .T. ) ;
#8436 = CARTESIAN_POINT ( 'NONE',  ( -180.2499999999999716, 90.00000000000002842, 2.000000000000000000 ) ) ;
#8437 = ORIENTED_EDGE ( 'NONE', *, *, #8469, .T. ) ;
#8438 = CARTESIAN_POINT ( 'NONE',  ( -120.4155239213300632, 104.0471091385598470, 6.000000000000000000 ) ) ;
#8439 = AXIS2_PLACEMENT_3D ( 'NONE', #1362, #8465, #4188 ) ;
#8440 = DIRECTION ( 'NONE',  ( 1.000000000000000000, 0.000000000000000000, 0.000000000000000000 ) ) ;
#8441 = AXIS2_PLACEMENT_3D ( 'NONE', #7508, #6733, #8939 ) ;
#8442 = DIRECTION ( 'NONE',  ( 1.000000000000000000, 0.000000000000000000, 0.000000000000000000 ) ) ;
#8443 = CARTESIAN_POINT ( 'NONE',  ( -33.44580031074320914, 122.8103790384721634, 6.000000000000000000 ) ) ;
#8444 = EDGE_LOOP ( 'NONE', ( #6081, #7975, #4772, #2637, #1729 ) ) ;
#8445 = DIRECTION ( 'NONE',  ( 1.000000000000000000, 0.000000000000000000, 0.000000000000000000 ) ) ;
#8446 = DIRECTION ( 'NONE',  ( -0.000000000000000000, -0.000000000000000000, -1.000000000000000000 ) ) ;
#8447 = ORIENTED_EDGE ( 'NONE', *, *, #3351, .F. ) ;
#8448 = LINE ( 'NONE', #4953, #8258 ) ;
#8449 = DIRECTION ( 'NONE',  ( 1.000000000000000000, 0.000000000000000000, 0.000000000000000000 ) ) ;
#8450 = ORIENTED_EDGE ( 'NONE', *, *, #5352, .F. ) ;
#8451 = CIRCLE ( 'NONE', #8297, 9.999999999999994671 ) ;
#8452 = ORIENTED_EDGE ( 'NONE', *, *, #8640, .T. ) ;
#8453 = DIRECTION ( 'NONE',  ( -1.000000000000000000, 0.000000000000000000, 0.000000000000000000 ) ) ;
#8454 = CIRCLE ( 'NONE', #2133, 5.500000000000000000 ) ;
#8455 = LINE ( 'NONE', #4729, #639 ) ;
#8456 = FACE_OUTER_BOUND ( 'NONE', #4801, .T. ) ;
#8457 = ORIENTED_EDGE ( 'NONE', *, *, #4610, .F. ) ;
#8458 = VERTEX_POINT ( 'NONE', #5015 ) ;
#8459 = AXIS2_PLACEMENT_3D ( 'NONE', #2663, #6760, #1885 ) ;
#8460 = DIRECTION ( 'NONE',  ( 0.5147315776182804781, -0.4848210009916985030, -0.7071067811865501263 ) ) ;
#8461 = CARTESIAN_POINT ( 'NONE',  ( -164.0471091385599038, -119.5844760786698089, 2.000000000000000000 ) ) ;
#8462 = ORIENTED_EDGE ( 'NONE', *, *, #1322, .F. ) ;
#8463 = AXIS2_PLACEMENT_3D ( 'NONE', #2258, #62, #8476 ) ;
#8464 = DIRECTION ( 'NONE',  ( 1.000000000000000000, 0.000000000000000000, 0.000000000000000000 ) ) ;
#8465 = DIRECTION ( 'NONE',  ( 0.000000000000000000, -0.000000000000000000, -1.000000000000000000 ) ) ;
#8466 = EDGE_LOOP ( 'NONE', ( #2319, #8177 ) ) ;
#8467 = ORIENTED_EDGE ( 'NONE', *, *, #5409, .T. ) ;
#8468 = CARTESIAN_POINT ( 'NONE',  ( 50.00000000000007105, -89.99999999999995737, 6.000000000000000000 ) ) ;
#8469 = EDGE_CURVE ( 'NONE', #6921, #5545, #110, .T. ) ;
#8470 = VECTOR ( 'NONE', #3891, 1000.000000000000000 ) ;
#8471 = FACE_BOUND ( 'NONE', #2506, .T. ) ;
#8472 = EDGE_CURVE ( 'NONE', #4825, #3316, #6810, .T. ) ;
#8473 = AXIS2_PLACEMENT_3D ( 'NONE', #4771, #6000, #4031 ) ;
#8474 = AXIS2_PLACEMENT_3D ( 'NONE', #3697, #5813, #2271 ) ;
#8475 = CARTESIAN_POINT ( 'NONE',  ( 194.5000000000000000, 125.0000000000000568, 6.000000000000000000 ) ) ;
#8476 = DIRECTION ( 'NONE',  ( 1.000000000000000000, 0.000000000000000000, 0.000000000000000000 ) ) ;
#8477 = DIRECTION ( 'NONE',  ( 0.000000000000000000, -0.000000000000000000, -1.000000000000000000 ) ) ;
#8478 = DIRECTION ( 'NONE',  ( -0.000000000000000000, 0.000000000000000000, 1.000000000000000000 ) ) ;
#8479 = CIRCLE ( 'NONE', #831, 3.299999999999999822 ) ;
#8480 = ORIENTED_EDGE ( 'NONE', *, *, #4101, .F. ) ;
#8481 = EDGE_CURVE ( 'NONE', #7230, #7064, #3729, .T. ) ;
#8482 = PLANE ( 'NONE',  #3121 ) ;
#8483 = CARTESIAN_POINT ( 'NONE',  ( -23.30671901020783920, -63.30671901020773618, 4.500000000000033751 ) ) ;
#8484 = AXIS2_PLACEMENT_3D ( 'NONE', #8153, #6023, #5298 ) ;
#8485 = EDGE_CURVE ( 'NONE', #2359, #3389, #1365, .T. ) ;
#8486 = CONICAL_SURFACE ( 'NONE', #6857, 39.25000000000009237, 0.7853981633974506105 ) ;
#8487 = CARTESIAN_POINT ( 'NONE',  ( -32.35388974366901493, 121.7819183860834755, 6.000000000000000000 ) ) ;
#8488 = CARTESIAN_POINT ( 'NONE',  ( 81.78191838608339026, 107.6461102563310845, 6.000000000000000000 ) ) ;
#8489 = EDGE_CURVE ( 'NONE', #2279, #7800, #1074, .T. ) ;
#8490 = AXIS2_PLACEMENT_3D ( 'NONE', #369, #8656, #2387 ) ;
#8491 = ORIENTED_EDGE ( 'NONE', *, *, #4883, .T. ) ;
#8492 = FACE_OUTER_BOUND ( 'NONE', #2936, .T. ) ;
#8493 = CARTESIAN_POINT ( 'NONE',  ( 23.30671901020797065, -116.6932809897921857, 2.000000000000000000 ) ) ;
#8494 = ORIENTED_EDGE ( 'NONE', *, *, #8186, .T. ) ;
#8495 = DIRECTION ( 'NONE',  ( 0.000000000000000000, -0.000000000000000000, -1.000000000000000000 ) ) ;
#8496 = CARTESIAN_POINT ( 'NONE',  ( -182.7499999999999716, -90.00000000000002842, 4.499999999999950262 ) ) ;
#8497 = ORIENTED_EDGE ( 'NONE', *, *, #1086, .F. ) ;
#8498 = ORIENTED_EDGE ( 'NONE', *, *, #5409, .F. ) ;
#8499 = FACE_OUTER_BOUND ( 'NONE', #5785, .T. ) ;
#8500 = CARTESIAN_POINT ( 'NONE',  ( 82.29722968529831917, -33.34178194375506621, 6.000000000000000000 ) ) ;
#8501 = CARTESIAN_POINT ( 'NONE',  ( -82.81037903847203552, 73.44580031074306703, 4.499999999999929834 ) ) ;
#8502 = ORIENTED_EDGE ( 'NONE', *, *, #4220, .F. ) ;
#8503 = ORIENTED_EDGE ( 'NONE', *, *, #4819, .F. ) ;
#8504 = CARTESIAN_POINT ( 'NONE',  ( -25.07448596317426492, 114.9255140368258594, 2.000000000000000000 ) ) ;
#8505 = CARTESIAN_POINT ( 'NONE',  ( 67.64611025633102770, 121.7819183860834613, 6.000000000000000000 ) ) ;
#8506 = ORIENTED_EDGE ( 'NONE', *, *, #3742, .F. ) ;
#8507 = CARTESIAN_POINT ( 'NONE',  ( -203.3000000000000114, -124.9999999999999574, 8.673617379884035472E-16 ) ) ;
#8508 = ORIENTED_EDGE ( 'NONE', *, *, #5549, .F. ) ;
#8509 = EDGE_CURVE ( 'NONE', #3469, #609, #2405, .T. ) ;
#8510 = DIRECTION ( 'NONE',  ( 0.000000000000000000, -0.000000000000000000, -1.000000000000000000 ) ) ;
#8511 = VERTEX_POINT ( 'NONE', #1914 ) ;
#8512 = ORIENTED_EDGE ( 'NONE', *, *, #163, .T. ) ;
#8513 = DIRECTION ( 'NONE',  ( -0.7071067811865544561, 0.000000000000000000, -0.7071067811865406894 ) ) ;
#8514 = DIRECTION ( 'NONE',  ( 0.000000000000000000, 0.000000000000000000, 1.000000000000000000 ) ) ;
#8515 = ADVANCED_FACE ( 'NONE', ( #6802 ), #1219, .F. ) ;
#8516 = CARTESIAN_POINT ( 'NONE',  ( -50.00000000000000000, 90.00000000000000000, 4.499999999999929834 ) ) ;
#8517 = DIRECTION ( 'NONE',  ( 1.000000000000000000, 0.000000000000000000, 0.000000000000000000 ) ) ;
#8518 = DIRECTION ( 'NONE',  ( 1.000000000000000000, 0.000000000000000000, 0.000000000000000000 ) ) ;
#8519 = ORIENTED_EDGE ( 'NONE', *, *, #2297, .F. ) ;
#8520 = DIRECTION ( 'NONE',  ( 1.000000000000000000, 0.000000000000000000, 0.000000000000000000 ) ) ;
#8521 = DIRECTION ( 'NONE',  ( -1.000000000000000000, -6.454785026890445375E-17, 0.000000000000000000 ) ) ;
#8522 = EDGE_CURVE ( 'NONE', #3658, #8977, #2115, .T. ) ;
#8523 = EDGE_CURVE ( 'NONE', #7581, #1420, #501, .T. ) ;
#8524 = ORIENTED_EDGE ( 'NONE', *, *, #8648, .F. ) ;
#8525 = LINE ( 'NONE', #6322, #1799 ) ;
#8526 = DIRECTION ( 'NONE',  ( -1.000000000000000000, 0.000000000000000000, 0.000000000000000000 ) ) ;
#8527 = APPLICATION_PROTOCOL_DEFINITION ( 'draft international standard', 'automotive_design', 1998, #8704 ) ;
#8528 = ADVANCED_FACE ( 'NONE', ( #6013 ), #8141, .T. ) ;
#8529 = EDGE_LOOP ( 'NONE', ( #6894, #6770, #7528, #4288 ) ) ;
#8530 = FACE_OUTER_BOUND ( 'NONE', #3282, .T. ) ;
#8531 = ADVANCED_FACE ( 'NONE', ( #4552 ), #3998, .F. ) ;
#8532 = CARTESIAN_POINT ( 'NONE',  ( 15.07448596317426137, 65.07448596317414058, 6.000000000000000000 ) ) ;
#8533 = VERTEX_POINT ( 'NONE', #6713 ) ;
#8534 = FACE_OUTER_BOUND ( 'NONE', #323, .T. ) ;
#8535 = DIRECTION ( 'NONE',  ( -0.000000000000000000, 0.000000000000000000, 1.000000000000000000 ) ) ;
#8536 = ORIENTED_EDGE ( 'NONE', *, *, #9044, .F. ) ;
#8537 = VECTOR ( 'NONE', #2343, 1000.000000000000000 ) ;
#8538 = ORIENTED_EDGE ( 'NONE', *, *, #3785, .F. ) ;
#8539 = CARTESIAN_POINT ( 'NONE',  ( 82.81037903847203552, 106.5541996892568903, 4.499999999999936051 ) ) ;
#8540 = DIRECTION ( 'NONE',  ( -1.000000000000000000, 0.000000000000000000, 0.000000000000000000 ) ) ;
#8541 = FACE_OUTER_BOUND ( 'NONE', #2189, .T. ) ;
#8542 = EDGE_CURVE ( 'NONE', #9046, #2576, #1520, .T. ) ;
#8543 = CYLINDRICAL_SURFACE ( 'NONE', #3180, 3.299999999999997158 ) ;
#8544 = ORIENTED_EDGE ( 'NONE', *, *, #8924, .T. ) ;
#8545 = DIRECTION ( 'NONE',  ( -0.000000000000000000, -0.000000000000000000, 1.000000000000000000 ) ) ;
#8546 = ORIENTED_EDGE ( 'NONE', *, *, #7284, .T. ) ;
#8547 = AXIS2_PLACEMENT_3D ( 'NONE', #3836, #8583, #2275 ) ;
#8548 = AXIS2_PLACEMENT_3D ( 'NONE', #7272, #6659, #1084 ) ;
#8549 = DIRECTION ( 'NONE',  ( 0.000000000000000000, 0.000000000000000000, 1.000000000000000000 ) ) ;
#8550 = EDGE_CURVE ( 'NONE', #503, #676, #4741, .T. ) ;
#8551 = DIRECTION ( 'NONE',  ( -0.3315959982864551958, -0.6245351022323927248, -0.7071067811865362485 ) ) ;
#8552 = ORIENTED_EDGE ( 'NONE', *, *, #789, .F. ) ;
#8553 = EDGE_LOOP ( 'NONE', ( #7020, #5859 ) ) ;
#8554 = DIRECTION ( 'NONE',  ( 1.000000000000000000, 0.000000000000000000, 0.000000000000000000 ) ) ;
#8555 = CARTESIAN_POINT ( 'NONE',  ( -118.4061916517098609, -34.66662096138771432, 6.000000000000000000 ) ) ;
#8556 = VECTOR ( 'NONE', #6984, 1000.000000000000000 ) ;
#8557 = EDGE_CURVE ( 'NONE', #2843, #6657, #8048, .T. ) ;
#8558 = AXIS2_PLACEMENT_3D ( 'NONE', #4350, #3662, #6467 ) ;
#8559 = CARTESIAN_POINT ( 'NONE',  ( -65.87851806928712506, 58.52882010595531170, 4.499999999999929834 ) ) ;
#8560 = DIRECTION ( 'NONE',  ( 0.000000000000000000, 0.000000000000000000, 1.000000000000000000 ) ) ;
#8561 = FACE_OUTER_BOUND ( 'NONE', #1025, .T. ) ;
#8562 = CIRCLE ( 'NONE', #3857, 35.25000000000000000 ) ;
#8563 = VECTOR ( 'NONE', #469, 1000.000000000000000 ) ;
#8564 = DIRECTION ( 'NONE',  ( 1.000000000000000000, 0.000000000000000000, 0.000000000000000000 ) ) ;
#8565 = VERTEX_POINT ( 'NONE', #7356 ) ;
#8566 = CARTESIAN_POINT ( 'NONE',  ( -182.7499999999999432, 90.00000000000002842, 6.000000000000000000 ) ) ;
#8567 = VECTOR ( 'NONE', #193, 1000.000000000000000 ) ;
#8568 = FACE_OUTER_BOUND ( 'NONE', #4178, .T. ) ;
#8569 = VECTOR ( 'NONE', #6909, 1000.000000000000114 ) ;
#8570 = AXIS2_PLACEMENT_3D ( 'NONE', #2514, #1832, #1038 ) ;
#8571 = ORIENTED_EDGE ( 'NONE', *, *, #1265, .T. ) ;
#8572 = DIRECTION ( 'NONE',  ( -1.000000000000000000, 0.000000000000000000, 0.000000000000000000 ) ) ;
#8573 = DIRECTION ( 'NONE',  ( -0.6245351022323847312, -0.3315959982864565281, 0.7071067811865425767 ) ) ;
#8574 = ORIENTED_EDGE ( 'NONE', *, *, #8411, .F. ) ;
#8575 = FACE_OUTER_BOUND ( 'NONE', #5137, .T. ) ;
#8576 = CARTESIAN_POINT ( 'NONE',  ( -67.64611025633101349, 58.21808161391653158, 4.499999999999929834 ) ) ;
#8577 = ORIENTED_EDGE ( 'NONE', *, *, #8076, .T. ) ;
#8578 = CONICAL_SURFACE ( 'NONE', #3428, 1.500000000000029088, 0.7853981633974360665 ) ;
#8579 = CIRCLE ( 'NONE', #4613, 11.50000000000005862 ) ;
#8580 = DIRECTION ( 'NONE',  ( 1.000000000000000000, 0.000000000000000000, 0.000000000000000000 ) ) ;
#8581 = CIRCLE ( 'NONE', #7692, 32.75000000000002132 ) ;
#8582 = ADVANCED_FACE ( 'NONE', ( #364 ), #6669, .F. ) ;
#8583 = DIRECTION ( 'NONE',  ( 0.000000000000000000, 0.000000000000000000, 1.000000000000000000 ) ) ;
#8584 = ORIENTED_EDGE ( 'NONE', *, *, #1652, .F. ) ;
#8585 = EDGE_CURVE ( 'NONE', #1304, #4539, #4620, .T. ) ;
#8586 = EDGE_CURVE ( 'NONE', #7803, #3936, #7495, .T. ) ;
#8587 = AXIS2_PLACEMENT_3D ( 'NONE', #4603, #2611, #1781 ) ;
#8588 = ADVANCED_FACE ( 'NONE', ( #8225 ), #8283, .T. ) ;
#8589 = AXIS2_PLACEMENT_3D ( 'NONE', #2362, #4493, #3099 ) ;
#8590 = ORIENTED_EDGE ( 'NONE', *, *, #5317, .T. ) ;
#8591 = CARTESIAN_POINT ( 'NONE',  ( 138.1932809897923278, 26.69328098979224251, 6.000000000000000000 ) ) ;
#8592 = CARTESIAN_POINT ( 'NONE',  ( -173.1577470838593342, -113.1577470838594905, 4.499999999999950262 ) ) ;
#8593 = DIRECTION ( 'NONE',  ( 0.000000000000000000, -0.000000000000000000, -1.000000000000000000 ) ) ;
#8594 = VERTEX_POINT ( 'NONE', #1135 ) ;
#8595 = ORIENTED_EDGE ( 'NONE', *, *, #8019, .F. ) ;
#8596 = CARTESIAN_POINT ( 'NONE',  ( -65.33337903861232121, 18.40619165170993199, 6.000000000000000000 ) ) ;
#8597 = CIRCLE ( 'NONE', #8729, 35.25000000000000000 ) ;
#8598 = ADVANCED_FACE ( 'NONE', ( #8190 ), #3821, .T. ) ;
#8599 = AXIS2_PLACEMENT_3D ( 'NONE', #6590, #4561, #5940 ) ;
#8600 = ORIENTED_EDGE ( 'NONE', *, *, #7962, .T. ) ;
#8601 = EDGE_CURVE ( 'NONE', #7029, #5993, #9020, .T. ) ;
#8602 = CARTESIAN_POINT ( 'NONE',  ( 24.92551403682575284, 24.92551403682584166, 6.000000000000000000 ) ) ;
#8603 = AXIS2_PLACEMENT_3D ( 'NONE', #5430, #2126, #8517 ) ;
#8604 = DIRECTION ( 'NONE',  ( -1.000000000000000000, 0.000000000000000000, 0.000000000000000000 ) ) ;
#8605 = ORIENTED_EDGE ( 'NONE', *, *, #6020, .F. ) ;
#8606 = ORIENTED_EDGE ( 'NONE', *, *, #7658, .F. ) ;
#8607 = DIRECTION ( 'NONE',  ( 1.000000000000000000, 0.000000000000000000, 0.000000000000000000 ) ) ;
#8608 = LINE ( 'NONE', #5063, #1763 ) ;
#8609 = VECTOR ( 'NONE', #6268, 1000.000000000000114 ) ;
#8610 = DIRECTION ( 'NONE',  ( 1.000000000000000000, 1.156482317317870344E-14, 0.000000000000000000 ) ) ;
#8611 = CARTESIAN_POINT ( 'NONE',  ( 50.00000000000007105, -89.99999999999995737, 2.000000000000000000 ) ) ;
#8612 = CARTESIAN_POINT ( 'NONE',  ( 24.92551403682575284, 24.92551403682584166, 2.000000000000000000 ) ) ;
#8613 = LINE ( 'NONE', #5116, #7174 ) ;
#8614 = ORIENTED_EDGE ( 'NONE', *, *, #6537, .T. ) ;
#8615 = CARTESIAN_POINT ( 'NONE',  ( 89.25000000000015632, -89.99999999999995737, 6.000000000000000000 ) ) ;
#8616 = CIRCLE ( 'NONE', #7587, 10.00000000000000178 ) ;
#8617 = CARTESIAN_POINT ( 'NONE',  ( -116.8422529161405805, -66.84225291614050946, 4.499999999999950262 ) ) ;
#8618 = AXIS2_PLACEMENT_3D ( 'NONE', #3063, #2926, #887 ) ;
#8619 = ORIENTED_EDGE ( 'NONE', *, *, #5932, .T. ) ;
#8620 = CARTESIAN_POINT ( 'NONE',  ( -76.69328098979205777, -116.6932809897921857, 2.000000000000000000 ) ) ;
#8621 = CIRCLE ( 'NONE', #7893, 5.500000000000005329 ) ;
#8622 = LINE ( 'NONE', #5632, #7559 ) ;
#8623 = EDGE_CURVE ( 'NONE', #1168, #4763, #2997, .T. ) ;
#8624 = CYLINDRICAL_SURFACE ( 'NONE', #826, 9.999999999999994671 ) ;
#8625 = DIRECTION ( 'NONE',  ( -0.000000000000000000, -0.000000000000000000, 1.000000000000000000 ) ) ;
#8626 = ORIENTED_EDGE ( 'NONE', *, *, #151, .F. ) ;
#8627 = CONICAL_SURFACE ( 'NONE', #5833, 39.25000000000009237, 0.7853981633974529419 ) ;
#8628 = LINE ( 'NONE', #4529, #7244 ) ;
#8629 = CARTESIAN_POINT ( 'NONE',  ( 3.081487911019577365E-30, 125.0000000000000568, 8.673617379884035472E-16 ) ) ;
#8630 = VERTEX_POINT ( 'NONE', #3252 ) ;
#8631 = ORIENTED_EDGE ( 'NONE', *, *, #1464, .T. ) ;
#8632 = CARTESIAN_POINT ( 'NONE',  ( 74.92551403682575994, 114.9255140368258310, 6.000000000000000000 ) ) ;
#8633 = ORIENTED_EDGE ( 'NONE', *, *, #5778, .T. ) ;
#8634 = CARTESIAN_POINT ( 'NONE',  ( -179.9244802719920244, 74.20508674291049545, 2.000000000000000000 ) ) ;
#8635 = EDGE_CURVE ( 'NONE', #6626, #8192, #1877, .T. ) ;
#8636 = FACE_OUTER_BOUND ( 'NONE', #5345, .T. ) ;
#8637 = ORIENTED_EDGE ( 'NONE', *, *, #5479, .T. ) ;
#8638 = ORIENTED_EDGE ( 'NONE', *, *, #6640, .F. ) ;
#8639 = CARTESIAN_POINT ( 'NONE',  ( 120.4155239213303474, -104.0471091385599891, 4.499999999999929834 ) ) ;
#8640 = EDGE_CURVE ( 'NONE', #2536, #1366, #5060, .T. ) ;
#8641 = ADVANCED_FACE ( 'NONE', ( #3388 ), #213, .T. ) ;
#8642 = VERTEX_POINT ( 'NONE', #2757 ) ;
#8643 = CARTESIAN_POINT ( 'NONE',  ( -173.1577470838593342, -113.1577470838594905, 6.000000000000000000 ) ) ;
#8644 = EDGE_CURVE ( 'NONE', #2198, #8278, #1373, .T. ) ;
#8645 = DIRECTION ( 'NONE',  ( 0.000000000000000000, 0.000000000000000000, 1.000000000000000000 ) ) ;
#8646 = ORIENTED_EDGE ( 'NONE', *, *, #6560, .T. ) ;
#8647 = VERTEX_POINT ( 'NONE', #7731 ) ;
#8648 = EDGE_CURVE ( 'NONE', #5821, #7678, #6382, .T. ) ;
#8649 = CARTESIAN_POINT ( 'NONE',  ( 0.000000000000000000, 0.000000000000000000, 4.499999999999929834 ) ) ;
#8650 = DIRECTION ( 'NONE',  ( -1.000000000000000000, 0.000000000000000000, 0.000000000000000000 ) ) ;
#8651 = ADVANCED_FACE ( 'NONE', ( #4834 ), #8323, .T. ) ;
#8652 = DIRECTION ( 'NONE',  ( 1.000000000000000000, 0.000000000000000000, 0.000000000000000000 ) ) ;
#8653 = CARTESIAN_POINT ( 'NONE',  ( 32.75000000000002132, 4.010718267207584780E-15, 2.000000000000000000 ) ) ;
#8654 = DIRECTION ( 'NONE',  ( 0.000000000000000000, 0.000000000000000000, 1.000000000000000000 ) ) ;
#8655 = CARTESIAN_POINT ( 'NONE',  ( 150.0000000000001137, -89.99999999999998579, 4.499999999999929834 ) ) ;
#8656 = DIRECTION ( 'NONE',  ( -0.000000000000000000, -0.000000000000000000, -1.000000000000000000 ) ) ;
#8657 = EDGE_LOOP ( 'NONE', ( #7030, #2135, #2937, #4395 ) ) ;
#8658 = DIRECTION ( 'NONE',  ( 0.000000000000000000, 0.000000000000000000, -1.000000000000000000 ) ) ;
#8659 = CARTESIAN_POINT ( 'NONE',  ( -76.69328098979205777, -116.6932809897921857, 6.000000000000000000 ) ) ;
#8660 = DIRECTION ( 'NONE',  ( 1.000000000000000000, 0.000000000000000000, 0.000000000000000000 ) ) ;
#8661 = LINE ( 'NONE', #7758, #5968 ) ;
#8662 = CARTESIAN_POINT ( 'NONE',  ( -13.57448596317420808, 114.9255140368258594, 6.000000000000000000 ) ) ;
#8663 = ORIENTED_EDGE ( 'NONE', *, *, #7353, .F. ) ;
#8664 = CARTESIAN_POINT ( 'NONE',  ( 150.0000000000000568, 90.00000000000007105, 2.000000000000000000 ) ) ;
#8665 = CYLINDRICAL_SURFACE ( 'NONE', #4578, 1.500000000000001332 ) ;
#8666 = ORIENTED_EDGE ( 'NONE', *, *, #4405, .T. ) ;
#8667 = EDGE_CURVE ( 'NONE', #1971, #6921, #1419, .T. ) ;
#8668 = ORIENTED_EDGE ( 'NONE', *, *, #3015, .F. ) ;
#8669 = DIRECTION ( 'NONE',  ( 1.000000000000000000, 0.000000000000000000, 0.000000000000000000 ) ) ;
#8670 = DIRECTION ( 'NONE',  ( -0.000000000000000000, -0.000000000000000000, 1.000000000000000000 ) ) ;
#8671 = DIRECTION ( 'NONE',  ( 1.000000000000000000, -1.850371707708592551E-14, 0.000000000000000000 ) ) ;
#8672 = CARTESIAN_POINT ( 'NONE',  ( 31.31037903847204973, 16.55419968925690455, 6.000000000000000000 ) ) ;
#8673 = ORIENTED_EDGE ( 'NONE', *, *, #4701, .F. ) ;
#8674 = ORIENTED_EDGE ( 'NONE', *, *, #6732, .T. ) ;
#8675 = DIRECTION ( 'NONE',  ( -1.000000000000000000, 0.000000000000000000, 0.000000000000000000 ) ) ;
#8676 = AXIS2_PLACEMENT_3D ( 'NONE', #2711, #6942, #6311 ) ;
#8677 = ORIENTED_EDGE ( 'NONE', *, *, #4308, .T. ) ;
#8678 = ORIENTED_EDGE ( 'NONE', *, *, #952, .F. ) ;
#8679 = AXIS2_PLACEMENT_3D ( 'NONE', #3210, #8135, #4648 ) ;
#8680 = FACE_OUTER_BOUND ( 'NONE', #6183, .T. ) ;
#8681 = CARTESIAN_POINT ( 'NONE',  ( 180.9394902502120033, -75.30951181692573471, 6.000000000000000000 ) ) ;
#8682 = ORIENTED_EDGE ( 'NONE', *, *, #5597, .T. ) ;
#8683 = CARTESIAN_POINT ( 'NONE',  ( 50.00000000000007105, -89.99999999999995737, 6.000000000000000000 ) ) ;
#8684 = CARTESIAN_POINT ( 'NONE',  ( 205.0000000000000000, 139.9999999999999716, 6.000000000000000000 ) ) ;
#8685 = DIRECTION ( 'NONE',  ( 0.5206309727658551267, -0.4784802923808762487, -0.7071067811865410224 ) ) ;
#8686 = VECTOR ( 'NONE', #7845, 1000.000000000000114 ) ;
#8687 = ADVANCED_FACE ( 'NONE', ( #1312 ), #5195, .F. ) ;
#8688 = AXIS2_PLACEMENT_3D ( 'NONE', #8916, #1827, #4646 ) ;
#8689 = ADVANCED_FACE ( 'NONE', ( #7035 ), #6200, .T. ) ;
#8690 = DIRECTION ( 'NONE',  ( -1.000000000000000000, 0.000000000000000000, 0.000000000000000000 ) ) ;
#8691 = CARTESIAN_POINT ( 'NONE',  ( -149.9999999999999432, -90.00000000000002842, 6.000000000000000000 ) ) ;
#8692 = DIRECTION ( 'NONE',  ( 0.000000000000000000, 0.000000000000000000, 1.000000000000000000 ) ) ;
#8693 = DIRECTION ( 'NONE',  ( 0.000000000000000000, 0.000000000000000000, 1.000000000000000000 ) ) ;
#8694 = ORIENTED_EDGE ( 'NONE', *, *, #4869, .F. ) ;
#8695 = CIRCLE ( 'NONE', #177, 35.24999999999997868 ) ;
#8696 = DIRECTION ( 'NONE',  ( -0.000000000000000000, -0.000000000000000000, -1.000000000000000000 ) ) ;
#8697 = EDGE_CURVE ( 'NONE', #4685, #6746, #7551, .T. ) ;
#8698 = AXIS2_PLACEMENT_3D ( 'NONE', #255, #3834, #8580 ) ;
#8699 = EDGE_CURVE ( 'NONE', #5291, #5353, #3442, .T. ) ;
#8700 = VERTEX_POINT ( 'NONE', #5464 ) ;
#8701 = VECTOR ( 'NONE', #2910, 1000.000000000000114 ) ;
#8702 = LINE ( 'NONE', #3828, #7976 ) ;
#8703 = DIRECTION ( 'NONE',  ( -0.000000000000000000, -0.000000000000000000, -1.000000000000000000 ) ) ;
#8704 = APPLICATION_CONTEXT ( 'automotive_design' ) ;
#8705 = DIRECTION ( 'NONE',  ( 0.000000000000000000, -0.000000000000000000, -1.000000000000000000 ) ) ;
#8706 = CARTESIAN_POINT ( 'NONE',  ( 82.81037903847203552, 106.5541996892568903, 4.499999999999936051 ) ) ;
#8707 = EDGE_LOOP ( 'NONE', ( #6102, #367, #1875 ) ) ;
#8708 = AXIS2_PLACEMENT_3D ( 'NONE', #2809, #696, #8337 ) ;
#8709 = CARTESIAN_POINT ( 'NONE',  ( -200.0000000000000000, 125.0000000000000568, 6.000000000000000000 ) ) ;
#8710 = CIRCLE ( 'NONE', #1651, 32.75000000000002842 ) ;
#8711 = CARTESIAN_POINT ( 'NONE',  ( 194.5000000000000000, 125.0000000000000568, 4.000000000000000000 ) ) ;
#8712 = CIRCLE ( 'NONE', #2688, 1.500000000000001332 ) ;
#8713 = EDGE_LOOP ( 'NONE', ( #6432, #7616, #2553, #3064 ) ) ;
#8714 = CIRCLE ( 'NONE', #7980, 1.500000000000001332 ) ;
#8715 = VERTEX_POINT ( 'NONE', #9012 ) ;
#8716 = FACE_OUTER_BOUND ( 'NONE', #3265, .T. ) ;
#8717 = CONICAL_SURFACE ( 'NONE', #5919, 10.00000000000000888, 0.7853981633974506105 ) ;
#8718 = CARTESIAN_POINT ( 'NONE',  ( 33.44580031074323045, 57.18962096152787922, 4.499999999999936051 ) ) ;
#8719 = AXIS2_PLACEMENT_3D ( 'NONE', #721, #5516, #3 ) ;
#8721 = DIRECTION ( 'NONE',  ( -0.7071067811865414665, 0.000000000000000000, -0.7071067811865536790 ) ) ;
#8720 = AXIS2_PLACEMENT_3D ( 'NONE', #8009, #3782, #6586 ) ;
#8722 = DIRECTION ( 'NONE',  ( -0.000000000000000000, -0.000000000000000000, -1.000000000000000000 ) ) ;
#8723 = ORIENTED_EDGE ( 'NONE', *, *, #3742, .T. ) ;
#8724 = DIRECTION ( 'NONE',  ( 1.000000000000000000, 0.000000000000000000, 0.000000000000000000 ) ) ;
#8725 = AXIS2_PLACEMENT_3D ( 'NONE', #8691, #3081, #5881 ) ;
#8726 = ORIENTED_EDGE ( 'NONE', *, *, #4146, .F. ) ;
#8727 = DIRECTION ( 'NONE',  ( -0.000000000000000000, -0.000000000000000000, 1.000000000000000000 ) ) ;
#8728 = VERTEX_POINT ( 'NONE', #6259 ) ;
#8729 = AXIS2_PLACEMENT_3D ( 'NONE', #2979, #5139, #3587 ) ;
#8730 = ORIENTED_EDGE ( 'NONE', *, *, #3579, .F. ) ;
#8731 = CIRCLE ( 'NONE', #3887, 10.00000000000000888 ) ;
#8732 = CARTESIAN_POINT ( 'NONE',  ( 150.0000000000001137, -89.99999999999998579, 2.000000000000000000 ) ) ;
#8733 = DIRECTION ( 'NONE',  ( 1.000000000000000000, 0.000000000000000000, 0.000000000000000000 ) ) ;
#8734 = DIRECTION ( 'NONE',  ( 0.000000000000000000, -0.000000000000000000, -1.000000000000000000 ) ) ;
#8735 = AXIS2_PLACEMENT_3D ( 'NONE', #521, #4026, #7704 ) ;
#8736 = DIRECTION ( 'NONE',  ( -0.000000000000000000, -0.000000000000000000, 1.000000000000000000 ) ) ;
#8737 = DIRECTION ( 'NONE',  ( -0.000000000000000000, -0.000000000000000000, -1.000000000000000000 ) ) ;
#8738 = CIRCLE ( 'NONE', #652, 1.500000000000001332 ) ;
#8739 = DIRECTION ( 'NONE',  ( 1.000000000000000000, 0.000000000000000000, 0.000000000000000000 ) ) ;
#8740 = EDGE_LOOP ( 'NONE', ( #2106, #4971, #6833, #4923 ) ) ;
#8741 = EDGE_CURVE ( 'NONE', #1606, #4625, #722, .T. ) ;
#8742 = ORIENTED_EDGE ( 'NONE', *, *, #3444, .T. ) ;
#8743 = CARTESIAN_POINT ( 'NONE',  ( 179.4394902502120033, -75.30951181692573471, 6.000000000000000000 ) ) ;
#8744 = ORIENTED_EDGE ( 'NONE', *, *, #5887, .F. ) ;
#8745 = AXIS2_PLACEMENT_3D ( 'NONE', #5674, #781, #147 ) ;
#8746 = CYLINDRICAL_SURFACE ( 'NONE', #776, 37.75000000000000711 ) ;
#8747 = ADVANCED_FACE ( 'NONE', ( #6891 ), #4136, .T. ) ;
#8748 = EDGE_CURVE ( 'NONE', #2576, #3484, #4051, .T. ) ;
#8749 = CONICAL_SURFACE ( 'NONE', #3023, 10.00000000000000888, 0.7853981633974344012 ) ;
#8750 = VERTEX_POINT ( 'NONE', #583 ) ;
#8751 = DIRECTION ( 'NONE',  ( 1.000000000000000000, 0.000000000000000000, 0.000000000000000000 ) ) ;
#8752 = CARTESIAN_POINT ( 'NONE',  ( 117.7027703147019224, 33.34178194375511595, 6.000000000000000000 ) ) ;
#8753 = EDGE_CURVE ( 'NONE', #7560, #6255, #2112, .T. ) ;
#8754 = DIRECTION ( 'NONE',  ( 0.000000000000000000, -0.000000000000000000, -1.000000000000000000 ) ) ;
#8755 = DIRECTION ( 'NONE',  ( 1.000000000000000000, 0.000000000000000000, 0.000000000000000000 ) ) ;
#8756 = VERTEX_POINT ( 'NONE', #5 ) ;
#8757 = CARTESIAN_POINT ( 'NONE',  ( -17.18962096152791474, 106.5541996892569756, 6.000000000000000000 ) ) ;
#8758 = EDGE_CURVE ( 'NONE', #1240, #8035, #3596, .T. ) ;
#8759 = DIRECTION ( 'NONE',  ( 0.000000000000000000, -0.000000000000000000, -1.000000000000000000 ) ) ;
#8760 = VECTOR ( 'NONE', #1859, 1000.000000000000000 ) ;
#8761 = ORIENTED_EDGE ( 'NONE', *, *, #864, .T. ) ;
#8762 = VECTOR ( 'NONE', #6566, 1000.000000000000000 ) ;
#8763 = EDGE_LOOP ( 'NONE', ( #5300, #2508, #8812, #9090 ) ) ;
#8764 = CARTESIAN_POINT ( 'NONE',  ( 164.0471091385600744, -60.41552392133019822, 2.000000000000000000 ) ) ;
#8765 = DIRECTION ( 'NONE',  ( 1.000000000000000000, 0.000000000000000000, 0.000000000000000000 ) ) ;
#8766 = CARTESIAN_POINT ( 'NONE',  ( -126.8422529161403816, 113.1577470838592916, 2.000000000000000000 ) ) ;
#8767 = DIRECTION ( 'NONE',  ( -0.4848210009916977259, 0.5147315776182781466, 0.7071067811865522357 ) ) ;
#8768 = ORIENTED_EDGE ( 'NONE', *, *, #7407, .F. ) ;
#8769 = CARTESIAN_POINT ( 'NONE',  ( 134.6666209613877925, 18.40619165170996041, 4.499999999999922728 ) ) ;
#8770 = ORIENTED_EDGE ( 'NONE', *, *, #8908, .F. ) ;
#8771 = AXIS2_PLACEMENT_3D ( 'NONE', #4105, #2765, #2579 ) ;
#8772 = ORIENTED_EDGE ( 'NONE', *, *, #4662, .T. ) ;
#8773 = VECTOR ( 'NONE', #4841, 1000.000000000000000 ) ;
#8774 = DIRECTION ( 'NONE',  ( 0.5206309727658573472, -0.4784802923808696429, 0.7071067811865436870 ) ) ;
#8775 = ORIENTED_EDGE ( 'NONE', *, *, #7569, .T. ) ;
#8776 = AXIS2_PLACEMENT_3D ( 'NONE', #4286, #1467, #7190 ) ;
#8777 = DIRECTION ( 'NONE',  ( 0.000000000000000000, -0.000000000000000000, -1.000000000000000000 ) ) ;
#8778 = CARTESIAN_POINT ( 'NONE',  ( 5.500000000000000000, -124.9999999999999574, 6.000000000000000000 ) ) ;
#8779 = DIRECTION ( 'NONE',  ( 1.000000000000000000, 0.000000000000000000, 0.000000000000000000 ) ) ;
#8780 = EDGE_CURVE ( 'NONE', #1964, #2201, #1525, .T. ) ;
#8781 = LINE ( 'NONE', #8922, #778 ) ;
#8782 = DIRECTION ( 'NONE',  ( 1.000000000000000000, 0.000000000000000000, 0.000000000000000000 ) ) ;
#8783 = DIRECTION ( 'NONE',  ( 0.000000000000000000, -0.000000000000000000, -1.000000000000000000 ) ) ;
#8784 = VERTEX_POINT ( 'NONE', #6848 ) ;
#8785 = ORIENTED_EDGE ( 'NONE', *, *, #218, .F. ) ;
#8786 = LINE ( 'NONE', #6543, #3195 ) ;
#8787 = ORIENTED_EDGE ( 'NONE', *, *, #6842, .F. ) ;
#8788 = LINE ( 'NONE', #5386, #339 ) ;
#8789 = EDGE_CURVE ( 'NONE', #7155, #5182, #7126, .T. ) ;
#8790 = DIRECTION ( 'NONE',  ( 0.000000000000000000, -0.000000000000000000, -1.000000000000000000 ) ) ;
#8791 = DIRECTION ( 'NONE',  ( 1.000000000000000000, 8.881784197001252323E-16, 0.000000000000000000 ) ) ;
#8792 = CARTESIAN_POINT ( 'NONE',  ( -65.33337903861232121, 18.40619165170993199, 4.500000000000019540 ) ) ;
#8793 = CARTESIAN_POINT ( 'NONE',  ( -17.64611025633100283, -31.78191838608346842, 4.499999999999929834 ) ) ;
#8794 = ORIENTED_EDGE ( 'NONE', *, *, #2286, .F. ) ;
#8795 = LINE ( 'NONE', #8757, #326 ) ;
#8796 = CARTESIAN_POINT ( 'NONE',  ( -205.0000000000000000, 139.9999999999999716, 6.000000000000000000 ) ) ;
#8797 = ORIENTED_EDGE ( 'NONE', *, *, #1498, .T. ) ;
#8798 = EDGE_CURVE ( 'NONE', #3000, #3454, #2336, .T. ) ;
#8799 = EDGE_CURVE ( 'NONE', #1921, #4966, #7269, .T. ) ;
#8800 = ORIENTED_EDGE ( 'NONE', *, *, #3644, .T. ) ;
#8801 = EDGE_CURVE ( 'NONE', #8998, #4280, #8597, .T. ) ;
#8802 = FACE_OUTER_BOUND ( 'NONE', #1352, .T. ) ;
#8803 = ADVANCED_FACE ( 'NONE', ( #7867 ), #1552, .T. ) ;
#8804 = CARTESIAN_POINT ( 'NONE',  ( -183.1577470838593342, -113.1577470838594905, 2.000000000000000000 ) ) ;
#8805 = LINE ( 'NONE', #345, #2003 ) ;
#8806 = CARTESIAN_POINT ( 'NONE',  ( 119.0605097497882667, 75.30951181692587681, 6.000000000000000000 ) ) ;
#8807 = ORIENTED_EDGE ( 'NONE', *, *, #3241, .F. ) ;
#8808 = DIRECTION ( 'NONE',  ( 1.000000000000000000, -6.938893903907222067E-15, 0.000000000000000000 ) ) ;
#8809 = EDGE_LOOP ( 'NONE', ( #1225, #7333, #3538, #1006, #2795, #3588 ) ) ;
#8810 = EDGE_CURVE ( 'NONE', #3000, #1785, #7776, .T. ) ;
#8811 = DIRECTION ( 'NONE',  ( -0.000000000000000000, -0.000000000000000000, 1.000000000000000000 ) ) ;
#8812 = ORIENTED_EDGE ( 'NONE', *, *, #535, .T. ) ;
#8813 = CIRCLE ( 'NONE', #1169, 35.25000000000002132 ) ;
#8814 = DIRECTION ( 'NONE',  ( -0.000000000000000000, 0.000000000000000000, 1.000000000000000000 ) ) ;
#8815 = DIRECTION ( 'NONE',  ( -0.000000000000000000, -0.000000000000000000, 1.000000000000000000 ) ) ;
#8816 = CARTESIAN_POINT ( 'NONE',  ( -180.9394902502119180, 75.30951181692596208, 4.500000000000054179 ) ) ;
#8817 = CIRCLE ( 'NONE', #5007, 32.75000000000000000 ) ;
#8818 = DIRECTION ( 'NONE',  ( 1.000000000000000000, 0.000000000000000000, 0.000000000000000000 ) ) ;
#8819 = CARTESIAN_POINT ( 'NONE',  ( -31.59380834829013551, -55.33337903861221463, 4.500000000000033751 ) ) ;
#8820 = ORIENTED_EDGE ( 'NONE', *, *, #7916, .T. ) ;
#8821 = EDGE_LOOP ( 'NONE', ( #7146, #7988, #3065 ) ) ;
#8822 = DIRECTION ( 'NONE',  ( -0.000000000000000000, -0.000000000000000000, -1.000000000000000000 ) ) ;
#8823 = EDGE_CURVE ( 'NONE', #6908, #6603, #5709, .T. ) ;
#8824 = CARTESIAN_POINT ( 'NONE',  ( 120.0755197280080893, -105.7949132570896609, 4.499999999999929834 ) ) ;
#8825 = AXIS2_PLACEMENT_3D ( 'NONE', #3854, #5876, #2342 ) ;
#8826 = EDGE_LOOP ( 'NONE', ( #8600, #4960, #2178 ) ) ;
#8827 = CIRCLE ( 'NONE', #745, 5.500000000000005329 ) ;
#8828 = CARTESIAN_POINT ( 'NONE',  ( 205.0000000000000000, -130.0000000000000000, 6.000000000000000000 ) ) ;
#8829 = CARTESIAN_POINT ( 'NONE',  ( 150.0000000000001137, -89.99999999999998579, 2.000000000000000000 ) ) ;
#8830 = CIRCLE ( 'NONE', #1047, 1.500000000000001332 ) ;
#8831 = CYLINDRICAL_SURFACE ( 'NONE', #8484, 1.500000000000001332 ) ;
#8832 = CARTESIAN_POINT ( 'NONE',  ( -18.52882010595539342, 105.8785180692872814, 2.000000000000000000 ) ) ;
#8833 = ORIENTED_EDGE ( 'NONE', *, *, #6513, .T. ) ;
#8834 = DIRECTION ( 'NONE',  ( 0.000000000000000000, 0.000000000000000000, 1.000000000000000000 ) ) ;
#8835 = AXIS2_PLACEMENT_3D ( 'NONE', #6916, #2048, #4219 ) ;
#8836 = FACE_OUTER_BOUND ( 'NONE', #9102, .T. ) ;
#8837 = ORIENTED_EDGE ( 'NONE', *, *, #5265, .T. ) ;
#8838 = ADVANCED_FACE ( 'NONE', ( #1637 ), #791, .F. ) ;
#8839 = AXIS2_PLACEMENT_3D ( 'NONE', #9085, #3554, #4252 ) ;
#8840 = AXIS2_PLACEMENT_3D ( 'NONE', #8483, #1434, #8440 ) ;
#8841 = VERTEX_POINT ( 'NONE', #139 ) ;
#8842 = DIRECTION ( 'NONE',  ( -1.000000000000000000, 0.000000000000000000, 0.000000000000000000 ) ) ;
#8843 = AXIS2_PLACEMENT_3D ( 'NONE', #4622, #5348, #7507 ) ;
#8844 = CARTESIAN_POINT ( 'NONE',  ( 200.0000000000000000, 125.0000000000000568, 4.000000000000000000 ) ) ;
#8845 = CARTESIAN_POINT ( 'NONE',  ( -50.00000000000000000, 90.00000000000000000, 4.499999999999929834 ) ) ;
#8846 = CARTESIAN_POINT ( 'NONE',  ( 35.25000000000000000, 0.000000000000000000, 4.499999999999929834 ) ) ;
#8847 = DIRECTION ( 'NONE',  ( 0.000000000000000000, -0.000000000000000000, -1.000000000000000000 ) ) ;
#8848 = AXIS2_PLACEMENT_3D ( 'NONE', #2216, #604, #3416 ) ;
#8849 = ORIENTED_EDGE ( 'NONE', *, *, #2851, .T. ) ;
#8850 = ADVANCED_FACE ( 'NONE', ( #2373 ), #2295, .F. ) ;
#8851 = AXIS2_PLACEMENT_3D ( 'NONE', #2382, #5749, #2303 ) ;
#8852 = CARTESIAN_POINT ( 'NONE',  ( -179.5844760786697805, 75.95289086144016721, 4.500000000000054179 ) ) ;
#8853 = EDGE_CURVE ( 'NONE', #320, #548, #2203, .T. ) ;
#8854 = ADVANCED_FACE ( 'NONE', ( #3768 ), #7714, .T. ) ;
#8855 = ORIENTED_EDGE ( 'NONE', *, *, #117, .F. ) ;
#8856 = CIRCLE ( 'NONE', #6062, 5.500000000000000000 ) ;
#8857 = AXIS2_PLACEMENT_3D ( 'NONE', #8828, #8056, #5389 ) ;
#8858 = VECTOR ( 'NONE', #7077, 1000.000000000000000 ) ;
#8859 = VERTEX_POINT ( 'NONE', #1593 ) ;
#8860 = CIRCLE ( 'NONE', #4614, 3.299999999999997158 ) ;
#8861 = FACE_OUTER_BOUND ( 'NONE', #5979, .T. ) ;
#8862 = ORIENTED_EDGE ( 'NONE', *, *, #2911, .T. ) ;
#8863 = ORIENTED_EDGE ( 'NONE', *, *, #8402, .T. ) ;
#8864 = EDGE_LOOP ( 'NONE', ( #8042, #1264, #4506, #1590, #8694 ) ) ;
#8865 = EDGE_CURVE ( 'NONE', #844, #5036, #4370, .T. ) ;
#8866 = LINE ( 'NONE', #1266, #5803 ) ;
#8867 = FACE_OUTER_BOUND ( 'NONE', #16, .T. ) ;
#8868 = AXIS2_PLACEMENT_3D ( 'NONE', #5381, #410, #317 ) ;
#8869 = AXIS2_PLACEMENT_3D ( 'NONE', #3585, #7813, #6399 ) ;
#8870 = CYLINDRICAL_SURFACE ( 'NONE', #3830, 1.500000000000001332 ) ;
#8871 = CIRCLE ( 'NONE', #467, 11.50000000000003730 ) ;
#8872 = EDGE_CURVE ( 'NONE', #3316, #4590, #5871, .T. ) ;
#8873 = AXIS2_PLACEMENT_3D ( 'NONE', #6351, #2841, #5662 ) ;
#8874 = LINE ( 'NONE', #363, #1958 ) ;
#8875 = AXIS2_PLACEMENT_3D ( 'NONE', #7525, #9052, #2745 ) ;
#8876 = DIRECTION ( 'NONE',  ( -1.000000000000000000, 0.000000000000000000, 0.000000000000000000 ) ) ;
#8877 = ORIENTED_EDGE ( 'NONE', *, *, #5158, .T. ) ;
#8878 = ORIENTED_EDGE ( 'NONE', *, *, #4132, .F. ) ;
#8879 = DIRECTION ( 'NONE',  ( -1.000000000000000000, 0.000000000000000000, 0.000000000000000000 ) ) ;
#8880 = CARTESIAN_POINT ( 'NONE',  ( 3.299999999999998490, 125.0000000000000568, 8.673617379884035472E-16 ) ) ;
#8881 = CIRCLE ( 'NONE', #941, 1.500000000000001332 ) ;
#8882 = AXIS2_PLACEMENT_3D ( 'NONE', #6009, #8814, #1826 ) ;
#8883 = CARTESIAN_POINT ( 'NONE',  ( 134.2050867429103960, 60.07551972800803952, 6.000000000000000000 ) ) ;
#8884 = DIRECTION ( 'NONE',  ( -0.000000000000000000, -0.000000000000000000, -1.000000000000000000 ) ) ;
#8885 = FACE_OUTER_BOUND ( 'NONE', #1536, .T. ) ;
#8886 = FACE_OUTER_BOUND ( 'NONE', #7941, .T. ) ;
#8887 = EDGE_LOOP ( 'NONE', ( #6886, #632, #7036, #1823, #4203 ) ) ;
#8888 = DIRECTION ( 'NONE',  ( 0.000000000000000000, -0.000000000000000000, -1.000000000000000000 ) ) ;
#8889 = DIRECTION ( 'NONE',  ( 1.000000000000000000, 0.000000000000000000, 0.000000000000000000 ) ) ;
#8890 = ORIENTED_EDGE ( 'NONE', *, *, #3178, .F. ) ;
#8891 = AXIS2_PLACEMENT_3D ( 'NONE', #3649, #1565, #6452 ) ;
#8892 = EDGE_CURVE ( 'NONE', #1075, #7711, #4408, .T. ) ;
#8893 = FACE_OUTER_BOUND ( 'NONE', #1148, .T. ) ;
#8894 = ORIENTED_EDGE ( 'NONE', *, *, #1608, .T. ) ;
#8895 = LINE ( 'NONE', #6736, #6207 ) ;
#8896 = CARTESIAN_POINT ( 'NONE',  ( -50.00000000000000000, 90.00000000000000000, 2.000000000000000000 ) ) ;
#8897 = DIRECTION ( 'NONE',  ( 1.000000000000000000, 0.000000000000000000, 0.000000000000000000 ) ) ;
#8898 = EDGE_LOOP ( 'NONE', ( #5140, #2193, #4517, #7680 ) ) ;
#8899 = LINE ( 'NONE', #2595, #7586 ) ;
#8900 = CARTESIAN_POINT ( 'NONE',  ( 134.2050867429104528, -119.9244802719919960, 2.000000000000000000 ) ) ;
#8901 = EDGE_LOOP ( 'NONE', ( #3281, #3206, #5874, #556 ) ) ;
#8902 = ORIENTED_EDGE ( 'NONE', *, *, #5844, .F. ) ;
#8903 = AXIS2_PLACEMENT_3D ( 'NONE', #394, #296, #3939 ) ;
#8904 = CARTESIAN_POINT ( 'NONE',  ( 173.1577470838595048, -66.84225291614049524, 6.000000000000000000 ) ) ;
#8905 = AXIS2_PLACEMENT_3D ( 'NONE', #5406, #2542, #2596 ) ;
#8906 = ORIENTED_EDGE ( 'NONE', *, *, #5806, .T. ) ;
#8907 = ORIENTED_EDGE ( 'NONE', *, *, #163, .F. ) ;
#8908 = EDGE_CURVE ( 'NONE', #1965, #5993, #5743, .T. ) ;
#8909 = EDGE_LOOP ( 'NONE', ( #5728, #5278, #1330, #8247, #3655, #5027 ) ) ;
#8910 = CARTESIAN_POINT ( 'NONE',  ( 150.0000000000000568, 90.00000000000007105, 6.000000000000000000 ) ) ;
#8911 = VERTEX_POINT ( 'NONE', #5792 ) ;
#8912 = EDGE_CURVE ( 'NONE', #9079, #7265, #3886, .T. ) ;
#8913 = ORIENTED_EDGE ( 'NONE', *, *, #4846, .F. ) ;
#8914 = AXIS2_PLACEMENT_3D ( 'NONE', #566, #7709, #25 ) ;
#8915 = FACE_OUTER_BOUND ( 'NONE', #4455, .T. ) ;
#8916 = CARTESIAN_POINT ( 'NONE',  ( -15.33337903861228035, -71.59380834828998275, 4.500000000000033751 ) ) ;
#8917 = CONICAL_SURFACE ( 'NONE', #8038, 1.500000000000056843, 0.7853981633974457255 ) ;
#8918 = CARTESIAN_POINT ( 'NONE',  ( 74.92551403682575994, 114.9255140368258310, 6.000000000000000000 ) ) ;
#8919 = ORIENTED_EDGE ( 'NONE', *, *, #550, .F. ) ;
#8920 = VECTOR ( 'NONE', #7602, 1000.000000000000114 ) ;
#8921 = ADVANCED_FACE ( 'NONE', ( #5104 ), #1504, .F. ) ;
#8922 = CARTESIAN_POINT ( 'NONE',  ( -83.34178194375495252, -107.7027703147019082, 6.000000000000000000 ) ) ;
#8923 = AXIS2_PLACEMENT_3D ( 'NONE', #2210, #8477, #3546 ) ;
#8924 = EDGE_CURVE ( 'NONE', #8372, #5099, #4185, .T. ) ;
#8925 = CARTESIAN_POINT ( 'NONE',  ( -100.0000000000000000, 0.000000000000000000, 4.500000000000019540 ) ) ;
#8926 = ADVANCED_FACE ( 'NONE', ( #5404 ), #9041, .F. ) ;
#8927 = ORIENTED_EDGE ( 'NONE', *, *, #8550, .F. ) ;
#8928 = ORIENTED_EDGE ( 'NONE', *, *, #6721, .T. ) ;
#8929 = DIRECTION ( 'NONE',  ( 0.000000000000000000, 0.000000000000000000, 1.000000000000000000 ) ) ;
#8930 = AXIS2_PLACEMENT_3D ( 'NONE', #539, #6747, #4045 ) ;
#8931 = DIRECTION ( 'NONE',  ( -1.000000000000000000, 0.000000000000000000, 0.000000000000000000 ) ) ;
#8932 = DIRECTION ( 'NONE',  ( 0.000000000000000000, -0.000000000000000000, -1.000000000000000000 ) ) ;
#8933 = DIRECTION ( 'NONE',  ( -1.000000000000000000, 0.000000000000000000, 0.000000000000000000 ) ) ;
#8934 = CARTESIAN_POINT ( 'NONE',  ( 50.00000000000007105, -89.99999999999995737, 6.000000000000000000 ) ) ;
#8935 = FACE_OUTER_BOUND ( 'NONE', #4032, .T. ) ;
#8936 = VERTEX_POINT ( 'NONE', #3368 ) ;
#8937 = CARTESIAN_POINT ( 'NONE',  ( -81.59380834829016749, 34.66662096138772142, 2.000000000000000000 ) ) ;
#8938 = VERTEX_POINT ( 'NONE', #6180 ) ;
#8939 = DIRECTION ( 'NONE',  ( -1.000000000000000000, 0.000000000000000000, 0.000000000000000000 ) ) ;
#8940 = VERTEX_POINT ( 'NONE', #4721 ) ;
#8941 = CARTESIAN_POINT ( 'NONE',  ( 179.9244802719920244, 105.7949132570897888, 6.000000000000000000 ) ) ;
#8942 = VERTEX_POINT ( 'NONE', #8989 ) ;
#8943 = CARTESIAN_POINT ( 'NONE',  ( 68.40619165170984672, -55.33337903861217200, 6.000000000000000000 ) ) ;
#8944 = CARTESIAN_POINT ( 'NONE',  ( -65.33337903861232121, 18.40619165170993199, 4.500000000000019540 ) ) ;
#8945 = DIRECTION ( 'NONE',  ( 0.000000000000000000, 0.000000000000000000, 1.000000000000000000 ) ) ;
#8946 = DIRECTION ( 'NONE',  ( -1.000000000000000000, 0.000000000000000000, 0.000000000000000000 ) ) ;
#8947 = DIRECTION ( 'NONE',  ( 0.7071067811865491270, 0.000000000000000000, 0.7071067811865459074 ) ) ;
#8948 = ORIENTED_EDGE ( 'NONE', *, *, #8798, .T. ) ;
#8949 = ORIENTED_EDGE ( 'NONE', *, *, #5523, .T. ) ;
#8950 = CARTESIAN_POINT ( 'NONE',  ( 62.25000000000012079, 2.775557561562891351E-14, 4.499999999999922728 ) ) ;
#8951 = ORIENTED_EDGE ( 'NONE', *, *, #9026, .T. ) ;
#8952 = ADVANCED_FACE ( 'NONE', ( #6092 ), #3811, .F. ) ;
#8953 = ORIENTED_EDGE ( 'NONE', *, *, #6020, .T. ) ;
#8954 = ORIENTED_EDGE ( 'NONE', *, *, #3848, .F. ) ;
#8955 = EDGE_LOOP ( 'NONE', ( #8215, #383, #3620 ) ) ;
#8956 = LINE ( 'NONE', #6150, #7545 ) ;
#8957 = CARTESIAN_POINT ( 'NONE',  ( 81.47117989404462435, 105.8785180692872387, 2.000000000000000000 ) ) ;
#8958 = ORIENTED_EDGE ( 'NONE', *, *, #4039, .T. ) ;
#8959 = EDGE_LOOP ( 'NONE', ( #4789, #4691, #763, #497 ) ) ;
#8960 = VERTEX_POINT ( 'NONE', #1857 ) ;
#8961 = LINE ( 'NONE', #440, #3451 ) ;
#8962 = CYLINDRICAL_SURFACE ( 'NONE', #1770, 37.75000000000000000 ) ;
#8963 = VERTEX_POINT ( 'NONE', #5356 ) ;
#8964 = LINE ( 'NONE', #2651, #2693 ) ;
#8965 = DIRECTION ( 'NONE',  ( -0.000000000000000000, -0.000000000000000000, 1.000000000000000000 ) ) ;
#8966 = ORIENTED_EDGE ( 'NONE', *, *, #8361, .F. ) ;
#8967 = VERTEX_POINT ( 'NONE', #2592 ) ;
#8968 = CYLINDRICAL_SURFACE ( 'NONE', #6519, 35.24999999999997868 ) ;
#8969 = ADVANCED_FACE ( 'NONE', ( #1158 ), #3737, .T. ) ;
#8970 = DIRECTION ( 'NONE',  ( -0.000000000000000000, -0.000000000000000000, 1.000000000000000000 ) ) ;
#8971 = VECTOR ( 'NONE', #6896, 1000.000000000000000 ) ;
#8972 = EDGE_CURVE ( 'NONE', #5745, #7201, #474, .T. ) ;
#8973 = DIRECTION ( 'NONE',  ( -0.000000000000000000, -0.000000000000000000, -1.000000000000000000 ) ) ;
#8974 = CARTESIAN_POINT ( 'NONE',  ( -173.1577470838595048, 66.84225291614069420, 6.000000000000000000 ) ) ;
#8975 = CARTESIAN_POINT ( 'NONE',  ( -32.35388974366901493, 121.7819183860834755, 4.499999999999929834 ) ) ;
#8976 = CARTESIAN_POINT ( 'NONE',  ( -16.55419968925679086, -32.81037903847211368, 4.499999999999929834 ) ) ;
#8977 = VERTEX_POINT ( 'NONE', #2631 ) ;
#8978 = EDGE_CURVE ( 'NONE', #5367, #9089, #1381, .T. ) ;
#8979 = CYLINDRICAL_SURFACE ( 'NONE', #3722, 1.500000000000001332 ) ;
#8980 = CARTESIAN_POINT ( 'NONE',  ( 32.81037903847204973, 16.55419968925690455, 4.499999999999929834 ) ) ;
#8981 = ORIENTED_EDGE ( 'NONE', *, *, #4145, .T. ) ;
#8982 = ADVANCED_FACE ( 'NONE', ( #2681 ), #498, .T. ) ;
#8983 = AXIS2_PLACEMENT_3D ( 'NONE', #3012, #8759, #2453 ) ;
#8984 = CIRCLE ( 'NONE', #6192, 1.500000000000001332 ) ;
#8985 = DIRECTION ( 'NONE',  ( -0.000000000000000000, 0.000000000000000000, 1.000000000000000000 ) ) ;
#8986 = ORIENTED_EDGE ( 'NONE', *, *, #5671, .F. ) ;
#8987 = DIRECTION ( 'NONE',  ( 1.000000000000000000, 0.000000000000000000, 0.000000000000000000 ) ) ;
#8988 = CARTESIAN_POINT ( 'NONE',  ( 34.12148193071288915, 58.52882010595531881, 4.499999999999936051 ) ) ;
#8989 = CARTESIAN_POINT ( 'NONE',  ( 196.7000000000000171, -124.9999999999999574, 8.673617379884035472E-16 ) ) ;
#8990 = ORIENTED_EDGE ( 'NONE', *, *, #6722, .T. ) ;
#8991 = DIRECTION ( 'NONE',  ( -0.000000000000000000, -0.000000000000000000, -1.000000000000000000 ) ) ;
#8992 = CARTESIAN_POINT ( 'NONE',  ( 135.3095118169259194, -120.9394902502118896, 4.499999999999929834 ) ) ;
#8993 = ORIENTED_EDGE ( 'NONE', *, *, #8311, .F. ) ;
#8994 = CARTESIAN_POINT ( 'NONE',  ( 150.0000000000001137, -89.99999999999998579, 6.000000000000000000 ) ) ;
#8995 = CIRCLE ( 'NONE', #4143, 10.00000000000000178 ) ;
#8996 = ORIENTED_EDGE ( 'NONE', *, *, #2107, .F. ) ;
#8997 = CONICAL_SURFACE ( 'NONE', #8843, 36.75000000000007105, 0.7853981633974482790 ) ;
#8998 = VERTEX_POINT ( 'NONE', #1688 ) ;
#8999 = CIRCLE ( 'NONE', #183, 11.50000000000006573 ) ;
#9000 = DIRECTION ( 'NONE',  ( -1.000000000000000000, 0.000000000000000000, 0.000000000000000000 ) ) ;
#9001 = VECTOR ( 'NONE', #3122, 1000.000000000000000 ) ;
#9002 = CARTESIAN_POINT ( 'NONE',  ( -31.78191838608339381, -17.64611025633112718, 4.499999999999929834 ) ) ;
#9003 = ORIENTED_EDGE ( 'NONE', *, *, #8485, .T. ) ;
#9004 = ORIENTED_EDGE ( 'NONE', *, *, #3961, .T. ) ;
#9005 = DIRECTION ( 'NONE',  ( 1.000000000000000000, 0.000000000000000000, 0.000000000000000000 ) ) ;
#9006 = DIRECTION ( 'NONE',  ( 1.000000000000000000, 0.000000000000000000, 0.000000000000000000 ) ) ;
#9007 = CIRCLE ( 'NONE', #7251, 1.500000000000001332 ) ;
#9008 = VECTOR ( 'NONE', #4390, 1000.000000000000000 ) ;
#9009 = ORIENTED_EDGE ( 'NONE', *, *, #3096, .F. ) ;
#9010 = CIRCLE ( 'NONE', #2108, 37.75000000000000711 ) ;
#9011 = DIRECTION ( 'NONE',  ( -0.000000000000000000, -0.000000000000000000, 1.000000000000000000 ) ) ;
#9012 = CARTESIAN_POINT ( 'NONE',  ( 134.2050867429104528, -119.9244802719919960, 4.499999999999929834 ) ) ;
#9013 = ORIENTED_EDGE ( 'NONE', *, *, #4652, .T. ) ;
#9014 = AXIS2_PLACEMENT_3D ( 'NONE', #5114, #1603, #6584 ) ;
#9015 = VERTEX_POINT ( 'NONE', #7612 ) ;
#9016 = CIRCLE ( 'NONE', #3869, 34.24999999999989342 ) ;
#9017 = CYLINDRICAL_SURFACE ( 'NONE', #4175, 37.75000000000001421 ) ;
#9018 = CIRCLE ( 'NONE', #8720, 36.75000000000005684 ) ;
#9019 = CARTESIAN_POINT ( 'NONE',  ( -16.65821805624492669, -72.29722968529802074, 6.000000000000000000 ) ) ;
#9020 = CIRCLE ( 'NONE', #4464, 1.500000000000001332 ) ;
#9021 = AXIS2_PLACEMENT_3D ( 'NONE', #353, #8176, #6656 ) ;
#9022 = EDGE_CURVE ( 'NONE', #2147, #626, #5494, .T. ) ;
#9023 = DIRECTION ( 'NONE',  ( 1.000000000000000000, -3.700743415417185102E-14, 0.000000000000000000 ) ) ;
#9024 = CARTESIAN_POINT ( 'NONE',  ( 32.81037903847204973, 16.55419968925690455, 4.499999999999929834 ) ) ;
#9025 = CARTESIAN_POINT ( 'NONE',  ( -194.5000000000000000, -124.9999999999999574, 6.000000000000000000 ) ) ;
#9026 = EDGE_CURVE ( 'NONE', #6499, #172, #5656, .T. ) ;
#9027 = EDGE_CURVE ( 'NONE', #6874, #320, #6818, .T. ) ;
#9028 = DIRECTION ( 'NONE',  ( 0.000000000000000000, 0.000000000000000000, 1.000000000000000000 ) ) ;
#9029 = VERTEX_POINT ( 'NONE', #5445 ) ;
#9030 = AXIS2_PLACEMENT_3D ( 'NONE', #1961, #2696, #1405 ) ;
#9031 = DIRECTION ( 'NONE',  ( 0.000000000000000000, -0.000000000000000000, -1.000000000000000000 ) ) ;
#9032 = EDGE_LOOP ( 'NONE', ( #4277, #5775 ) ) ;
#9033 = CARTESIAN_POINT ( 'NONE',  ( -164.6904881830743363, 59.06050974978819568, 6.000000000000000000 ) ) ;
#9034 = ORIENTED_EDGE ( 'NONE', *, *, #4596, .T. ) ;
#9035 = ADVANCED_FACE ( 'NONE', ( #1999 ), #4505, .T. ) ;
#9036 = CARTESIAN_POINT ( 'NONE',  ( -133.3417819437550520, -17.70277031470188689, 4.500000000000019540 ) ) ;
#9037 = AXIS2_PLACEMENT_3D ( 'NONE', #2219, #6462, #3693 ) ;
#9038 = VERTEX_POINT ( 'NONE', #8302 ) ;
#9039 = CYLINDRICAL_SURFACE ( 'NONE', #3717, 9.999999999999994671 ) ;
#9040 = DIRECTION ( 'NONE',  ( 1.000000000000000000, 0.000000000000000000, 0.000000000000000000 ) ) ;
#9041 = CYLINDRICAL_SURFACE ( 'NONE', #7415, 10.00000000000000888 ) ;
#9042 = EDGE_CURVE ( 'NONE', #502, #6952, #8165, .T. ) ;
#9043 = LINE ( 'NONE', #5543, #3483 ) ;
#9044 = EDGE_CURVE ( 'NONE', #8938, #7734, #800, .T. ) ;
#9045 = FACE_OUTER_BOUND ( 'NONE', #4782, .T. ) ;
#9046 = VERTEX_POINT ( 'NONE', #4681 ) ;
#9047 = CARTESIAN_POINT ( 'NONE',  ( -135.3095118169258342, -59.06050974978805357, 6.000000000000000000 ) ) ;
#9048 = AXIS2_PLACEMENT_3D ( 'NONE', #5258, #380, #4478 ) ;
#9049 = ORIENTED_EDGE ( 'NONE', *, *, #541, .T. ) ;
#9050 = ORIENTED_EDGE ( 'NONE', *, *, #3067, .F. ) ;
#9051 = LINE ( 'NONE', #3569, #6925 ) ;
#9052 = DIRECTION ( 'NONE',  ( 0.000000000000000000, -0.000000000000000000, -1.000000000000000000 ) ) ;
#9053 = VECTOR ( 'NONE', #8692, 1000.000000000000000 ) ;
#9054 = CARTESIAN_POINT ( 'NONE',  ( 0.000000000000000000, -124.9999999999999574, 6.000000000000000000 ) ) ;
#9055 = VERTEX_POINT ( 'NONE', #1200 ) ;
#9056 = ORIENTED_EDGE ( 'NONE', *, *, #6716, .F. ) ;
#9057 = EDGE_LOOP ( 'NONE', ( #5930, #3224, #5178, #6532 ) ) ;
#9058 = DIRECTION ( 'NONE',  ( 1.000000000000000000, 0.000000000000000000, 0.000000000000000000 ) ) ;
#9059 = CARTESIAN_POINT ( 'NONE',  ( -13.30671901020783210, -63.30671901020773618, 4.500000000000033751 ) ) ;
#9060 = AXIS2_PLACEMENT_3D ( 'NONE', #2415, #888, #3710 ) ;
#9061 = EDGE_LOOP ( 'NONE', ( #1314, #3291, #4259, #4888, #8226, #2245 ) ) ;
#9062 = CIRCLE ( 'NONE', #1406, 35.24999999999997868 ) ;
#9063 = CARTESIAN_POINT ( 'NONE',  ( -17.24999999999997513, 90.00000000000000000, 0.000000000000000000 ) ) ;
#9064 = CARTESIAN_POINT ( 'NONE',  ( 50.00000000000000000, 90.00000000000000000, 4.499999999999936051 ) ) ;
#9065 = APPLICATION_CONTEXT ( 'automotive_design' ) ;
#9066 = ORIENTED_EDGE ( 'NONE', *, *, #6455, .T. ) ;
#9067 = EDGE_LOOP ( 'NONE', ( #5589, #3058 ) ) ;
#9068 = CIRCLE ( 'NONE', #5100, 9.999999999999994671 ) ;
#9069 = ORIENTED_EDGE ( 'NONE', *, *, #6601, .F. ) ;
#9070 = CARTESIAN_POINT ( 'NONE',  ( 82.75000000000001421, 90.00000000000000000, 2.000000000000000000 ) ) ;
#9071 = CARTESIAN_POINT ( 'NONE',  ( -135.9528908614397551, 119.5844760786697094, 6.000000000000000000 ) ) ;
#9072 = CIRCLE ( 'NONE', #3321, 11.50000000000008704 ) ;
#9073 = EDGE_CURVE ( 'NONE', #1461, #2530, #5509, .T. ) ;
#9074 = ORIENTED_EDGE ( 'NONE', *, *, #8978, .T. ) ;
#9075 = LINE ( 'NONE', #2763, #4756 ) ;
#9076 = LINE ( 'NONE', #4707, #5669 ) ;
#9077 = FACE_OUTER_BOUND ( 'NONE', #4082, .T. ) ;
#9078 = DIRECTION ( 'NONE',  ( -1.000000000000000000, 0.000000000000000000, 0.000000000000000000 ) ) ;
#9079 = VERTEX_POINT ( 'NONE', #6911 ) ;
#9080 = AXIS2_PLACEMENT_3D ( 'NONE', #7413, #8693, #5977 ) ;
#9081 = DIRECTION ( 'NONE',  ( -0.000000000000000000, 0.000000000000000000, 1.000000000000000000 ) ) ;
#9082 = ORIENTED_EDGE ( 'NONE', *, *, #6943, .T. ) ;
#9083 = LINE ( 'NONE', #4890, #8701 ) ;
#9084 = CARTESIAN_POINT ( 'NONE',  ( 34.12148193071288915, 58.52882010595531881, 4.499999999999936051 ) ) ;
#9085 = CARTESIAN_POINT ( 'NONE',  ( 150.0000000000001137, -89.99999999999998579, 6.000000000000000000 ) ) ;
#9086 = CARTESIAN_POINT ( 'NONE',  ( 196.7000000000000171, 125.0000000000000568, 6.000000000000000000 ) ) ;
#9087 = DIRECTION ( 'NONE',  ( -1.000000000000000000, 0.000000000000000000, 0.000000000000000000 ) ) ;
#9088 = CARTESIAN_POINT ( 'NONE',  ( -84.66662096138759352, -108.4061916517099320, 6.000000000000000000 ) ) ;
#9089 = VERTEX_POINT ( 'NONE', #606 ) ;
#9090 = ORIENTED_EDGE ( 'NONE', *, *, #1137, .F. ) ;
#9091 = DIRECTION ( 'NONE',  ( -0.000000000000000000, -0.000000000000000000, -1.000000000000000000 ) ) ;
#9092 = EDGE_CURVE ( 'NONE', #5182, #2330, #4337, .T. ) ;
#9093 = EDGE_CURVE ( 'NONE', #853, #7252, #6371, .T. ) ;
#9094 = CARTESIAN_POINT ( 'NONE',  ( 200.0000000000000000, 125.0000000000000568, 8.673617379884035472E-16 ) ) ;
#9095 = VERTEX_POINT ( 'NONE', #2731 ) ;
#9096 = ADVANCED_FACE ( 'NONE', ( #5686 ), #7865, .T. ) ;
#9097 = ORIENTED_EDGE ( 'NONE', *, *, #8523, .T. ) ;
#9098 = FACE_OUTER_BOUND ( 'NONE', #293, .T. ) ;
#9099 = CARTESIAN_POINT ( 'NONE',  ( -16.83337903861228213, -71.59380834828998275, 4.500000000000033751 ) ) ;
#9100 = CARTESIAN_POINT ( 'NONE',  ( -100.0000000000000000, 0.000000000000000000, 0.000000000000000000 ) ) ;
#9101 = ORIENTED_EDGE ( 'NONE', *, *, #6940, .T. ) ;
#9102 = EDGE_LOOP ( 'NONE', ( #48, #247, #1153, #7204 ) ) ;
#9103 = CARTESIAN_POINT ( 'NONE',  ( 50.00000000000000000, 90.00000000000000000, 6.000000000000000000 ) ) ;
#9104 = CARTESIAN_POINT ( 'NONE',  ( -180.9394902502118043, -104.6904881830742937, 4.499999999999950262 ) ) ;
#9105 = EDGE_CURVE ( 'NONE', #6242, #4663, #71, .T. ) ;
ENDSEC;
END-ISO-10303-21;
